condition,family,level,image,gt_index,class,size,detected,confidence
baseline,none,0.0,000000000036.jpg,0,person,large,True,0.8989836573600769
baseline,none,0.0,000000000049.jpg,0,person,medium,True,0.26551830768585205
baseline,none,0.0,000000000049.jpg,1,person,medium,False,
baseline,none,0.0,000000000049.jpg,2,person,small,True,0.44329336285591125
baseline,none,0.0,000000000049.jpg,3,person,small,True,0.572652280330658
baseline,none,0.0,000000000049.jpg,4,person,small,True,0.5077682137489319
baseline,none,0.0,000000000049.jpg,5,person,small,False,
baseline,none,0.0,000000000061.jpg,0,person,medium,True,0.562288224697113
baseline,none,0.0,000000000061.jpg,1,person,medium,False,
baseline,none,0.0,000000000061.jpg,2,person,medium,False,
baseline,none,0.0,000000000064.jpg,0,car,large,True,0.750669538974762
baseline,none,0.0,000000000064.jpg,1,truck,medium,False,
baseline,none,0.0,000000000071.jpg,0,car,small,False,
baseline,none,0.0,000000000071.jpg,1,car,small,False,
baseline,none,0.0,000000000071.jpg,2,car,small,False,
baseline,none,0.0,000000000071.jpg,3,car,small,True,0.6921453475952148
baseline,none,0.0,000000000071.jpg,4,car,small,False,
baseline,none,0.0,000000000071.jpg,5,car,small,False,
baseline,none,0.0,000000000071.jpg,6,truck,small,False,
baseline,none,0.0,000000000071.jpg,7,truck,small,False,
baseline,none,0.0,000000000071.jpg,8,car,small,True,0.477792352437973
baseline,none,0.0,000000000071.jpg,9,car,small,False,
baseline,none,0.0,000000000071.jpg,10,car,small,False,
baseline,none,0.0,000000000071.jpg,11,car,small,False,
baseline,none,0.0,000000000071.jpg,12,car,small,False,
baseline,none,0.0,000000000071.jpg,13,car,small,False,
baseline,none,0.0,000000000071.jpg,14,car,small,False,
baseline,none,0.0,000000000073.jpg,0,motorcycle,large,True,0.8619808554649353
baseline,none,0.0,000000000073.jpg,1,motorcycle,large,False,
baseline,none,0.0,000000000074.jpg,0,bicycle,large,True,0.8507432341575623
baseline,none,0.0,000000000074.jpg,1,person,medium,True,0.28748819231987
baseline,none,0.0,000000000074.jpg,2,person,small,False,
baseline,none,0.0,000000000074.jpg,3,person,small,True,0.28777122497558594
baseline,none,0.0,000000000074.jpg,4,person,medium,True,0.35021647810935974
baseline,none,0.0,000000000074.jpg,5,person,small,True,0.3045520484447479
baseline,none,0.0,000000000074.jpg,6,person,small,False,
baseline,none,0.0,000000000077.jpg,0,person,large,True,0.6500639319419861
baseline,none,0.0,000000000077.jpg,1,person,medium,True,0.8435595035552979
baseline,none,0.0,000000000077.jpg,2,person,large,True,0.8947356939315796
baseline,none,0.0,000000000077.jpg,3,person,medium,True,0.46158427000045776
baseline,none,0.0,000000000077.jpg,4,person,medium,False,
baseline,none,0.0,000000000086.jpg,0,person,large,True,0.8094324469566345
baseline,none,0.0,000000000086.jpg,1,motorcycle,large,True,0.4113369286060333
baseline,none,0.0,000000000094.jpg,0,car,medium,True,0.8956061601638794
baseline,none,0.0,000000000094.jpg,1,truck,medium,True,0.33564817905426025
baseline,none,0.0,000000000109.jpg,0,person,small,True,0.7310022711753845
baseline,none,0.0,000000000109.jpg,1,person,small,True,0.6410802602767944
baseline,none,0.0,000000000109.jpg,2,person,small,False,
baseline,none,0.0,000000000109.jpg,3,person,small,False,
baseline,none,0.0,000000000109.jpg,4,person,small,True,0.28586262464523315
baseline,none,0.0,000000000110.jpg,0,person,large,True,0.8682319521903992
baseline,none,0.0,000000000110.jpg,1,person,large,True,0.9125440716743469
baseline,none,0.0,000000000110.jpg,2,person,large,True,0.8636966347694397
baseline,none,0.0,000000000110.jpg,3,person,medium,False,
baseline,none,0.0,000000000110.jpg,4,person,medium,True,0.3990613520145416
baseline,none,0.0,000000000110.jpg,5,person,large,True,0.8091354370117188
baseline,none,0.0,000000000110.jpg,6,person,medium,True,0.40190625190734863
baseline,none,0.0,000000000110.jpg,7,person,medium,True,0.33511972427368164
baseline,none,0.0,000000000110.jpg,8,person,small,False,
baseline,none,0.0,000000000110.jpg,9,person,medium,True,0.8361240029335022
baseline,none,0.0,000000000113.jpg,0,person,large,True,0.8727400302886963
baseline,none,0.0,000000000113.jpg,1,person,large,True,0.8510133624076843
baseline,none,0.0,000000000113.jpg,2,person,large,True,0.8639700412750244
baseline,none,0.0,000000000127.jpg,0,person,small,False,
baseline,none,0.0,000000000136.jpg,0,person,large,True,0.5416972637176514
baseline,none,0.0,000000000136.jpg,1,person,large,True,0.7577779293060303
baseline,none,0.0,000000000149.jpg,0,person,small,False,
baseline,none,0.0,000000000149.jpg,1,person,small,False,
baseline,none,0.0,000000000149.jpg,2,person,small,False,
baseline,none,0.0,000000000149.jpg,3,person,small,False,
baseline,none,0.0,000000000149.jpg,4,person,small,False,
baseline,none,0.0,000000000149.jpg,5,person,small,False,
baseline,none,0.0,000000000149.jpg,6,car,small,False,
baseline,none,0.0,000000000149.jpg,7,car,small,False,
baseline,none,0.0,000000000149.jpg,8,car,small,False,
baseline,none,0.0,000000000149.jpg,9,car,small,False,
baseline,none,0.0,000000000149.jpg,10,person,small,False,
baseline,none,0.0,000000000149.jpg,11,person,small,False,
baseline,none,0.0,000000000149.jpg,12,person,small,False,
baseline,none,0.0,000000000149.jpg,13,person,small,True,0.2754193842411041
baseline,none,0.0,000000000149.jpg,14,person,small,True,0.35881784558296204
baseline,none,0.0,000000000149.jpg,15,person,small,False,
baseline,none,0.0,000000000151.jpg,0,person,medium,False,
baseline,none,0.0,000000000165.jpg,0,person,large,True,0.8668394088745117
baseline,none,0.0,000000000165.jpg,1,person,large,True,0.7615895867347717
baseline,none,0.0,000000000192.jpg,0,person,large,True,0.8921063542366028
baseline,none,0.0,000000000192.jpg,1,person,large,True,0.8548896312713623
baseline,none,0.0,000000000192.jpg,2,person,medium,True,0.8765536546707153
baseline,none,0.0,000000000192.jpg,3,person,large,True,0.905917763710022
baseline,none,0.0,000000000201.jpg,0,person,small,True,0.6065150499343872
baseline,none,0.0,000000000201.jpg,1,person,small,True,0.5231412649154663
baseline,none,0.0,000000000241.jpg,0,person,large,True,0.8659916520118713
baseline,none,0.0,000000000241.jpg,1,person,large,True,0.9041929841041565
baseline,none,0.0,000000000241.jpg,2,person,large,True,0.8192623257637024
baseline,none,0.0,000000000241.jpg,3,person,medium,False,
baseline,none,0.0,000000000241.jpg,4,person,large,False,
baseline,none,0.0,000000000247.jpg,0,car,medium,True,0.7923253774642944
baseline,none,0.0,000000000247.jpg,1,car,small,False,
baseline,none,0.0,000000000247.jpg,2,car,small,False,
baseline,none,0.0,000000000247.jpg,3,car,small,False,
baseline,none,0.0,000000000247.jpg,4,car,small,False,
baseline,none,0.0,000000000247.jpg,5,car,small,False,
baseline,none,0.0,000000000257.jpg,0,traffic light,small,False,
baseline,none,0.0,000000000257.jpg,1,traffic light,small,False,
baseline,none,0.0,000000000257.jpg,2,truck,large,True,0.6391980051994324
baseline,none,0.0,000000000257.jpg,3,truck,medium,False,
baseline,none,0.0,000000000257.jpg,4,person,large,True,0.5990273356437683
baseline,none,0.0,000000000257.jpg,5,person,medium,True,0.617523193359375
baseline,none,0.0,000000000257.jpg,6,person,medium,True,0.33593234419822693
baseline,none,0.0,000000000257.jpg,7,person,medium,True,0.5762026906013489
baseline,none,0.0,000000000257.jpg,8,person,medium,True,0.5103476643562317
baseline,none,0.0,000000000257.jpg,9,person,small,True,0.27265939116477966
baseline,none,0.0,000000000257.jpg,10,person,small,False,
baseline,none,0.0,000000000257.jpg,11,person,medium,True,0.5995337963104248
baseline,none,0.0,000000000257.jpg,12,person,small,True,0.703441858291626
baseline,none,0.0,000000000257.jpg,13,person,small,True,0.5162767767906189
baseline,none,0.0,000000000257.jpg,14,person,medium,False,
baseline,none,0.0,000000000257.jpg,15,traffic light,small,False,
baseline,none,0.0,000000000257.jpg,16,traffic light,small,False,
baseline,none,0.0,000000000257.jpg,17,traffic light,small,False,
baseline,none,0.0,000000000257.jpg,18,person,small,True,0.366775780916214
baseline,none,0.0,000000000257.jpg,19,truck,large,True,0.4753538966178894
baseline,none,0.0,000000000257.jpg,20,truck,medium,False,
baseline,none,0.0,000000000257.jpg,21,truck,small,False,
baseline,none,0.0,000000000257.jpg,22,traffic light,small,False,
baseline,none,0.0,000000000257.jpg,23,person,small,True,0.33270612359046936
baseline,none,0.0,000000000257.jpg,24,traffic light,small,False,
baseline,none,0.0,000000000257.jpg,25,traffic light,small,False,
baseline,none,0.0,000000000257.jpg,26,traffic light,small,False,
baseline,none,0.0,000000000260.jpg,0,bus,large,True,0.6036717295646667
baseline,none,0.0,000000000260.jpg,1,person,medium,True,0.8615484833717346
baseline,none,0.0,000000000260.jpg,2,person,small,False,
baseline,none,0.0,000000000260.jpg,3,car,small,True,0.6660776138305664
baseline,none,0.0,000000000294.jpg,0,person,large,True,0.9120093584060669
baseline,none,0.0,000000000307.jpg,0,car,small,True,0.625704824924469
baseline,none,0.0,000000000308.jpg,0,person,large,True,0.84679114818573
baseline,none,0.0,000000000308.jpg,1,person,large,True,0.9032245874404907
baseline,none,0.0,000000000308.jpg,2,person,large,True,0.49240779876708984
baseline,none,0.0,000000000308.jpg,3,person,medium,True,0.6134392619132996
baseline,none,0.0,000000000308.jpg,4,person,large,True,0.9261319637298584
baseline,none,0.0,000000000308.jpg,5,person,large,False,
baseline,none,0.0,000000000308.jpg,6,person,medium,True,0.5131978988647461
baseline,none,0.0,000000000315.jpg,0,person,large,True,0.750251293182373
baseline,none,0.0,000000000315.jpg,1,person,medium,True,0.7384154200553894
baseline,none,0.0,000000000315.jpg,2,person,large,True,0.47608044743537903
baseline,none,0.0,000000000315.jpg,3,person,medium,False,
baseline,none,0.0,000000000315.jpg,4,person,medium,False,
baseline,none,0.0,000000000315.jpg,5,person,medium,False,
baseline,none,0.0,000000000315.jpg,6,person,small,False,
baseline,none,0.0,000000000315.jpg,7,person,medium,False,
baseline,none,0.0,000000000315.jpg,8,person,small,False,
baseline,none,0.0,000000000315.jpg,9,person,small,False,
baseline,none,0.0,000000000315.jpg,10,person,medium,True,0.30599382519721985
baseline,none,0.0,000000000315.jpg,11,person,small,False,
baseline,none,0.0,000000000315.jpg,12,person,small,False,
baseline,none,0.0,000000000322.jpg,0,person,large,True,0.9200243353843689
baseline,none,0.0,000000000326.jpg,0,person,large,True,0.7502613663673401
baseline,none,0.0,000000000328.jpg,0,person,large,True,0.8672482371330261
baseline,none,0.0,000000000328.jpg,1,person,large,True,0.8925081491470337
baseline,none,0.0,000000000328.jpg,2,person,large,True,0.856859564781189
baseline,none,0.0,000000000328.jpg,3,car,medium,False,
baseline,none,0.0,000000000338.jpg,0,person,large,True,0.8618056178092957
baseline,none,0.0,000000000338.jpg,1,person,medium,True,0.8863313794136047
baseline,none,0.0,000000000357.jpg,0,person,small,True,0.5104910135269165
baseline,none,0.0,000000000357.jpg,1,person,small,True,0.6374303102493286
baseline,none,0.0,000000000357.jpg,2,person,small,True,0.8689160943031311
baseline,none,0.0,000000000357.jpg,3,person,small,True,0.79814213514328
baseline,none,0.0,000000000357.jpg,4,person,medium,True,0.8474096655845642
baseline,none,0.0,000000000357.jpg,5,person,small,True,0.7010626196861267
baseline,none,0.0,000000000357.jpg,6,person,medium,True,0.8767480850219727
baseline,none,0.0,000000000357.jpg,7,person,small,False,
baseline,none,0.0,000000000357.jpg,8,person,small,False,
baseline,none,0.0,000000000357.jpg,9,person,small,False,
baseline,none,0.0,000000000357.jpg,10,person,small,True,0.30542880296707153
baseline,none,0.0,000000000357.jpg,11,person,small,False,
baseline,none,0.0,000000000357.jpg,12,person,small,False,
baseline,none,0.0,000000000359.jpg,0,traffic light,medium,True,0.599441647529602
baseline,none,0.0,000000000359.jpg,1,traffic light,medium,True,0.39328375458717346
baseline,none,0.0,000000000359.jpg,2,traffic light,small,False,
baseline,none,0.0,000000000359.jpg,3,car,medium,True,0.6259047389030457
baseline,none,0.0,000000000360.jpg,0,person,medium,False,
baseline,none,0.0,000000000360.jpg,1,person,small,False,
baseline,none,0.0,000000000368.jpg,0,person,large,True,0.6518009901046753
baseline,none,0.0,000000000368.jpg,1,person,medium,True,0.47409379482269287
baseline,none,0.0,000000000368.jpg,2,person,medium,False,
baseline,none,0.0,000000000368.jpg,3,person,medium,True,0.4206623435020447
baseline,none,0.0,000000000368.jpg,4,person,medium,True,0.6224308609962463
baseline,none,0.0,000000000368.jpg,5,person,medium,False,
baseline,none,0.0,000000000368.jpg,6,person,large,False,
baseline,none,0.0,000000000368.jpg,7,person,medium,False,
baseline,none,0.0,000000000368.jpg,8,person,medium,True,0.4687756896018982
baseline,none,0.0,000000000368.jpg,9,person,medium,True,0.393086701631546
baseline,none,0.0,000000000368.jpg,10,person,small,False,
baseline,none,0.0,000000000368.jpg,11,person,medium,True,0.6902002096176147
baseline,none,0.0,000000000370.jpg,0,person,large,True,0.8554076552391052
baseline,none,0.0,000000000382.jpg,0,person,medium,True,0.8493642210960388
baseline,none,0.0,000000000389.jpg,0,person,large,True,0.9141032695770264
baseline,none,0.0,000000000389.jpg,1,person,large,True,0.8579193353652954
baseline,none,0.0,000000000389.jpg,2,person,large,True,0.639259397983551
baseline,none,0.0,000000000389.jpg,3,person,medium,False,
baseline,none,0.0,000000000389.jpg,4,person,small,False,
baseline,none,0.0,000000000389.jpg,5,person,medium,True,0.6256240010261536
baseline,none,0.0,000000000389.jpg,6,person,medium,False,
baseline,none,0.0,000000000389.jpg,7,person,small,False,
baseline,none,0.0,000000000389.jpg,8,person,medium,True,0.7725867629051208
baseline,none,0.0,000000000389.jpg,9,person,large,True,0.8890423774719238
baseline,none,0.0,000000000389.jpg,10,person,small,False,
baseline,none,0.0,000000000389.jpg,11,person,large,False,
baseline,none,0.0,000000000395.jpg,0,person,large,True,0.8664879202842712
baseline,none,0.0,000000000395.jpg,1,person,large,True,0.8917481303215027
baseline,none,0.0,000000000395.jpg,2,person,large,True,0.8162497878074646
baseline,none,0.0,000000000395.jpg,3,person,large,True,0.6657624244689941
baseline,none,0.0,000000000395.jpg,4,person,medium,False,
baseline,none,0.0,000000000395.jpg,5,person,medium,True,0.43173789978027344
baseline,none,0.0,000000000395.jpg,6,person,medium,False,
baseline,none,0.0,000000000395.jpg,7,person,medium,False,
baseline,none,0.0,000000000395.jpg,8,person,medium,False,
baseline,none,0.0,000000000395.jpg,9,person,medium,False,
baseline,none,0.0,000000000395.jpg,10,person,medium,True,0.393159955739975
baseline,none,0.0,000000000397.jpg,0,person,large,False,
baseline,none,0.0,000000000415.jpg,0,person,large,True,0.935611367225647
baseline,none,0.0,000000000419.jpg,0,person,medium,True,0.7803611755371094
baseline,none,0.0,000000000419.jpg,1,person,large,True,0.9085336923599243
baseline,none,0.0,000000000419.jpg,2,car,small,False,
baseline,none,0.0,000000000419.jpg,3,car,small,False,
baseline,none,0.0,000000000419.jpg,4,car,small,False,
baseline,none,0.0,000000000428.jpg,0,person,large,True,0.947297990322113
baseline,none,0.0,000000000431.jpg,0,person,large,True,0.9091227054595947
baseline,none,0.0,000000000436.jpg,0,person,large,True,0.8902356624603271
baseline,none,0.0,000000000443.jpg,0,person,large,False,
baseline,none,0.0,000000000443.jpg,1,person,large,True,0.330349862575531
baseline,none,0.0,000000000443.jpg,2,person,large,False,
baseline,none,0.0,000000000446.jpg,0,person,large,True,0.8831961750984192
baseline,none,0.0,000000000459.jpg,0,person,large,True,0.9290262460708618
baseline,none,0.0,000000000471.jpg,0,bus,large,True,0.9449127912521362
baseline,none,0.0,000000000471.jpg,1,person,small,False,
baseline,none,0.0,000000000474.jpg,0,person,large,True,0.8637233972549438
baseline,none,0.0,000000000488.jpg,0,person,large,True,0.8717701435089111
baseline,none,0.0,000000000488.jpg,1,person,large,True,0.8636109232902527
baseline,none,0.0,000000000488.jpg,2,person,medium,True,0.2772110402584076
baseline,none,0.0,000000000488.jpg,3,person,medium,True,0.8442980051040649
baseline,none,0.0,000000000488.jpg,4,person,large,True,0.8793111443519592
baseline,none,0.0,000000000488.jpg,5,person,small,False,
baseline,none,0.0,000000000510.jpg,0,person,large,True,0.9255787134170532
baseline,none,0.0,000000000510.jpg,1,traffic light,medium,False,
baseline,none,0.0,000000000520.jpg,0,person,small,True,0.4465600848197937
baseline,none,0.0,000000000520.jpg,1,person,small,False,
baseline,none,0.0,000000000520.jpg,2,person,small,False,
baseline,none,0.0,000000000529.jpg,0,motorcycle,large,True,0.8888077735900879
baseline,none,0.0,000000000529.jpg,1,person,large,True,0.8164982199668884
baseline,none,0.0,000000000529.jpg,2,person,large,False,
baseline,none,0.0,000000000531.jpg,0,bicycle,small,False,
baseline,none,0.0,000000000531.jpg,1,person,medium,True,0.8495144844055176
baseline,none,0.0,000000000531.jpg,2,bicycle,small,False,
baseline,none,0.0,000000000531.jpg,3,person,medium,True,0.8100408315658569
baseline,none,0.0,000000000531.jpg,4,person,small,True,0.4640137851238251
baseline,none,0.0,000000000531.jpg,5,person,small,True,0.5861595869064331
baseline,none,0.0,000000000531.jpg,6,person,small,True,0.5577508807182312
baseline,none,0.0,000000000531.jpg,7,person,small,True,0.4839053750038147
baseline,none,0.0,000000000531.jpg,8,person,small,False,
baseline,none,0.0,000000000531.jpg,9,person,small,True,0.6547876000404358
baseline,none,0.0,000000000531.jpg,10,bicycle,small,False,
baseline,none,0.0,000000000532.jpg,0,bus,large,True,0.7990559935569763
baseline,none,0.0,000000000532.jpg,1,person,medium,True,0.8562933206558228
baseline,none,0.0,000000000532.jpg,2,person,medium,True,0.8798665404319763
baseline,none,0.0,000000000532.jpg,3,person,small,False,
baseline,none,0.0,000000000532.jpg,4,person,small,False,
baseline,none,0.0,000000000532.jpg,5,bus,large,True,0.5834740996360779
baseline,none,0.0,000000000536.jpg,0,person,large,True,0.9359226226806641
baseline,none,0.0,000000000536.jpg,1,person,large,True,0.8887755274772644
baseline,none,0.0,000000000536.jpg,2,person,large,True,0.8878554105758667
baseline,none,0.0,000000000540.jpg,0,car,small,False,
baseline,none,0.0,000000000540.jpg,1,car,small,False,
baseline,none,0.0,000000000540.jpg,2,car,small,False,
baseline,none,0.0,000000000540.jpg,3,car,small,False,
baseline,none,0.0,000000000540.jpg,4,truck,small,False,
baseline,none,0.0,000000000540.jpg,5,traffic light,small,False,
baseline,none,0.0,000000000540.jpg,6,car,small,False,
baseline,none,0.0,000000000540.jpg,7,car,small,False,
baseline,none,0.0,000000000540.jpg,8,car,small,False,
baseline,none,0.0,000000000540.jpg,9,car,small,False,
baseline,none,0.0,000000000540.jpg,10,car,small,False,
baseline,none,0.0,000000000540.jpg,11,car,small,False,
baseline,none,0.0,000000000540.jpg,12,car,small,False,
baseline,none,0.0,000000000540.jpg,13,car,small,False,
baseline,none,0.0,000000000540.jpg,14,bus,small,False,
baseline,none,0.0,000000000540.jpg,15,truck,small,False,
baseline,none,0.0,000000000540.jpg,16,car,small,False,
baseline,none,0.0,000000000540.jpg,17,bus,small,False,
baseline,none,0.0,000000000540.jpg,18,truck,small,False,
baseline,none,0.0,000000000542.jpg,0,person,large,True,0.823231041431427
baseline,none,0.0,000000000542.jpg,1,person,medium,True,0.7489959597587585
baseline,none,0.0,000000000542.jpg,2,person,medium,True,0.8015817403793335
baseline,none,0.0,000000000542.jpg,3,person,medium,True,0.6478044390678406
baseline,none,0.0,000000000542.jpg,4,person,medium,True,0.7029988169670105
baseline,none,0.0,000000000542.jpg,5,person,medium,True,0.2778647243976593
baseline,none,0.0,000000000542.jpg,6,person,medium,True,0.7175906896591187
baseline,none,0.0,000000000542.jpg,7,person,medium,True,0.25056520104408264
baseline,none,0.0,000000000542.jpg,8,person,medium,True,0.3578498363494873
baseline,none,0.0,000000000542.jpg,9,person,medium,True,0.558316171169281
baseline,none,0.0,000000000542.jpg,10,person,small,False,
baseline,none,0.0,000000000542.jpg,11,person,medium,False,
baseline,none,0.0,000000000544.jpg,0,person,large,True,0.9014448523521423
baseline,none,0.0,000000000544.jpg,1,person,large,True,0.8954171538352966
baseline,none,0.0,000000000544.jpg,2,person,large,True,0.8971331119537354
baseline,none,0.0,000000000544.jpg,3,person,medium,False,
baseline,none,0.0,000000000544.jpg,4,person,medium,True,0.2809176743030548
baseline,none,0.0,000000000544.jpg,5,person,small,True,0.4093858599662781
baseline,none,0.0,000000000544.jpg,6,person,medium,True,0.4506966173648834
baseline,none,0.0,000000000544.jpg,7,person,medium,True,0.26050299406051636
baseline,none,0.0,000000000544.jpg,8,person,small,False,
baseline,none,0.0,000000000544.jpg,9,person,medium,True,0.5384555459022522
baseline,none,0.0,000000000544.jpg,10,person,small,False,
baseline,none,0.0,000000000544.jpg,11,person,medium,True,0.3180716037750244
baseline,none,0.0,000000000544.jpg,12,person,small,False,
baseline,none,0.0,000000000564.jpg,0,person,large,True,0.8842021822929382
baseline,none,0.0,000000000564.jpg,1,person,medium,True,0.4838411808013916
baseline,none,0.0,000000000569.jpg,0,person,large,True,0.8688101768493652
baseline,none,0.0,000000000572.jpg,0,person,large,True,0.8524152040481567
baseline,none,0.0,000000000572.jpg,1,person,large,True,0.7852007150650024
baseline,none,0.0,000000000589.jpg,0,person,large,True,0.9129785895347595
baseline,none,0.0,000000000623.jpg,0,person,large,True,0.5962003469467163
baseline,none,0.0,000000000625.jpg,0,person,large,True,0.9036126732826233
baseline,none,0.0,000000000625.jpg,1,person,large,True,0.9179075360298157
baseline,none,0.0,000000000625.jpg,2,person,large,True,0.9023194909095764
baseline,none,0.0,000000000629.jpg,0,motorcycle,large,True,0.9349837899208069
baseline,none,0.0,000000000634.jpg,0,person,large,True,0.9106317758560181
baseline,none,0.0,000000000634.jpg,1,person,small,True,0.4569986164569855
baseline,none,0.0,000000000634.jpg,2,person,large,True,0.7940301895141602
baseline,none,0.0,000000000634.jpg,3,person,small,True,0.559569776058197
baseline,none,0.0,000000000634.jpg,4,person,small,True,0.6972839832305908
baseline,none,0.0,000000000641.jpg,0,bicycle,medium,False,
baseline,none,0.0,000000000641.jpg,1,bicycle,small,False,
baseline,none,0.0,000000000641.jpg,2,bus,large,True,0.9300557374954224
baseline,none,0.0,000000000641.jpg,3,person,small,False,
baseline,none,0.0,000000000641.jpg,4,person,small,True,0.29818353056907654
baseline,none,0.0,000000000641.jpg,5,person,small,False,
baseline,none,0.0,000000000641.jpg,6,person,small,False,
baseline,none,0.0,000000000641.jpg,7,person,small,False,
baseline,none,0.0,000000000641.jpg,8,person,small,False,
baseline,none,0.0,000000000641.jpg,9,person,small,False,
baseline,none,0.0,000000000641.jpg,10,person,small,False,
baseline,none,0.0,000000000641.jpg,11,person,small,False,
baseline,none,0.0,000000000650.jpg,0,car,large,True,0.6373463273048401
blur_5px,motion_blur,5.0,000000000036.jpg,0,person,large,True,0.8862098455429077
blur_5px,motion_blur,5.0,000000000049.jpg,0,person,medium,False,
blur_5px,motion_blur,5.0,000000000049.jpg,1,person,medium,False,
blur_5px,motion_blur,5.0,000000000049.jpg,2,person,small,False,
blur_5px,motion_blur,5.0,000000000049.jpg,3,person,small,False,
blur_5px,motion_blur,5.0,000000000049.jpg,4,person,small,False,
blur_5px,motion_blur,5.0,000000000049.jpg,5,person,small,False,
blur_5px,motion_blur,5.0,000000000061.jpg,0,person,medium,True,0.6298792362213135
blur_5px,motion_blur,5.0,000000000061.jpg,1,person,medium,False,
blur_5px,motion_blur,5.0,000000000061.jpg,2,person,medium,False,
blur_5px,motion_blur,5.0,000000000064.jpg,0,car,large,True,0.7480558753013611
blur_5px,motion_blur,5.0,000000000064.jpg,1,truck,medium,False,
blur_5px,motion_blur,5.0,000000000071.jpg,0,car,small,False,
blur_5px,motion_blur,5.0,000000000071.jpg,1,car,small,False,
blur_5px,motion_blur,5.0,000000000071.jpg,2,car,small,False,
blur_5px,motion_blur,5.0,000000000071.jpg,3,car,small,True,0.6226596832275391
blur_5px,motion_blur,5.0,000000000071.jpg,4,car,small,False,
blur_5px,motion_blur,5.0,000000000071.jpg,5,car,small,False,
blur_5px,motion_blur,5.0,000000000071.jpg,6,truck,small,False,
blur_5px,motion_blur,5.0,000000000071.jpg,7,truck,small,False,
blur_5px,motion_blur,5.0,000000000071.jpg,8,car,small,False,
blur_5px,motion_blur,5.0,000000000071.jpg,9,car,small,False,
blur_5px,motion_blur,5.0,000000000071.jpg,10,car,small,False,
blur_5px,motion_blur,5.0,000000000071.jpg,11,car,small,False,
blur_5px,motion_blur,5.0,000000000071.jpg,12,car,small,False,
blur_5px,motion_blur,5.0,000000000071.jpg,13,car,small,False,
blur_5px,motion_blur,5.0,000000000071.jpg,14,car,small,False,
blur_5px,motion_blur,5.0,000000000073.jpg,0,motorcycle,large,True,0.7975455522537231
blur_5px,motion_blur,5.0,000000000073.jpg,1,motorcycle,large,True,0.36133328080177307
blur_5px,motion_blur,5.0,000000000074.jpg,0,bicycle,large,True,0.6421171426773071
blur_5px,motion_blur,5.0,000000000074.jpg,1,person,medium,False,
blur_5px,motion_blur,5.0,000000000074.jpg,2,person,small,False,
blur_5px,motion_blur,5.0,000000000074.jpg,3,person,small,False,
blur_5px,motion_blur,5.0,000000000074.jpg,4,person,medium,True,0.3160056471824646
blur_5px,motion_blur,5.0,000000000074.jpg,5,person,small,False,
blur_5px,motion_blur,5.0,000000000074.jpg,6,person,small,False,
blur_5px,motion_blur,5.0,000000000077.jpg,0,person,large,True,0.5076735019683838
blur_5px,motion_blur,5.0,000000000077.jpg,1,person,medium,True,0.7956469058990479
blur_5px,motion_blur,5.0,000000000077.jpg,2,person,large,True,0.8673132061958313
blur_5px,motion_blur,5.0,000000000077.jpg,3,person,medium,False,
blur_5px,motion_blur,5.0,000000000077.jpg,4,person,medium,False,
blur_5px,motion_blur,5.0,000000000086.jpg,0,person,large,True,0.8321508169174194
blur_5px,motion_blur,5.0,000000000086.jpg,1,motorcycle,large,False,
blur_5px,motion_blur,5.0,000000000094.jpg,0,car,medium,True,0.8119345903396606
blur_5px,motion_blur,5.0,000000000094.jpg,1,truck,medium,False,
blur_5px,motion_blur,5.0,000000000109.jpg,0,person,small,True,0.5743663311004639
blur_5px,motion_blur,5.0,000000000109.jpg,1,person,small,True,0.3278425931930542
blur_5px,motion_blur,5.0,000000000109.jpg,2,person,small,False,
blur_5px,motion_blur,5.0,000000000109.jpg,3,person,small,False,
blur_5px,motion_blur,5.0,000000000109.jpg,4,person,small,False,
blur_5px,motion_blur,5.0,000000000110.jpg,0,person,large,True,0.8634774088859558
blur_5px,motion_blur,5.0,000000000110.jpg,1,person,large,True,0.9039351940155029
blur_5px,motion_blur,5.0,000000000110.jpg,2,person,large,True,0.7913178205490112
blur_5px,motion_blur,5.0,000000000110.jpg,3,person,medium,True,0.32548788189888
blur_5px,motion_blur,5.0,000000000110.jpg,4,person,medium,False,
blur_5px,motion_blur,5.0,000000000110.jpg,5,person,large,True,0.44248735904693604
blur_5px,motion_blur,5.0,000000000110.jpg,6,person,medium,False,
blur_5px,motion_blur,5.0,000000000110.jpg,7,person,medium,True,0.3378993570804596
blur_5px,motion_blur,5.0,000000000110.jpg,8,person,small,False,
blur_5px,motion_blur,5.0,000000000110.jpg,9,person,medium,True,0.8186765909194946
blur_5px,motion_blur,5.0,000000000113.jpg,0,person,large,True,0.8930097818374634
blur_5px,motion_blur,5.0,000000000113.jpg,1,person,large,True,0.8485494256019592
blur_5px,motion_blur,5.0,000000000113.jpg,2,person,large,True,0.8790958523750305
blur_5px,motion_blur,5.0,000000000127.jpg,0,person,small,False,
blur_5px,motion_blur,5.0,000000000136.jpg,0,person,large,True,0.5658664703369141
blur_5px,motion_blur,5.0,000000000136.jpg,1,person,large,True,0.7573821544647217
blur_5px,motion_blur,5.0,000000000149.jpg,0,person,small,False,
blur_5px,motion_blur,5.0,000000000149.jpg,1,person,small,False,
blur_5px,motion_blur,5.0,000000000149.jpg,2,person,small,False,
blur_5px,motion_blur,5.0,000000000149.jpg,3,person,small,False,
blur_5px,motion_blur,5.0,000000000149.jpg,4,person,small,False,
blur_5px,motion_blur,5.0,000000000149.jpg,5,person,small,False,
blur_5px,motion_blur,5.0,000000000149.jpg,6,car,small,False,
blur_5px,motion_blur,5.0,000000000149.jpg,7,car,small,False,
blur_5px,motion_blur,5.0,000000000149.jpg,8,car,small,False,
blur_5px,motion_blur,5.0,000000000149.jpg,9,car,small,False,
blur_5px,motion_blur,5.0,000000000149.jpg,10,person,small,False,
blur_5px,motion_blur,5.0,000000000149.jpg,11,person,small,False,
blur_5px,motion_blur,5.0,000000000149.jpg,12,person,small,False,
blur_5px,motion_blur,5.0,000000000149.jpg,13,person,small,False,
blur_5px,motion_blur,5.0,000000000149.jpg,14,person,small,False,
blur_5px,motion_blur,5.0,000000000149.jpg,15,person,small,False,
blur_5px,motion_blur,5.0,000000000151.jpg,0,person,medium,False,
blur_5px,motion_blur,5.0,000000000165.jpg,0,person,large,True,0.8341438174247742
blur_5px,motion_blur,5.0,000000000165.jpg,1,person,large,True,0.7308811545372009
blur_5px,motion_blur,5.0,000000000192.jpg,0,person,large,True,0.8933162689208984
blur_5px,motion_blur,5.0,000000000192.jpg,1,person,large,True,0.8244187831878662
blur_5px,motion_blur,5.0,000000000192.jpg,2,person,medium,True,0.6983256340026855
blur_5px,motion_blur,5.0,000000000192.jpg,3,person,large,True,0.8863990902900696
blur_5px,motion_blur,5.0,000000000201.jpg,0,person,small,False,
blur_5px,motion_blur,5.0,000000000201.jpg,1,person,small,False,
blur_5px,motion_blur,5.0,000000000241.jpg,0,person,large,True,0.8657345771789551
blur_5px,motion_blur,5.0,000000000241.jpg,1,person,large,True,0.8935652375221252
blur_5px,motion_blur,5.0,000000000241.jpg,2,person,large,True,0.8471987843513489
blur_5px,motion_blur,5.0,000000000241.jpg,3,person,medium,False,
blur_5px,motion_blur,5.0,000000000241.jpg,4,person,large,False,
blur_5px,motion_blur,5.0,000000000247.jpg,0,car,medium,True,0.7864658832550049
blur_5px,motion_blur,5.0,000000000247.jpg,1,car,small,False,
blur_5px,motion_blur,5.0,000000000247.jpg,2,car,small,False,
blur_5px,motion_blur,5.0,000000000247.jpg,3,car,small,False,
blur_5px,motion_blur,5.0,000000000247.jpg,4,car,small,False,
blur_5px,motion_blur,5.0,000000000247.jpg,5,car,small,False,
blur_5px,motion_blur,5.0,000000000257.jpg,0,traffic light,small,False,
blur_5px,motion_blur,5.0,000000000257.jpg,1,traffic light,small,False,
blur_5px,motion_blur,5.0,000000000257.jpg,2,truck,large,False,
blur_5px,motion_blur,5.0,000000000257.jpg,3,truck,medium,False,
blur_5px,motion_blur,5.0,000000000257.jpg,4,person,large,True,0.551776111125946
blur_5px,motion_blur,5.0,000000000257.jpg,5,person,medium,True,0.5613135695457458
blur_5px,motion_blur,5.0,000000000257.jpg,6,person,medium,True,0.34250786900520325
blur_5px,motion_blur,5.0,000000000257.jpg,7,person,medium,True,0.28521445393562317
blur_5px,motion_blur,5.0,000000000257.jpg,8,person,medium,True,0.3786448538303375
blur_5px,motion_blur,5.0,000000000257.jpg,9,person,small,False,
blur_5px,motion_blur,5.0,000000000257.jpg,10,person,small,False,
blur_5px,motion_blur,5.0,000000000257.jpg,11,person,medium,True,0.5242665410041809
blur_5px,motion_blur,5.0,000000000257.jpg,12,person,small,True,0.47812002897262573
blur_5px,motion_blur,5.0,000000000257.jpg,13,person,small,True,0.37219348549842834
blur_5px,motion_blur,5.0,000000000257.jpg,14,person,medium,False,
blur_5px,motion_blur,5.0,000000000257.jpg,15,traffic light,small,False,
blur_5px,motion_blur,5.0,000000000257.jpg,16,traffic light,small,False,
blur_5px,motion_blur,5.0,000000000257.jpg,17,traffic light,small,False,
blur_5px,motion_blur,5.0,000000000257.jpg,18,person,small,False,
blur_5px,motion_blur,5.0,000000000257.jpg,19,truck,large,False,
blur_5px,motion_blur,5.0,000000000257.jpg,20,truck,medium,False,
blur_5px,motion_blur,5.0,000000000257.jpg,21,truck,small,False,
blur_5px,motion_blur,5.0,000000000257.jpg,22,traffic light,small,False,
blur_5px,motion_blur,5.0,000000000257.jpg,23,person,small,False,
blur_5px,motion_blur,5.0,000000000257.jpg,24,traffic light,small,False,
blur_5px,motion_blur,5.0,000000000257.jpg,25,traffic light,small,False,
blur_5px,motion_blur,5.0,000000000257.jpg,26,traffic light,small,False,
blur_5px,motion_blur,5.0,000000000260.jpg,0,bus,large,True,0.5843469500541687
blur_5px,motion_blur,5.0,000000000260.jpg,1,person,medium,True,0.7871946096420288
blur_5px,motion_blur,5.0,000000000260.jpg,2,person,small,False,
blur_5px,motion_blur,5.0,000000000260.jpg,3,car,small,True,0.3768289089202881
blur_5px,motion_blur,5.0,000000000294.jpg,0,person,large,True,0.9063345789909363
blur_5px,motion_blur,5.0,000000000307.jpg,0,car,small,True,0.5302554965019226
blur_5px,motion_blur,5.0,000000000308.jpg,0,person,large,True,0.8731780052185059
blur_5px,motion_blur,5.0,000000000308.jpg,1,person,large,True,0.7339044809341431
blur_5px,motion_blur,5.0,000000000308.jpg,2,person,large,True,0.45541125535964966
blur_5px,motion_blur,5.0,000000000308.jpg,3,person,medium,True,0.3618725538253784
blur_5px,motion_blur,5.0,000000000308.jpg,4,person,large,True,0.9139382839202881
blur_5px,motion_blur,5.0,000000000308.jpg,5,person,large,False,
blur_5px,motion_blur,5.0,000000000308.jpg,6,person,medium,True,0.5860760807991028
blur_5px,motion_blur,5.0,000000000315.jpg,0,person,large,True,0.7337451577186584
blur_5px,motion_blur,5.0,000000000315.jpg,1,person,medium,True,0.6816363334655762
blur_5px,motion_blur,5.0,000000000315.jpg,2,person,large,True,0.3885992169380188
blur_5px,motion_blur,5.0,000000000315.jpg,3,person,medium,False,
blur_5px,motion_blur,5.0,000000000315.jpg,4,person,medium,False,
blur_5px,motion_blur,5.0,000000000315.jpg,5,person,medium,True,0.281220018863678
blur_5px,motion_blur,5.0,000000000315.jpg,6,person,small,False,
blur_5px,motion_blur,5.0,000000000315.jpg,7,person,medium,False,
blur_5px,motion_blur,5.0,000000000315.jpg,8,person,small,False,
blur_5px,motion_blur,5.0,000000000315.jpg,9,person,small,False,
blur_5px,motion_blur,5.0,000000000315.jpg,10,person,medium,True,0.2719886600971222
blur_5px,motion_blur,5.0,000000000315.jpg,11,person,small,False,
blur_5px,motion_blur,5.0,000000000315.jpg,12,person,small,False,
blur_5px,motion_blur,5.0,000000000322.jpg,0,person,large,True,0.9296366572380066
blur_5px,motion_blur,5.0,000000000326.jpg,0,person,large,True,0.7407445311546326
blur_5px,motion_blur,5.0,000000000328.jpg,0,person,large,True,0.8095223307609558
blur_5px,motion_blur,5.0,000000000328.jpg,1,person,large,True,0.8488627672195435
blur_5px,motion_blur,5.0,000000000328.jpg,2,person,large,True,0.9053884744644165
blur_5px,motion_blur,5.0,000000000328.jpg,3,car,medium,False,
blur_5px,motion_blur,5.0,000000000338.jpg,0,person,large,True,0.8495821952819824
blur_5px,motion_blur,5.0,000000000338.jpg,1,person,medium,True,0.851265013217926
blur_5px,motion_blur,5.0,000000000357.jpg,0,person,small,True,0.5312178134918213
blur_5px,motion_blur,5.0,000000000357.jpg,1,person,small,True,0.6736357808113098
blur_5px,motion_blur,5.0,000000000357.jpg,2,person,small,True,0.85303795337677
blur_5px,motion_blur,5.0,000000000357.jpg,3,person,small,True,0.7820547223091125
blur_5px,motion_blur,5.0,000000000357.jpg,4,person,medium,True,0.8180657029151917
blur_5px,motion_blur,5.0,000000000357.jpg,5,person,small,True,0.7064776420593262
blur_5px,motion_blur,5.0,000000000357.jpg,6,person,medium,True,0.6639689207077026
blur_5px,motion_blur,5.0,000000000357.jpg,7,person,small,False,
blur_5px,motion_blur,5.0,000000000357.jpg,8,person,small,False,
blur_5px,motion_blur,5.0,000000000357.jpg,9,person,small,False,
blur_5px,motion_blur,5.0,000000000357.jpg,10,person,small,True,0.32402220368385315
blur_5px,motion_blur,5.0,000000000357.jpg,11,person,small,False,
blur_5px,motion_blur,5.0,000000000357.jpg,12,person,small,False,
blur_5px,motion_blur,5.0,000000000359.jpg,0,traffic light,medium,True,0.2722463011741638
blur_5px,motion_blur,5.0,000000000359.jpg,1,traffic light,medium,True,0.33316731452941895
blur_5px,motion_blur,5.0,000000000359.jpg,2,traffic light,small,False,
blur_5px,motion_blur,5.0,000000000359.jpg,3,car,medium,True,0.4456760883331299
blur_5px,motion_blur,5.0,000000000360.jpg,0,person,medium,False,
blur_5px,motion_blur,5.0,000000000360.jpg,1,person,small,False,
blur_5px,motion_blur,5.0,000000000368.jpg,0,person,large,True,0.6291002035140991
blur_5px,motion_blur,5.0,000000000368.jpg,1,person,medium,True,0.35329189896583557
blur_5px,motion_blur,5.0,000000000368.jpg,2,person,medium,False,
blur_5px,motion_blur,5.0,000000000368.jpg,3,person,medium,True,0.5168406367301941
blur_5px,motion_blur,5.0,000000000368.jpg,4,person,medium,True,0.6470669507980347
blur_5px,motion_blur,5.0,000000000368.jpg,5,person,medium,True,0.40768444538116455
blur_5px,motion_blur,5.0,000000000368.jpg,6,person,large,False,
blur_5px,motion_blur,5.0,000000000368.jpg,7,person,medium,False,
blur_5px,motion_blur,5.0,000000000368.jpg,8,person,medium,True,0.4344812333583832
blur_5px,motion_blur,5.0,000000000368.jpg,9,person,medium,True,0.35389840602874756
blur_5px,motion_blur,5.0,000000000368.jpg,10,person,small,False,
blur_5px,motion_blur,5.0,000000000368.jpg,11,person,medium,True,0.7636430859565735
blur_5px,motion_blur,5.0,000000000370.jpg,0,person,large,True,0.8579158186912537
blur_5px,motion_blur,5.0,000000000382.jpg,0,person,medium,True,0.8411500453948975
blur_5px,motion_blur,5.0,000000000389.jpg,0,person,large,True,0.924702525138855
blur_5px,motion_blur,5.0,000000000389.jpg,1,person,large,True,0.8706403970718384
blur_5px,motion_blur,5.0,000000000389.jpg,2,person,large,True,0.3023799955844879
blur_5px,motion_blur,5.0,000000000389.jpg,3,person,medium,False,
blur_5px,motion_blur,5.0,000000000389.jpg,4,person,small,False,
blur_5px,motion_blur,5.0,000000000389.jpg,5,person,medium,True,0.43371182680130005
blur_5px,motion_blur,5.0,000000000389.jpg,6,person,medium,False,
blur_5px,motion_blur,5.0,000000000389.jpg,7,person,small,False,
blur_5px,motion_blur,5.0,000000000389.jpg,8,person,medium,True,0.7470304369926453
blur_5px,motion_blur,5.0,000000000389.jpg,9,person,large,True,0.8744946122169495
blur_5px,motion_blur,5.0,000000000389.jpg,10,person,small,False,
blur_5px,motion_blur,5.0,000000000389.jpg,11,person,large,True,0.2637978196144104
blur_5px,motion_blur,5.0,000000000395.jpg,0,person,large,True,0.8749213218688965
blur_5px,motion_blur,5.0,000000000395.jpg,1,person,large,True,0.8958268761634827
blur_5px,motion_blur,5.0,000000000395.jpg,2,person,large,True,0.8189978003501892
blur_5px,motion_blur,5.0,000000000395.jpg,3,person,large,True,0.7083708047866821
blur_5px,motion_blur,5.0,000000000395.jpg,4,person,medium,False,
blur_5px,motion_blur,5.0,000000000395.jpg,5,person,medium,True,0.5685785412788391
blur_5px,motion_blur,5.0,000000000395.jpg,6,person,medium,False,
blur_5px,motion_blur,5.0,000000000395.jpg,7,person,medium,False,
blur_5px,motion_blur,5.0,000000000395.jpg,8,person,medium,False,
blur_5px,motion_blur,5.0,000000000395.jpg,9,person,medium,False,
blur_5px,motion_blur,5.0,000000000395.jpg,10,person,medium,True,0.40541693568229675
blur_5px,motion_blur,5.0,000000000397.jpg,0,person,large,False,
blur_5px,motion_blur,5.0,000000000415.jpg,0,person,large,True,0.9299060702323914
blur_5px,motion_blur,5.0,000000000419.jpg,0,person,medium,True,0.8265407681465149
blur_5px,motion_blur,5.0,000000000419.jpg,1,person,large,True,0.9075055122375488
blur_5px,motion_blur,5.0,000000000419.jpg,2,car,small,False,
blur_5px,motion_blur,5.0,000000000419.jpg,3,car,small,False,
blur_5px,motion_blur,5.0,000000000419.jpg,4,car,small,False,
blur_5px,motion_blur,5.0,000000000428.jpg,0,person,large,True,0.9333464503288269
blur_5px,motion_blur,5.0,000000000431.jpg,0,person,large,True,0.9041652083396912
blur_5px,motion_blur,5.0,000000000436.jpg,0,person,large,True,0.8953403234481812
blur_5px,motion_blur,5.0,000000000443.jpg,0,person,large,False,
blur_5px,motion_blur,5.0,000000000443.jpg,1,person,large,True,0.4111708700656891
blur_5px,motion_blur,5.0,000000000443.jpg,2,person,large,True,0.3692880868911743
blur_5px,motion_blur,5.0,000000000446.jpg,0,person,large,True,0.8914927244186401
blur_5px,motion_blur,5.0,000000000459.jpg,0,person,large,True,0.9158077836036682
blur_5px,motion_blur,5.0,000000000471.jpg,0,bus,large,True,0.9363743662834167
blur_5px,motion_blur,5.0,000000000471.jpg,1,person,small,False,
blur_5px,motion_blur,5.0,000000000474.jpg,0,person,large,True,0.8801122903823853
blur_5px,motion_blur,5.0,000000000488.jpg,0,person,large,True,0.86037677526474
blur_5px,motion_blur,5.0,000000000488.jpg,1,person,large,True,0.8540937304496765
blur_5px,motion_blur,5.0,000000000488.jpg,2,person,medium,True,0.2520570456981659
blur_5px,motion_blur,5.0,000000000488.jpg,3,person,medium,True,0.8528997898101807
blur_5px,motion_blur,5.0,000000000488.jpg,4,person,large,True,0.859669029712677
blur_5px,motion_blur,5.0,000000000488.jpg,5,person,small,False,
blur_5px,motion_blur,5.0,000000000510.jpg,0,person,large,True,0.9177911281585693
blur_5px,motion_blur,5.0,000000000510.jpg,1,traffic light,medium,False,
blur_5px,motion_blur,5.0,000000000520.jpg,0,person,small,False,
blur_5px,motion_blur,5.0,000000000520.jpg,1,person,small,False,
blur_5px,motion_blur,5.0,000000000520.jpg,2,person,small,False,
blur_5px,motion_blur,5.0,000000000529.jpg,0,motorcycle,large,True,0.8498671054840088
blur_5px,motion_blur,5.0,000000000529.jpg,1,person,large,True,0.7661623954772949
blur_5px,motion_blur,5.0,000000000529.jpg,2,person,large,False,
blur_5px,motion_blur,5.0,000000000531.jpg,0,bicycle,small,False,
blur_5px,motion_blur,5.0,000000000531.jpg,1,person,medium,True,0.851405918598175
blur_5px,motion_blur,5.0,000000000531.jpg,2,bicycle,small,False,
blur_5px,motion_blur,5.0,000000000531.jpg,3,person,medium,True,0.7966822385787964
blur_5px,motion_blur,5.0,000000000531.jpg,4,person,small,False,
blur_5px,motion_blur,5.0,000000000531.jpg,5,person,small,False,
blur_5px,motion_blur,5.0,000000000531.jpg,6,person,small,False,
blur_5px,motion_blur,5.0,000000000531.jpg,7,person,small,False,
blur_5px,motion_blur,5.0,000000000531.jpg,8,person,small,False,
blur_5px,motion_blur,5.0,000000000531.jpg,9,person,small,False,
blur_5px,motion_blur,5.0,000000000531.jpg,10,bicycle,small,False,
blur_5px,motion_blur,5.0,000000000532.jpg,0,bus,large,True,0.7822788953781128
blur_5px,motion_blur,5.0,000000000532.jpg,1,person,medium,True,0.8325083255767822
blur_5px,motion_blur,5.0,000000000532.jpg,2,person,medium,True,0.8484929203987122
blur_5px,motion_blur,5.0,000000000532.jpg,3,person,small,False,
blur_5px,motion_blur,5.0,000000000532.jpg,4,person,small,False,
blur_5px,motion_blur,5.0,000000000532.jpg,5,bus,large,True,0.727858304977417
blur_5px,motion_blur,5.0,000000000536.jpg,0,person,large,True,0.9193124771118164
blur_5px,motion_blur,5.0,000000000536.jpg,1,person,large,True,0.8902595043182373
blur_5px,motion_blur,5.0,000000000536.jpg,2,person,large,True,0.8580256700515747
blur_5px,motion_blur,5.0,000000000540.jpg,0,car,small,False,
blur_5px,motion_blur,5.0,000000000540.jpg,1,car,small,False,
blur_5px,motion_blur,5.0,000000000540.jpg,2,car,small,False,
blur_5px,motion_blur,5.0,000000000540.jpg,3,car,small,False,
blur_5px,motion_blur,5.0,000000000540.jpg,4,truck,small,False,
blur_5px,motion_blur,5.0,000000000540.jpg,5,traffic light,small,False,
blur_5px,motion_blur,5.0,000000000540.jpg,6,car,small,False,
blur_5px,motion_blur,5.0,000000000540.jpg,7,car,small,False,
blur_5px,motion_blur,5.0,000000000540.jpg,8,car,small,False,
blur_5px,motion_blur,5.0,000000000540.jpg,9,car,small,False,
blur_5px,motion_blur,5.0,000000000540.jpg,10,car,small,False,
blur_5px,motion_blur,5.0,000000000540.jpg,11,car,small,False,
blur_5px,motion_blur,5.0,000000000540.jpg,12,car,small,False,
blur_5px,motion_blur,5.0,000000000540.jpg,13,car,small,False,
blur_5px,motion_blur,5.0,000000000540.jpg,14,bus,small,False,
blur_5px,motion_blur,5.0,000000000540.jpg,15,truck,small,False,
blur_5px,motion_blur,5.0,000000000540.jpg,16,car,small,False,
blur_5px,motion_blur,5.0,000000000540.jpg,17,bus,small,False,
blur_5px,motion_blur,5.0,000000000540.jpg,18,truck,small,False,
blur_5px,motion_blur,5.0,000000000542.jpg,0,person,large,True,0.7799366116523743
blur_5px,motion_blur,5.0,000000000542.jpg,1,person,medium,True,0.6489169597625732
blur_5px,motion_blur,5.0,000000000542.jpg,2,person,medium,True,0.7984656095504761
blur_5px,motion_blur,5.0,000000000542.jpg,3,person,medium,True,0.655701756477356
blur_5px,motion_blur,5.0,000000000542.jpg,4,person,medium,True,0.7179328799247742
blur_5px,motion_blur,5.0,000000000542.jpg,5,person,medium,True,0.35827773809432983
blur_5px,motion_blur,5.0,000000000542.jpg,6,person,medium,True,0.6715057492256165
blur_5px,motion_blur,5.0,000000000542.jpg,7,person,medium,False,
blur_5px,motion_blur,5.0,000000000542.jpg,8,person,medium,True,0.40459027886390686
blur_5px,motion_blur,5.0,000000000542.jpg,9,person,medium,True,0.42928260564804077
blur_5px,motion_blur,5.0,000000000542.jpg,10,person,small,False,
blur_5px,motion_blur,5.0,000000000542.jpg,11,person,medium,False,
blur_5px,motion_blur,5.0,000000000544.jpg,0,person,large,True,0.9044638276100159
blur_5px,motion_blur,5.0,000000000544.jpg,1,person,large,True,0.8482078909873962
blur_5px,motion_blur,5.0,000000000544.jpg,2,person,large,True,0.9128398299217224
blur_5px,motion_blur,5.0,000000000544.jpg,3,person,medium,True,0.27573972940444946
blur_5px,motion_blur,5.0,000000000544.jpg,4,person,medium,True,0.29935717582702637
blur_5px,motion_blur,5.0,000000000544.jpg,5,person,small,True,0.5805853009223938
blur_5px,motion_blur,5.0,000000000544.jpg,6,person,medium,False,
blur_5px,motion_blur,5.0,000000000544.jpg,7,person,medium,True,0.2842627465724945
blur_5px,motion_blur,5.0,000000000544.jpg,8,person,small,False,
blur_5px,motion_blur,5.0,000000000544.jpg,9,person,medium,True,0.6114080548286438
blur_5px,motion_blur,5.0,000000000544.jpg,10,person,small,False,
blur_5px,motion_blur,5.0,000000000544.jpg,11,person,medium,True,0.3529055416584015
blur_5px,motion_blur,5.0,000000000544.jpg,12,person,small,False,
blur_5px,motion_blur,5.0,000000000564.jpg,0,person,large,True,0.8719836473464966
blur_5px,motion_blur,5.0,000000000564.jpg,1,person,medium,True,0.41371122002601624
blur_5px,motion_blur,5.0,000000000569.jpg,0,person,large,True,0.8366520404815674
blur_5px,motion_blur,5.0,000000000572.jpg,0,person,large,True,0.8157182931900024
blur_5px,motion_blur,5.0,000000000572.jpg,1,person,large,True,0.8401305675506592
blur_5px,motion_blur,5.0,000000000589.jpg,0,person,large,True,0.8870313763618469
blur_5px,motion_blur,5.0,000000000623.jpg,0,person,large,True,0.5231159329414368
blur_5px,motion_blur,5.0,000000000625.jpg,0,person,large,True,0.9081678986549377
blur_5px,motion_blur,5.0,000000000625.jpg,1,person,large,True,0.917790412902832
blur_5px,motion_blur,5.0,000000000625.jpg,2,person,large,True,0.9003759026527405
blur_5px,motion_blur,5.0,000000000629.jpg,0,motorcycle,large,True,0.9165734052658081
blur_5px,motion_blur,5.0,000000000634.jpg,0,person,large,True,0.9009667038917542
blur_5px,motion_blur,5.0,000000000634.jpg,1,person,small,True,0.45132070779800415
blur_5px,motion_blur,5.0,000000000634.jpg,2,person,large,True,0.44624418020248413
blur_5px,motion_blur,5.0,000000000634.jpg,3,person,small,True,0.29324376583099365
blur_5px,motion_blur,5.0,000000000634.jpg,4,person,small,True,0.6686388254165649
blur_5px,motion_blur,5.0,000000000641.jpg,0,bicycle,medium,False,
blur_5px,motion_blur,5.0,000000000641.jpg,1,bicycle,small,False,
blur_5px,motion_blur,5.0,000000000641.jpg,2,bus,large,True,0.9252326488494873
blur_5px,motion_blur,5.0,000000000641.jpg,3,person,small,False,
blur_5px,motion_blur,5.0,000000000641.jpg,4,person,small,False,
blur_5px,motion_blur,5.0,000000000641.jpg,5,person,small,False,
blur_5px,motion_blur,5.0,000000000641.jpg,6,person,small,False,
blur_5px,motion_blur,5.0,000000000641.jpg,7,person,small,False,
blur_5px,motion_blur,5.0,000000000641.jpg,8,person,small,False,
blur_5px,motion_blur,5.0,000000000641.jpg,9,person,small,False,
blur_5px,motion_blur,5.0,000000000641.jpg,10,person,small,False,
blur_5px,motion_blur,5.0,000000000641.jpg,11,person,small,False,
blur_5px,motion_blur,5.0,000000000650.jpg,0,car,large,True,0.5992614030838013
blur_9px,motion_blur,9.0,000000000036.jpg,0,person,large,True,0.8649492263793945
blur_9px,motion_blur,9.0,000000000049.jpg,0,person,medium,False,
blur_9px,motion_blur,9.0,000000000049.jpg,1,person,medium,False,
blur_9px,motion_blur,9.0,000000000049.jpg,2,person,small,False,
blur_9px,motion_blur,9.0,000000000049.jpg,3,person,small,False,
blur_9px,motion_blur,9.0,000000000049.jpg,4,person,small,False,
blur_9px,motion_blur,9.0,000000000049.jpg,5,person,small,False,
blur_9px,motion_blur,9.0,000000000061.jpg,0,person,medium,False,
blur_9px,motion_blur,9.0,000000000061.jpg,1,person,medium,False,
blur_9px,motion_blur,9.0,000000000061.jpg,2,person,medium,False,
blur_9px,motion_blur,9.0,000000000064.jpg,0,car,large,True,0.5932620763778687
blur_9px,motion_blur,9.0,000000000064.jpg,1,truck,medium,False,
blur_9px,motion_blur,9.0,000000000071.jpg,0,car,small,False,
blur_9px,motion_blur,9.0,000000000071.jpg,1,car,small,False,
blur_9px,motion_blur,9.0,000000000071.jpg,2,car,small,False,
blur_9px,motion_blur,9.0,000000000071.jpg,3,car,small,False,
blur_9px,motion_blur,9.0,000000000071.jpg,4,car,small,False,
blur_9px,motion_blur,9.0,000000000071.jpg,5,car,small,False,
blur_9px,motion_blur,9.0,000000000071.jpg,6,truck,small,False,
blur_9px,motion_blur,9.0,000000000071.jpg,7,truck,small,False,
blur_9px,motion_blur,9.0,000000000071.jpg,8,car,small,False,
blur_9px,motion_blur,9.0,000000000071.jpg,9,car,small,False,
blur_9px,motion_blur,9.0,000000000071.jpg,10,car,small,False,
blur_9px,motion_blur,9.0,000000000071.jpg,11,car,small,False,
blur_9px,motion_blur,9.0,000000000071.jpg,12,car,small,False,
blur_9px,motion_blur,9.0,000000000071.jpg,13,car,small,False,
blur_9px,motion_blur,9.0,000000000071.jpg,14,car,small,False,
blur_9px,motion_blur,9.0,000000000073.jpg,0,motorcycle,large,False,
blur_9px,motion_blur,9.0,000000000073.jpg,1,motorcycle,large,False,
blur_9px,motion_blur,9.0,000000000074.jpg,0,bicycle,large,True,0.40035367012023926
blur_9px,motion_blur,9.0,000000000074.jpg,1,person,medium,False,
blur_9px,motion_blur,9.0,000000000074.jpg,2,person,small,False,
blur_9px,motion_blur,9.0,000000000074.jpg,3,person,small,False,
blur_9px,motion_blur,9.0,000000000074.jpg,4,person,medium,False,
blur_9px,motion_blur,9.0,000000000074.jpg,5,person,small,False,
blur_9px,motion_blur,9.0,000000000074.jpg,6,person,small,False,
blur_9px,motion_blur,9.0,000000000077.jpg,0,person,large,True,0.2614171802997589
blur_9px,motion_blur,9.0,000000000077.jpg,1,person,medium,True,0.3070545792579651
blur_9px,motion_blur,9.0,000000000077.jpg,2,person,large,True,0.7964182496070862
blur_9px,motion_blur,9.0,000000000077.jpg,3,person,medium,False,
blur_9px,motion_blur,9.0,000000000077.jpg,4,person,medium,False,
blur_9px,motion_blur,9.0,000000000086.jpg,0,person,large,True,0.5455719232559204
blur_9px,motion_blur,9.0,000000000086.jpg,1,motorcycle,large,False,
blur_9px,motion_blur,9.0,000000000094.jpg,0,car,medium,True,0.6565230488777161
blur_9px,motion_blur,9.0,000000000094.jpg,1,truck,medium,False,
blur_9px,motion_blur,9.0,000000000109.jpg,0,person,small,True,0.3687956631183624
blur_9px,motion_blur,9.0,000000000109.jpg,1,person,small,False,
blur_9px,motion_blur,9.0,000000000109.jpg,2,person,small,False,
blur_9px,motion_blur,9.0,000000000109.jpg,3,person,small,False,
blur_9px,motion_blur,9.0,000000000109.jpg,4,person,small,False,
blur_9px,motion_blur,9.0,000000000110.jpg,0,person,large,True,0.8323088884353638
blur_9px,motion_blur,9.0,000000000110.jpg,1,person,large,True,0.8860698938369751
blur_9px,motion_blur,9.0,000000000110.jpg,2,person,large,True,0.509436309337616
blur_9px,motion_blur,9.0,000000000110.jpg,3,person,medium,False,
blur_9px,motion_blur,9.0,000000000110.jpg,4,person,medium,False,
blur_9px,motion_blur,9.0,000000000110.jpg,5,person,large,False,
blur_9px,motion_blur,9.0,000000000110.jpg,6,person,medium,False,
blur_9px,motion_blur,9.0,000000000110.jpg,7,person,medium,True,0.2839387059211731
blur_9px,motion_blur,9.0,000000000110.jpg,8,person,small,False,
blur_9px,motion_blur,9.0,000000000110.jpg,9,person,medium,True,0.5163419246673584
blur_9px,motion_blur,9.0,000000000113.jpg,0,person,large,True,0.8771951198577881
blur_9px,motion_blur,9.0,000000000113.jpg,1,person,large,True,0.760241687297821
blur_9px,motion_blur,9.0,000000000113.jpg,2,person,large,True,0.8763535022735596
blur_9px,motion_blur,9.0,000000000127.jpg,0,person,small,False,
blur_9px,motion_blur,9.0,000000000136.jpg,0,person,large,True,0.3836611211299896
blur_9px,motion_blur,9.0,000000000136.jpg,1,person,large,True,0.6093358397483826
blur_9px,motion_blur,9.0,000000000149.jpg,0,person,small,False,
blur_9px,motion_blur,9.0,000000000149.jpg,1,person,small,False,
blur_9px,motion_blur,9.0,000000000149.jpg,2,person,small,False,
blur_9px,motion_blur,9.0,000000000149.jpg,3,person,small,False,
blur_9px,motion_blur,9.0,000000000149.jpg,4,person,small,False,
blur_9px,motion_blur,9.0,000000000149.jpg,5,person,small,False,
blur_9px,motion_blur,9.0,000000000149.jpg,6,car,small,False,
blur_9px,motion_blur,9.0,000000000149.jpg,7,car,small,False,
blur_9px,motion_blur,9.0,000000000149.jpg,8,car,small,False,
blur_9px,motion_blur,9.0,000000000149.jpg,9,car,small,False,
blur_9px,motion_blur,9.0,000000000149.jpg,10,person,small,False,
blur_9px,motion_blur,9.0,000000000149.jpg,11,person,small,False,
blur_9px,motion_blur,9.0,000000000149.jpg,12,person,small,False,
blur_9px,motion_blur,9.0,000000000149.jpg,13,person,small,False,
blur_9px,motion_blur,9.0,000000000149.jpg,14,person,small,False,
blur_9px,motion_blur,9.0,000000000149.jpg,15,person,small,False,
blur_9px,motion_blur,9.0,000000000151.jpg,0,person,medium,False,
blur_9px,motion_blur,9.0,000000000165.jpg,0,person,large,True,0.7697308659553528
blur_9px,motion_blur,9.0,000000000165.jpg,1,person,large,True,0.8403500914573669
blur_9px,motion_blur,9.0,000000000192.jpg,0,person,large,True,0.8761918544769287
blur_9px,motion_blur,9.0,000000000192.jpg,1,person,large,True,0.6230955123901367
blur_9px,motion_blur,9.0,000000000192.jpg,2,person,medium,True,0.7862906455993652
blur_9px,motion_blur,9.0,000000000192.jpg,3,person,large,True,0.8584217429161072
blur_9px,motion_blur,9.0,000000000201.jpg,0,person,small,False,
blur_9px,motion_blur,9.0,000000000201.jpg,1,person,small,False,
blur_9px,motion_blur,9.0,000000000241.jpg,0,person,large,True,0.8344468474388123
blur_9px,motion_blur,9.0,000000000241.jpg,1,person,large,True,0.8145414590835571
blur_9px,motion_blur,9.0,000000000241.jpg,2,person,large,True,0.8487883806228638
blur_9px,motion_blur,9.0,000000000241.jpg,3,person,medium,False,
blur_9px,motion_blur,9.0,000000000241.jpg,4,person,large,False,
blur_9px,motion_blur,9.0,000000000247.jpg,0,car,medium,True,0.765180766582489
blur_9px,motion_blur,9.0,000000000247.jpg,1,car,small,False,
blur_9px,motion_blur,9.0,000000000247.jpg,2,car,small,False,
blur_9px,motion_blur,9.0,000000000247.jpg,3,car,small,False,
blur_9px,motion_blur,9.0,000000000247.jpg,4,car,small,False,
blur_9px,motion_blur,9.0,000000000247.jpg,5,car,small,False,
blur_9px,motion_blur,9.0,000000000257.jpg,0,traffic light,small,False,
blur_9px,motion_blur,9.0,000000000257.jpg,1,traffic light,small,False,
blur_9px,motion_blur,9.0,000000000257.jpg,2,truck,large,False,
blur_9px,motion_blur,9.0,000000000257.jpg,3,truck,medium,False,
blur_9px,motion_blur,9.0,000000000257.jpg,4,person,large,True,0.5217806696891785
blur_9px,motion_blur,9.0,000000000257.jpg,5,person,medium,False,
blur_9px,motion_blur,9.0,000000000257.jpg,6,person,medium,False,
blur_9px,motion_blur,9.0,000000000257.jpg,7,person,medium,False,
blur_9px,motion_blur,9.0,000000000257.jpg,8,person,medium,False,
blur_9px,motion_blur,9.0,000000000257.jpg,9,person,small,False,
blur_9px,motion_blur,9.0,000000000257.jpg,10,person,small,False,
blur_9px,motion_blur,9.0,000000000257.jpg,11,person,medium,True,0.38191065192222595
blur_9px,motion_blur,9.0,000000000257.jpg,12,person,small,False,
blur_9px,motion_blur,9.0,000000000257.jpg,13,person,small,False,
blur_9px,motion_blur,9.0,000000000257.jpg,14,person,medium,False,
blur_9px,motion_blur,9.0,000000000257.jpg,15,traffic light,small,False,
blur_9px,motion_blur,9.0,000000000257.jpg,16,traffic light,small,False,
blur_9px,motion_blur,9.0,000000000257.jpg,17,traffic light,small,False,
blur_9px,motion_blur,9.0,000000000257.jpg,18,person,small,False,
blur_9px,motion_blur,9.0,000000000257.jpg,19,truck,large,False,
blur_9px,motion_blur,9.0,000000000257.jpg,20,truck,medium,False,
blur_9px,motion_blur,9.0,000000000257.jpg,21,truck,small,False,
blur_9px,motion_blur,9.0,000000000257.jpg,22,traffic light,small,False,
blur_9px,motion_blur,9.0,000000000257.jpg,23,person,small,False,
blur_9px,motion_blur,9.0,000000000257.jpg,24,traffic light,small,False,
blur_9px,motion_blur,9.0,000000000257.jpg,25,traffic light,small,False,
blur_9px,motion_blur,9.0,000000000257.jpg,26,traffic light,small,False,
blur_9px,motion_blur,9.0,000000000260.jpg,0,bus,large,False,
blur_9px,motion_blur,9.0,000000000260.jpg,1,person,medium,True,0.48393121361732483
blur_9px,motion_blur,9.0,000000000260.jpg,2,person,small,False,
blur_9px,motion_blur,9.0,000000000260.jpg,3,car,small,False,
blur_9px,motion_blur,9.0,000000000294.jpg,0,person,large,True,0.8884801268577576
blur_9px,motion_blur,9.0,000000000307.jpg,0,car,small,True,0.4225069582462311
blur_9px,motion_blur,9.0,000000000308.jpg,0,person,large,True,0.867175281047821
blur_9px,motion_blur,9.0,000000000308.jpg,1,person,large,True,0.8467865586280823
blur_9px,motion_blur,9.0,000000000308.jpg,2,person,large,True,0.5020700693130493
blur_9px,motion_blur,9.0,000000000308.jpg,3,person,medium,True,0.32315707206726074
blur_9px,motion_blur,9.0,000000000308.jpg,4,person,large,True,0.8743247985839844
blur_9px,motion_blur,9.0,000000000308.jpg,5,person,large,False,
blur_9px,motion_blur,9.0,000000000308.jpg,6,person,medium,True,0.5784164071083069
blur_9px,motion_blur,9.0,000000000315.jpg,0,person,large,True,0.6878628730773926
blur_9px,motion_blur,9.0,000000000315.jpg,1,person,medium,True,0.4852411448955536
blur_9px,motion_blur,9.0,000000000315.jpg,2,person,large,False,
blur_9px,motion_blur,9.0,000000000315.jpg,3,person,medium,False,
blur_9px,motion_blur,9.0,000000000315.jpg,4,person,medium,False,
blur_9px,motion_blur,9.0,000000000315.jpg,5,person,medium,False,
blur_9px,motion_blur,9.0,000000000315.jpg,6,person,small,False,
blur_9px,motion_blur,9.0,000000000315.jpg,7,person,medium,False,
blur_9px,motion_blur,9.0,000000000315.jpg,8,person,small,False,
blur_9px,motion_blur,9.0,000000000315.jpg,9,person,small,False,
blur_9px,motion_blur,9.0,000000000315.jpg,10,person,medium,True,0.3924362063407898
blur_9px,motion_blur,9.0,000000000315.jpg,11,person,small,False,
blur_9px,motion_blur,9.0,000000000315.jpg,12,person,small,False,
blur_9px,motion_blur,9.0,000000000322.jpg,0,person,large,True,0.8857892751693726
blur_9px,motion_blur,9.0,000000000326.jpg,0,person,large,True,0.7137545943260193
blur_9px,motion_blur,9.0,000000000328.jpg,0,person,large,True,0.7949666380882263
blur_9px,motion_blur,9.0,000000000328.jpg,1,person,large,True,0.488092303276062
blur_9px,motion_blur,9.0,000000000328.jpg,2,person,large,True,0.7160820364952087
blur_9px,motion_blur,9.0,000000000328.jpg,3,car,medium,False,
blur_9px,motion_blur,9.0,000000000338.jpg,0,person,large,True,0.7790416479110718
blur_9px,motion_blur,9.0,000000000338.jpg,1,person,medium,True,0.8345409035682678
blur_9px,motion_blur,9.0,000000000357.jpg,0,person,small,True,0.3480773866176605
blur_9px,motion_blur,9.0,000000000357.jpg,1,person,small,True,0.5576494336128235
blur_9px,motion_blur,9.0,000000000357.jpg,2,person,small,True,0.6887056231498718
blur_9px,motion_blur,9.0,000000000357.jpg,3,person,small,True,0.690147876739502
blur_9px,motion_blur,9.0,000000000357.jpg,4,person,medium,True,0.548643171787262
blur_9px,motion_blur,9.0,000000000357.jpg,5,person,small,True,0.4283835291862488
blur_9px,motion_blur,9.0,000000000357.jpg,6,person,medium,True,0.47618773579597473
blur_9px,motion_blur,9.0,000000000357.jpg,7,person,small,False,
blur_9px,motion_blur,9.0,000000000357.jpg,8,person,small,False,
blur_9px,motion_blur,9.0,000000000357.jpg,9,person,small,False,
blur_9px,motion_blur,9.0,000000000357.jpg,10,person,small,False,
blur_9px,motion_blur,9.0,000000000357.jpg,11,person,small,False,
blur_9px,motion_blur,9.0,000000000357.jpg,12,person,small,False,
blur_9px,motion_blur,9.0,000000000359.jpg,0,traffic light,medium,False,
blur_9px,motion_blur,9.0,000000000359.jpg,1,traffic light,medium,True,0.4012828767299652
blur_9px,motion_blur,9.0,000000000359.jpg,2,traffic light,small,False,
blur_9px,motion_blur,9.0,000000000359.jpg,3,car,medium,False,
blur_9px,motion_blur,9.0,000000000360.jpg,0,person,medium,False,
blur_9px,motion_blur,9.0,000000000360.jpg,1,person,small,False,
blur_9px,motion_blur,9.0,000000000368.jpg,0,person,large,True,0.5084465742111206
blur_9px,motion_blur,9.0,000000000368.jpg,1,person,medium,False,
blur_9px,motion_blur,9.0,000000000368.jpg,2,person,medium,False,
blur_9px,motion_blur,9.0,000000000368.jpg,3,person,medium,False,
blur_9px,motion_blur,9.0,000000000368.jpg,4,person,medium,True,0.4898831248283386
blur_9px,motion_blur,9.0,000000000368.jpg,5,person,medium,True,0.2776319682598114
blur_9px,motion_blur,9.0,000000000368.jpg,6,person,large,True,0.27538275718688965
blur_9px,motion_blur,9.0,000000000368.jpg,7,person,medium,False,
blur_9px,motion_blur,9.0,000000000368.jpg,8,person,medium,False,
blur_9px,motion_blur,9.0,000000000368.jpg,9,person,medium,False,
blur_9px,motion_blur,9.0,000000000368.jpg,10,person,small,False,
blur_9px,motion_blur,9.0,000000000368.jpg,11,person,medium,True,0.30468952655792236
blur_9px,motion_blur,9.0,000000000370.jpg,0,person,large,True,0.8401877284049988
blur_9px,motion_blur,9.0,000000000382.jpg,0,person,medium,True,0.8179812431335449
blur_9px,motion_blur,9.0,000000000389.jpg,0,person,large,True,0.8186341524124146
blur_9px,motion_blur,9.0,000000000389.jpg,1,person,large,True,0.8729448318481445
blur_9px,motion_blur,9.0,000000000389.jpg,2,person,large,False,
blur_9px,motion_blur,9.0,000000000389.jpg,3,person,medium,False,
blur_9px,motion_blur,9.0,000000000389.jpg,4,person,small,False,
blur_9px,motion_blur,9.0,000000000389.jpg,5,person,medium,False,
blur_9px,motion_blur,9.0,000000000389.jpg,6,person,medium,False,
blur_9px,motion_blur,9.0,000000000389.jpg,7,person,small,False,
blur_9px,motion_blur,9.0,000000000389.jpg,8,person,medium,True,0.6415641903877258
blur_9px,motion_blur,9.0,000000000389.jpg,9,person,large,True,0.8486745953559875
blur_9px,motion_blur,9.0,000000000389.jpg,10,person,small,False,
blur_9px,motion_blur,9.0,000000000389.jpg,11,person,large,True,0.26108378171920776
blur_9px,motion_blur,9.0,000000000395.jpg,0,person,large,True,0.8759853839874268
blur_9px,motion_blur,9.0,000000000395.jpg,1,person,large,True,0.8774749636650085
blur_9px,motion_blur,9.0,000000000395.jpg,2,person,large,True,0.7893718481063843
blur_9px,motion_blur,9.0,000000000395.jpg,3,person,large,True,0.7352988123893738
blur_9px,motion_blur,9.0,000000000395.jpg,4,person,medium,False,
blur_9px,motion_blur,9.0,000000000395.jpg,5,person,medium,True,0.5701190233230591
blur_9px,motion_blur,9.0,000000000395.jpg,6,person,medium,False,
blur_9px,motion_blur,9.0,000000000395.jpg,7,person,medium,False,
blur_9px,motion_blur,9.0,000000000395.jpg,8,person,medium,False,
blur_9px,motion_blur,9.0,000000000395.jpg,9,person,medium,False,
blur_9px,motion_blur,9.0,000000000395.jpg,10,person,medium,True,0.4696809649467468
blur_9px,motion_blur,9.0,000000000397.jpg,0,person,large,False,
blur_9px,motion_blur,9.0,000000000415.jpg,0,person,large,True,0.9247806668281555
blur_9px,motion_blur,9.0,000000000419.jpg,0,person,medium,True,0.810290515422821
blur_9px,motion_blur,9.0,000000000419.jpg,1,person,large,True,0.8943286538124084
blur_9px,motion_blur,9.0,000000000419.jpg,2,car,small,False,
blur_9px,motion_blur,9.0,000000000419.jpg,3,car,small,False,
blur_9px,motion_blur,9.0,000000000419.jpg,4,car,small,False,
blur_9px,motion_blur,9.0,000000000428.jpg,0,person,large,True,0.9304995536804199
blur_9px,motion_blur,9.0,000000000431.jpg,0,person,large,True,0.8940989375114441
blur_9px,motion_blur,9.0,000000000436.jpg,0,person,large,True,0.8867142796516418
blur_9px,motion_blur,9.0,000000000443.jpg,0,person,large,True,0.32639995217323303
blur_9px,motion_blur,9.0,000000000443.jpg,1,person,large,True,0.3289688527584076
blur_9px,motion_blur,9.0,000000000443.jpg,2,person,large,True,0.2562513053417206
blur_9px,motion_blur,9.0,000000000446.jpg,0,person,large,True,0.8532090187072754
blur_9px,motion_blur,9.0,000000000459.jpg,0,person,large,True,0.9065842032432556
blur_9px,motion_blur,9.0,000000000471.jpg,0,bus,large,True,0.9389039278030396
blur_9px,motion_blur,9.0,000000000471.jpg,1,person,small,False,
blur_9px,motion_blur,9.0,000000000474.jpg,0,person,large,True,0.8919677734375
blur_9px,motion_blur,9.0,000000000488.jpg,0,person,large,True,0.802439272403717
blur_9px,motion_blur,9.0,000000000488.jpg,1,person,large,True,0.7552952170372009
blur_9px,motion_blur,9.0,000000000488.jpg,2,person,medium,False,
blur_9px,motion_blur,9.0,000000000488.jpg,3,person,medium,True,0.7824010848999023
blur_9px,motion_blur,9.0,000000000488.jpg,4,person,large,True,0.8686081767082214
blur_9px,motion_blur,9.0,000000000488.jpg,5,person,small,False,
blur_9px,motion_blur,9.0,000000000510.jpg,0,person,large,True,0.8767675757408142
blur_9px,motion_blur,9.0,000000000510.jpg,1,traffic light,medium,False,
blur_9px,motion_blur,9.0,000000000520.jpg,0,person,small,False,
blur_9px,motion_blur,9.0,000000000520.jpg,1,person,small,False,
blur_9px,motion_blur,9.0,000000000520.jpg,2,person,small,False,
blur_9px,motion_blur,9.0,000000000529.jpg,0,motorcycle,large,False,
blur_9px,motion_blur,9.0,000000000529.jpg,1,person,large,True,0.46596968173980713
blur_9px,motion_blur,9.0,000000000529.jpg,2,person,large,False,
blur_9px,motion_blur,9.0,000000000531.jpg,0,bicycle,small,False,
blur_9px,motion_blur,9.0,000000000531.jpg,1,person,medium,True,0.8305598497390747
blur_9px,motion_blur,9.0,000000000531.jpg,2,bicycle,small,False,
blur_9px,motion_blur,9.0,000000000531.jpg,3,person,medium,True,0.5983087420463562
blur_9px,motion_blur,9.0,000000000531.jpg,4,person,small,False,
blur_9px,motion_blur,9.0,000000000531.jpg,5,person,small,False,
blur_9px,motion_blur,9.0,000000000531.jpg,6,person,small,False,
blur_9px,motion_blur,9.0,000000000531.jpg,7,person,small,False,
blur_9px,motion_blur,9.0,000000000531.jpg,8,person,small,False,
blur_9px,motion_blur,9.0,000000000531.jpg,9,person,small,False,
blur_9px,motion_blur,9.0,000000000531.jpg,10,bicycle,small,False,
blur_9px,motion_blur,9.0,000000000532.jpg,0,bus,large,True,0.8520201444625854
blur_9px,motion_blur,9.0,000000000532.jpg,1,person,medium,True,0.8104709982872009
blur_9px,motion_blur,9.0,000000000532.jpg,2,person,medium,True,0.8194838762283325
blur_9px,motion_blur,9.0,000000000532.jpg,3,person,small,False,
blur_9px,motion_blur,9.0,000000000532.jpg,4,person,small,False,
blur_9px,motion_blur,9.0,000000000532.jpg,5,bus,large,True,0.7541049122810364
blur_9px,motion_blur,9.0,000000000536.jpg,0,person,large,True,0.893502414226532
blur_9px,motion_blur,9.0,000000000536.jpg,1,person,large,True,0.7298661470413208
blur_9px,motion_blur,9.0,000000000536.jpg,2,person,large,True,0.7590013146400452
blur_9px,motion_blur,9.0,000000000540.jpg,0,car,small,False,
blur_9px,motion_blur,9.0,000000000540.jpg,1,car,small,False,
blur_9px,motion_blur,9.0,000000000540.jpg,2,car,small,False,
blur_9px,motion_blur,9.0,000000000540.jpg,3,car,small,False,
blur_9px,motion_blur,9.0,000000000540.jpg,4,truck,small,False,
blur_9px,motion_blur,9.0,000000000540.jpg,5,traffic light,small,False,
blur_9px,motion_blur,9.0,000000000540.jpg,6,car,small,False,
blur_9px,motion_blur,9.0,000000000540.jpg,7,car,small,False,
blur_9px,motion_blur,9.0,000000000540.jpg,8,car,small,False,
blur_9px,motion_blur,9.0,000000000540.jpg,9,car,small,False,
blur_9px,motion_blur,9.0,000000000540.jpg,10,car,small,False,
blur_9px,motion_blur,9.0,000000000540.jpg,11,car,small,False,
blur_9px,motion_blur,9.0,000000000540.jpg,12,car,small,False,
blur_9px,motion_blur,9.0,000000000540.jpg,13,car,small,False,
blur_9px,motion_blur,9.0,000000000540.jpg,14,bus,small,False,
blur_9px,motion_blur,9.0,000000000540.jpg,15,truck,small,False,
blur_9px,motion_blur,9.0,000000000540.jpg,16,car,small,False,
blur_9px,motion_blur,9.0,000000000540.jpg,17,bus,small,False,
blur_9px,motion_blur,9.0,000000000540.jpg,18,truck,small,False,
blur_9px,motion_blur,9.0,000000000542.jpg,0,person,large,True,0.7262901663780212
blur_9px,motion_blur,9.0,000000000542.jpg,1,person,medium,True,0.2698134481906891
blur_9px,motion_blur,9.0,000000000542.jpg,2,person,medium,True,0.758252739906311
blur_9px,motion_blur,9.0,000000000542.jpg,3,person,medium,True,0.6725007891654968
blur_9px,motion_blur,9.0,000000000542.jpg,4,person,medium,True,0.6710528135299683
blur_9px,motion_blur,9.0,000000000542.jpg,5,person,medium,False,
blur_9px,motion_blur,9.0,000000000542.jpg,6,person,medium,True,0.3236621022224426
blur_9px,motion_blur,9.0,000000000542.jpg,7,person,medium,False,
blur_9px,motion_blur,9.0,000000000542.jpg,8,person,medium,False,
blur_9px,motion_blur,9.0,000000000542.jpg,9,person,medium,True,0.5487745404243469
blur_9px,motion_blur,9.0,000000000542.jpg,10,person,small,False,
blur_9px,motion_blur,9.0,000000000542.jpg,11,person,medium,False,
blur_9px,motion_blur,9.0,000000000544.jpg,0,person,large,True,0.8918737769126892
blur_9px,motion_blur,9.0,000000000544.jpg,1,person,large,True,0.8324817419052124
blur_9px,motion_blur,9.0,000000000544.jpg,2,person,large,True,0.8878413438796997
blur_9px,motion_blur,9.0,000000000544.jpg,3,person,medium,True,0.5043445825576782
blur_9px,motion_blur,9.0,000000000544.jpg,4,person,medium,True,0.47173309326171875
blur_9px,motion_blur,9.0,000000000544.jpg,5,person,small,True,0.6858192682266235
blur_9px,motion_blur,9.0,000000000544.jpg,6,person,medium,True,0.36997807025909424
blur_9px,motion_blur,9.0,000000000544.jpg,7,person,medium,True,0.2541746497154236
blur_9px,motion_blur,9.0,000000000544.jpg,8,person,small,False,
blur_9px,motion_blur,9.0,000000000544.jpg,9,person,medium,True,0.7642412185668945
blur_9px,motion_blur,9.0,000000000544.jpg,10,person,small,False,
blur_9px,motion_blur,9.0,000000000544.jpg,11,person,medium,True,0.3815452456474304
blur_9px,motion_blur,9.0,000000000544.jpg,12,person,small,False,
blur_9px,motion_blur,9.0,000000000564.jpg,0,person,large,True,0.8067545294761658
blur_9px,motion_blur,9.0,000000000564.jpg,1,person,medium,False,
blur_9px,motion_blur,9.0,000000000569.jpg,0,person,large,True,0.7980190515518188
blur_9px,motion_blur,9.0,000000000572.jpg,0,person,large,True,0.813015341758728
blur_9px,motion_blur,9.0,000000000572.jpg,1,person,large,True,0.7995184063911438
blur_9px,motion_blur,9.0,000000000589.jpg,0,person,large,True,0.8637791275978088
blur_9px,motion_blur,9.0,000000000623.jpg,0,person,large,True,0.48349955677986145
blur_9px,motion_blur,9.0,000000000625.jpg,0,person,large,True,0.8982718586921692
blur_9px,motion_blur,9.0,000000000625.jpg,1,person,large,True,0.9098772406578064
blur_9px,motion_blur,9.0,000000000625.jpg,2,person,large,True,0.8874538540840149
blur_9px,motion_blur,9.0,000000000629.jpg,0,motorcycle,large,True,0.8409767746925354
blur_9px,motion_blur,9.0,000000000634.jpg,0,person,large,True,0.8868638873100281
blur_9px,motion_blur,9.0,000000000634.jpg,1,person,small,False,
blur_9px,motion_blur,9.0,000000000634.jpg,2,person,large,True,0.4437032639980316
blur_9px,motion_blur,9.0,000000000634.jpg,3,person,small,False,
blur_9px,motion_blur,9.0,000000000634.jpg,4,person,small,True,0.35620060563087463
blur_9px,motion_blur,9.0,000000000641.jpg,0,bicycle,medium,False,
blur_9px,motion_blur,9.0,000000000641.jpg,1,bicycle,small,False,
blur_9px,motion_blur,9.0,000000000641.jpg,2,bus,large,True,0.8909924030303955
blur_9px,motion_blur,9.0,000000000641.jpg,3,person,small,False,
blur_9px,motion_blur,9.0,000000000641.jpg,4,person,small,False,
blur_9px,motion_blur,9.0,000000000641.jpg,5,person,small,False,
blur_9px,motion_blur,9.0,000000000641.jpg,6,person,small,False,
blur_9px,motion_blur,9.0,000000000641.jpg,7,person,small,False,
blur_9px,motion_blur,9.0,000000000641.jpg,8,person,small,False,
blur_9px,motion_blur,9.0,000000000641.jpg,9,person,small,False,
blur_9px,motion_blur,9.0,000000000641.jpg,10,person,small,False,
blur_9px,motion_blur,9.0,000000000641.jpg,11,person,small,False,
blur_9px,motion_blur,9.0,000000000650.jpg,0,car,large,True,0.4696829915046692
blur_15px,motion_blur,15.0,000000000036.jpg,0,person,large,True,0.8158488869667053
blur_15px,motion_blur,15.0,000000000049.jpg,0,person,medium,False,
blur_15px,motion_blur,15.0,000000000049.jpg,1,person,medium,False,
blur_15px,motion_blur,15.0,000000000049.jpg,2,person,small,False,
blur_15px,motion_blur,15.0,000000000049.jpg,3,person,small,False,
blur_15px,motion_blur,15.0,000000000049.jpg,4,person,small,False,
blur_15px,motion_blur,15.0,000000000049.jpg,5,person,small,False,
blur_15px,motion_blur,15.0,000000000061.jpg,0,person,medium,False,
blur_15px,motion_blur,15.0,000000000061.jpg,1,person,medium,False,
blur_15px,motion_blur,15.0,000000000061.jpg,2,person,medium,False,
blur_15px,motion_blur,15.0,000000000064.jpg,0,car,large,True,0.4277902841567993
blur_15px,motion_blur,15.0,000000000064.jpg,1,truck,medium,False,
blur_15px,motion_blur,15.0,000000000071.jpg,0,car,small,False,
blur_15px,motion_blur,15.0,000000000071.jpg,1,car,small,False,
blur_15px,motion_blur,15.0,000000000071.jpg,2,car,small,False,
blur_15px,motion_blur,15.0,000000000071.jpg,3,car,small,False,
blur_15px,motion_blur,15.0,000000000071.jpg,4,car,small,False,
blur_15px,motion_blur,15.0,000000000071.jpg,5,car,small,False,
blur_15px,motion_blur,15.0,000000000071.jpg,6,truck,small,False,
blur_15px,motion_blur,15.0,000000000071.jpg,7,truck,small,False,
blur_15px,motion_blur,15.0,000000000071.jpg,8,car,small,False,
blur_15px,motion_blur,15.0,000000000071.jpg,9,car,small,False,
blur_15px,motion_blur,15.0,000000000071.jpg,10,car,small,False,
blur_15px,motion_blur,15.0,000000000071.jpg,11,car,small,False,
blur_15px,motion_blur,15.0,000000000071.jpg,12,car,small,False,
blur_15px,motion_blur,15.0,000000000071.jpg,13,car,small,False,
blur_15px,motion_blur,15.0,000000000071.jpg,14,car,small,False,
blur_15px,motion_blur,15.0,000000000073.jpg,0,motorcycle,large,False,
blur_15px,motion_blur,15.0,000000000073.jpg,1,motorcycle,large,False,
blur_15px,motion_blur,15.0,000000000074.jpg,0,bicycle,large,True,0.2682373523712158
blur_15px,motion_blur,15.0,000000000074.jpg,1,person,medium,False,
blur_15px,motion_blur,15.0,000000000074.jpg,2,person,small,False,
blur_15px,motion_blur,15.0,000000000074.jpg,3,person,small,False,
blur_15px,motion_blur,15.0,000000000074.jpg,4,person,medium,False,
blur_15px,motion_blur,15.0,000000000074.jpg,5,person,small,False,
blur_15px,motion_blur,15.0,000000000074.jpg,6,person,small,False,
blur_15px,motion_blur,15.0,000000000077.jpg,0,person,large,False,
blur_15px,motion_blur,15.0,000000000077.jpg,1,person,medium,False,
blur_15px,motion_blur,15.0,000000000077.jpg,2,person,large,True,0.5463306903839111
blur_15px,motion_blur,15.0,000000000077.jpg,3,person,medium,False,
blur_15px,motion_blur,15.0,000000000077.jpg,4,person,medium,False,
blur_15px,motion_blur,15.0,000000000086.jpg,0,person,large,False,
blur_15px,motion_blur,15.0,000000000086.jpg,1,motorcycle,large,False,
blur_15px,motion_blur,15.0,000000000094.jpg,0,car,medium,True,0.6286327242851257
blur_15px,motion_blur,15.0,000000000094.jpg,1,truck,medium,False,
blur_15px,motion_blur,15.0,000000000109.jpg,0,person,small,False,
blur_15px,motion_blur,15.0,000000000109.jpg,1,person,small,False,
blur_15px,motion_blur,15.0,000000000109.jpg,2,person,small,False,
blur_15px,motion_blur,15.0,000000000109.jpg,3,person,small,False,
blur_15px,motion_blur,15.0,000000000109.jpg,4,person,small,False,
blur_15px,motion_blur,15.0,000000000110.jpg,0,person,large,True,0.7678812146186829
blur_15px,motion_blur,15.0,000000000110.jpg,1,person,large,True,0.8657633662223816
blur_15px,motion_blur,15.0,000000000110.jpg,2,person,large,True,0.40546610951423645
blur_15px,motion_blur,15.0,000000000110.jpg,3,person,medium,False,
blur_15px,motion_blur,15.0,000000000110.jpg,4,person,medium,False,
blur_15px,motion_blur,15.0,000000000110.jpg,5,person,large,False,
blur_15px,motion_blur,15.0,000000000110.jpg,6,person,medium,False,
blur_15px,motion_blur,15.0,000000000110.jpg,7,person,medium,False,
blur_15px,motion_blur,15.0,000000000110.jpg,8,person,small,False,
blur_15px,motion_blur,15.0,000000000110.jpg,9,person,medium,False,
blur_15px,motion_blur,15.0,000000000113.jpg,0,person,large,True,0.8011699914932251
blur_15px,motion_blur,15.0,000000000113.jpg,1,person,large,True,0.3692634403705597
blur_15px,motion_blur,15.0,000000000113.jpg,2,person,large,True,0.8171897530555725
blur_15px,motion_blur,15.0,000000000127.jpg,0,person,small,False,
blur_15px,motion_blur,15.0,000000000136.jpg,0,person,large,True,0.7100563049316406
blur_15px,motion_blur,15.0,000000000136.jpg,1,person,large,False,
blur_15px,motion_blur,15.0,000000000149.jpg,0,person,small,False,
blur_15px,motion_blur,15.0,000000000149.jpg,1,person,small,False,
blur_15px,motion_blur,15.0,000000000149.jpg,2,person,small,False,
blur_15px,motion_blur,15.0,000000000149.jpg,3,person,small,False,
blur_15px,motion_blur,15.0,000000000149.jpg,4,person,small,False,
blur_15px,motion_blur,15.0,000000000149.jpg,5,person,small,False,
blur_15px,motion_blur,15.0,000000000149.jpg,6,car,small,False,
blur_15px,motion_blur,15.0,000000000149.jpg,7,car,small,False,
blur_15px,motion_blur,15.0,000000000149.jpg,8,car,small,False,
blur_15px,motion_blur,15.0,000000000149.jpg,9,car,small,False,
blur_15px,motion_blur,15.0,000000000149.jpg,10,person,small,False,
blur_15px,motion_blur,15.0,000000000149.jpg,11,person,small,False,
blur_15px,motion_blur,15.0,000000000149.jpg,12,person,small,False,
blur_15px,motion_blur,15.0,000000000149.jpg,13,person,small,False,
blur_15px,motion_blur,15.0,000000000149.jpg,14,person,small,False,
blur_15px,motion_blur,15.0,000000000149.jpg,15,person,small,False,
blur_15px,motion_blur,15.0,000000000151.jpg,0,person,medium,False,
blur_15px,motion_blur,15.0,000000000165.jpg,0,person,large,True,0.5063682794570923
blur_15px,motion_blur,15.0,000000000165.jpg,1,person,large,True,0.6684421300888062
blur_15px,motion_blur,15.0,000000000192.jpg,0,person,large,True,0.8398011326789856
blur_15px,motion_blur,15.0,000000000192.jpg,1,person,large,False,
blur_15px,motion_blur,15.0,000000000192.jpg,2,person,medium,True,0.5658297538757324
blur_15px,motion_blur,15.0,000000000192.jpg,3,person,large,True,0.7406296133995056
blur_15px,motion_blur,15.0,000000000201.jpg,0,person,small,False,
blur_15px,motion_blur,15.0,000000000201.jpg,1,person,small,False,
blur_15px,motion_blur,15.0,000000000241.jpg,0,person,large,True,0.7894831299781799
blur_15px,motion_blur,15.0,000000000241.jpg,1,person,large,True,0.7923241257667542
blur_15px,motion_blur,15.0,000000000241.jpg,2,person,large,True,0.7105353474617004
blur_15px,motion_blur,15.0,000000000241.jpg,3,person,medium,False,
blur_15px,motion_blur,15.0,000000000241.jpg,4,person,large,False,
blur_15px,motion_blur,15.0,000000000247.jpg,0,car,medium,True,0.5042334794998169
blur_15px,motion_blur,15.0,000000000247.jpg,1,car,small,False,
blur_15px,motion_blur,15.0,000000000247.jpg,2,car,small,False,
blur_15px,motion_blur,15.0,000000000247.jpg,3,car,small,False,
blur_15px,motion_blur,15.0,000000000247.jpg,4,car,small,False,
blur_15px,motion_blur,15.0,000000000247.jpg,5,car,small,False,
blur_15px,motion_blur,15.0,000000000257.jpg,0,traffic light,small,False,
blur_15px,motion_blur,15.0,000000000257.jpg,1,traffic light,small,False,
blur_15px,motion_blur,15.0,000000000257.jpg,2,truck,large,False,
blur_15px,motion_blur,15.0,000000000257.jpg,3,truck,medium,False,
blur_15px,motion_blur,15.0,000000000257.jpg,4,person,large,True,0.6203684210777283
blur_15px,motion_blur,15.0,000000000257.jpg,5,person,medium,False,
blur_15px,motion_blur,15.0,000000000257.jpg,6,person,medium,False,
blur_15px,motion_blur,15.0,000000000257.jpg,7,person,medium,False,
blur_15px,motion_blur,15.0,000000000257.jpg,8,person,medium,False,
blur_15px,motion_blur,15.0,000000000257.jpg,9,person,small,False,
blur_15px,motion_blur,15.0,000000000257.jpg,10,person,small,False,
blur_15px,motion_blur,15.0,000000000257.jpg,11,person,medium,False,
blur_15px,motion_blur,15.0,000000000257.jpg,12,person,small,False,
blur_15px,motion_blur,15.0,000000000257.jpg,13,person,small,False,
blur_15px,motion_blur,15.0,000000000257.jpg,14,person,medium,False,
blur_15px,motion_blur,15.0,000000000257.jpg,15,traffic light,small,False,
blur_15px,motion_blur,15.0,000000000257.jpg,16,traffic light,small,False,
blur_15px,motion_blur,15.0,000000000257.jpg,17,traffic light,small,False,
blur_15px,motion_blur,15.0,000000000257.jpg,18,person,small,False,
blur_15px,motion_blur,15.0,000000000257.jpg,19,truck,large,False,
blur_15px,motion_blur,15.0,000000000257.jpg,20,truck,medium,False,
blur_15px,motion_blur,15.0,000000000257.jpg,21,truck,small,False,
blur_15px,motion_blur,15.0,000000000257.jpg,22,traffic light,small,False,
blur_15px,motion_blur,15.0,000000000257.jpg,23,person,small,False,
blur_15px,motion_blur,15.0,000000000257.jpg,24,traffic light,small,False,
blur_15px,motion_blur,15.0,000000000257.jpg,25,traffic light,small,False,
blur_15px,motion_blur,15.0,000000000257.jpg,26,traffic light,small,False,
blur_15px,motion_blur,15.0,000000000260.jpg,0,bus,large,False,
blur_15px,motion_blur,15.0,000000000260.jpg,1,person,medium,True,0.2985890209674835
blur_15px,motion_blur,15.0,000000000260.jpg,2,person,small,False,
blur_15px,motion_blur,15.0,000000000260.jpg,3,car,small,False,
blur_15px,motion_blur,15.0,000000000294.jpg,0,person,large,True,0.8290006518363953
blur_15px,motion_blur,15.0,000000000307.jpg,0,car,small,False,
blur_15px,motion_blur,15.0,000000000308.jpg,0,person,large,True,0.8070900440216064
blur_15px,motion_blur,15.0,000000000308.jpg,1,person,large,True,0.8669279217720032
blur_15px,motion_blur,15.0,000000000308.jpg,2,person,large,False,
blur_15px,motion_blur,15.0,000000000308.jpg,3,person,medium,False,
blur_15px,motion_blur,15.0,000000000308.jpg,4,person,large,True,0.7037175893783569
blur_15px,motion_blur,15.0,000000000308.jpg,5,person,large,False,
blur_15px,motion_blur,15.0,000000000308.jpg,6,person,medium,False,
blur_15px,motion_blur,15.0,000000000315.jpg,0,person,large,True,0.6523611545562744
blur_15px,motion_blur,15.0,000000000315.jpg,1,person,medium,False,
blur_15px,motion_blur,15.0,000000000315.jpg,2,person,large,False,
blur_15px,motion_blur,15.0,000000000315.jpg,3,person,medium,False,
blur_15px,motion_blur,15.0,000000000315.jpg,4,person,medium,False,
blur_15px,motion_blur,15.0,000000000315.jpg,5,person,medium,False,
blur_15px,motion_blur,15.0,000000000315.jpg,6,person,small,False,
blur_15px,motion_blur,15.0,000000000315.jpg,7,person,medium,False,
blur_15px,motion_blur,15.0,000000000315.jpg,8,person,small,False,
blur_15px,motion_blur,15.0,000000000315.jpg,9,person,small,False,
blur_15px,motion_blur,15.0,000000000315.jpg,10,person,medium,False,
blur_15px,motion_blur,15.0,000000000315.jpg,11,person,small,False,
blur_15px,motion_blur,15.0,000000000315.jpg,12,person,small,False,
blur_15px,motion_blur,15.0,000000000322.jpg,0,person,large,True,0.8165597915649414
blur_15px,motion_blur,15.0,000000000326.jpg,0,person,large,True,0.5619398951530457
blur_15px,motion_blur,15.0,000000000328.jpg,0,person,large,True,0.6879127025604248
blur_15px,motion_blur,15.0,000000000328.jpg,1,person,large,True,0.5283929705619812
blur_15px,motion_blur,15.0,000000000328.jpg,2,person,large,True,0.5102921724319458
blur_15px,motion_blur,15.0,000000000328.jpg,3,car,medium,False,
blur_15px,motion_blur,15.0,000000000338.jpg,0,person,large,True,0.49341920018196106
blur_15px,motion_blur,15.0,000000000338.jpg,1,person,medium,True,0.42369645833969116
blur_15px,motion_blur,15.0,000000000357.jpg,0,person,small,False,
blur_15px,motion_blur,15.0,000000000357.jpg,1,person,small,False,
blur_15px,motion_blur,15.0,000000000357.jpg,2,person,small,False,
blur_15px,motion_blur,15.0,000000000357.jpg,3,person,small,True,0.3059827983379364
blur_15px,motion_blur,15.0,000000000357.jpg,4,person,medium,False,
blur_15px,motion_blur,15.0,000000000357.jpg,5,person,small,False,
blur_15px,motion_blur,15.0,000000000357.jpg,6,person,medium,False,
blur_15px,motion_blur,15.0,000000000357.jpg,7,person,small,False,
blur_15px,motion_blur,15.0,000000000357.jpg,8,person,small,False,
blur_15px,motion_blur,15.0,000000000357.jpg,9,person,small,False,
blur_15px,motion_blur,15.0,000000000357.jpg,10,person,small,False,
blur_15px,motion_blur,15.0,000000000357.jpg,11,person,small,False,
blur_15px,motion_blur,15.0,000000000357.jpg,12,person,small,False,
blur_15px,motion_blur,15.0,000000000359.jpg,0,traffic light,medium,False,
blur_15px,motion_blur,15.0,000000000359.jpg,1,traffic light,medium,False,
blur_15px,motion_blur,15.0,000000000359.jpg,2,traffic light,small,False,
blur_15px,motion_blur,15.0,000000000359.jpg,3,car,medium,False,
blur_15px,motion_blur,15.0,000000000360.jpg,0,person,medium,False,
blur_15px,motion_blur,15.0,000000000360.jpg,1,person,small,False,
blur_15px,motion_blur,15.0,000000000368.jpg,0,person,large,True,0.7525889873504639
blur_15px,motion_blur,15.0,000000000368.jpg,1,person,medium,False,
blur_15px,motion_blur,15.0,000000000368.jpg,2,person,medium,False,
blur_15px,motion_blur,15.0,000000000368.jpg,3,person,medium,False,
blur_15px,motion_blur,15.0,000000000368.jpg,4,person,medium,False,
blur_15px,motion_blur,15.0,000000000368.jpg,5,person,medium,False,
blur_15px,motion_blur,15.0,000000000368.jpg,6,person,large,False,
blur_15px,motion_blur,15.0,000000000368.jpg,7,person,medium,False,
blur_15px,motion_blur,15.0,000000000368.jpg,8,person,medium,False,
blur_15px,motion_blur,15.0,000000000368.jpg,9,person,medium,False,
blur_15px,motion_blur,15.0,000000000368.jpg,10,person,small,False,
blur_15px,motion_blur,15.0,000000000368.jpg,11,person,medium,False,
blur_15px,motion_blur,15.0,000000000370.jpg,0,person,large,True,0.8190468549728394
blur_15px,motion_blur,15.0,000000000382.jpg,0,person,medium,True,0.6177321076393127
blur_15px,motion_blur,15.0,000000000389.jpg,0,person,large,True,0.4792369604110718
blur_15px,motion_blur,15.0,000000000389.jpg,1,person,large,True,0.8482268452644348
blur_15px,motion_blur,15.0,000000000389.jpg,2,person,large,False,
blur_15px,motion_blur,15.0,000000000389.jpg,3,person,medium,False,
blur_15px,motion_blur,15.0,000000000389.jpg,4,person,small,False,
blur_15px,motion_blur,15.0,000000000389.jpg,5,person,medium,False,
blur_15px,motion_blur,15.0,000000000389.jpg,6,person,medium,False,
blur_15px,motion_blur,15.0,000000000389.jpg,7,person,small,False,
blur_15px,motion_blur,15.0,000000000389.jpg,8,person,medium,True,0.42534077167510986
blur_15px,motion_blur,15.0,000000000389.jpg,9,person,large,True,0.6845269203186035
blur_15px,motion_blur,15.0,000000000389.jpg,10,person,small,False,
blur_15px,motion_blur,15.0,000000000389.jpg,11,person,large,False,
blur_15px,motion_blur,15.0,000000000395.jpg,0,person,large,True,0.39764678478240967
blur_15px,motion_blur,15.0,000000000395.jpg,1,person,large,True,0.8721383810043335
blur_15px,motion_blur,15.0,000000000395.jpg,2,person,large,True,0.7362726926803589
blur_15px,motion_blur,15.0,000000000395.jpg,3,person,large,True,0.6550886631011963
blur_15px,motion_blur,15.0,000000000395.jpg,4,person,medium,False,
blur_15px,motion_blur,15.0,000000000395.jpg,5,person,medium,True,0.45597150921821594
blur_15px,motion_blur,15.0,000000000395.jpg,6,person,medium,False,
blur_15px,motion_blur,15.0,000000000395.jpg,7,person,medium,False,
blur_15px,motion_blur,15.0,000000000395.jpg,8,person,medium,False,
blur_15px,motion_blur,15.0,000000000395.jpg,9,person,medium,False,
blur_15px,motion_blur,15.0,000000000395.jpg,10,person,medium,True,0.3566136062145233
blur_15px,motion_blur,15.0,000000000397.jpg,0,person,large,False,
blur_15px,motion_blur,15.0,000000000415.jpg,0,person,large,True,0.9121638536453247
blur_15px,motion_blur,15.0,000000000419.jpg,0,person,medium,True,0.5886669754981995
blur_15px,motion_blur,15.0,000000000419.jpg,1,person,large,True,0.8796809911727905
blur_15px,motion_blur,15.0,000000000419.jpg,2,car,small,False,
blur_15px,motion_blur,15.0,000000000419.jpg,3,car,small,False,
blur_15px,motion_blur,15.0,000000000419.jpg,4,car,small,False,
blur_15px,motion_blur,15.0,000000000428.jpg,0,person,large,True,0.9012951254844666
blur_15px,motion_blur,15.0,000000000431.jpg,0,person,large,True,0.8314281702041626
blur_15px,motion_blur,15.0,000000000436.jpg,0,person,large,True,0.8748950958251953
blur_15px,motion_blur,15.0,000000000443.jpg,0,person,large,True,0.8028450608253479
blur_15px,motion_blur,15.0,000000000443.jpg,1,person,large,True,0.3663094639778137
blur_15px,motion_blur,15.0,000000000443.jpg,2,person,large,True,0.2560543119907379
blur_15px,motion_blur,15.0,000000000446.jpg,0,person,large,True,0.8173701763153076
blur_15px,motion_blur,15.0,000000000459.jpg,0,person,large,True,0.8396972417831421
blur_15px,motion_blur,15.0,000000000471.jpg,0,bus,large,True,0.9321354031562805
blur_15px,motion_blur,15.0,000000000471.jpg,1,person,small,False,
blur_15px,motion_blur,15.0,000000000474.jpg,0,person,large,True,0.915863573551178
blur_15px,motion_blur,15.0,000000000488.jpg,0,person,large,True,0.4229932725429535
blur_15px,motion_blur,15.0,000000000488.jpg,1,person,large,True,0.5411291122436523
blur_15px,motion_blur,15.0,000000000488.jpg,2,person,medium,False,
blur_15px,motion_blur,15.0,000000000488.jpg,3,person,medium,False,
blur_15px,motion_blur,15.0,000000000488.jpg,4,person,large,True,0.8469505906105042
blur_15px,motion_blur,15.0,000000000488.jpg,5,person,small,False,
blur_15px,motion_blur,15.0,000000000510.jpg,0,person,large,True,0.7653361558914185
blur_15px,motion_blur,15.0,000000000510.jpg,1,traffic light,medium,False,
blur_15px,motion_blur,15.0,000000000520.jpg,0,person,small,False,
blur_15px,motion_blur,15.0,000000000520.jpg,1,person,small,False,
blur_15px,motion_blur,15.0,000000000520.jpg,2,person,small,False,
blur_15px,motion_blur,15.0,000000000529.jpg,0,motorcycle,large,False,
blur_15px,motion_blur,15.0,000000000529.jpg,1,person,large,True,0.3949340581893921
blur_15px,motion_blur,15.0,000000000529.jpg,2,person,large,False,
blur_15px,motion_blur,15.0,000000000531.jpg,0,bicycle,small,False,
blur_15px,motion_blur,15.0,000000000531.jpg,1,person,medium,True,0.27559271454811096
blur_15px,motion_blur,15.0,000000000531.jpg,2,bicycle,small,False,
blur_15px,motion_blur,15.0,000000000531.jpg,3,person,medium,False,
blur_15px,motion_blur,15.0,000000000531.jpg,4,person,small,False,
blur_15px,motion_blur,15.0,000000000531.jpg,5,person,small,False,
blur_15px,motion_blur,15.0,000000000531.jpg,6,person,small,False,
blur_15px,motion_blur,15.0,000000000531.jpg,7,person,small,False,
blur_15px,motion_blur,15.0,000000000531.jpg,8,person,small,False,
blur_15px,motion_blur,15.0,000000000531.jpg,9,person,small,False,
blur_15px,motion_blur,15.0,000000000531.jpg,10,bicycle,small,False,
blur_15px,motion_blur,15.0,000000000532.jpg,0,bus,large,True,0.8783010840415955
blur_15px,motion_blur,15.0,000000000532.jpg,1,person,medium,False,
blur_15px,motion_blur,15.0,000000000532.jpg,2,person,medium,True,0.615222156047821
blur_15px,motion_blur,15.0,000000000532.jpg,3,person,small,False,
blur_15px,motion_blur,15.0,000000000532.jpg,4,person,small,False,
blur_15px,motion_blur,15.0,000000000532.jpg,5,bus,large,True,0.7818933725357056
blur_15px,motion_blur,15.0,000000000536.jpg,0,person,large,True,0.859377384185791
blur_15px,motion_blur,15.0,000000000536.jpg,1,person,large,True,0.7668333649635315
blur_15px,motion_blur,15.0,000000000536.jpg,2,person,large,True,0.7520932555198669
blur_15px,motion_blur,15.0,000000000540.jpg,0,car,small,False,
blur_15px,motion_blur,15.0,000000000540.jpg,1,car,small,False,
blur_15px,motion_blur,15.0,000000000540.jpg,2,car,small,False,
blur_15px,motion_blur,15.0,000000000540.jpg,3,car,small,False,
blur_15px,motion_blur,15.0,000000000540.jpg,4,truck,small,False,
blur_15px,motion_blur,15.0,000000000540.jpg,5,traffic light,small,False,
blur_15px,motion_blur,15.0,000000000540.jpg,6,car,small,False,
blur_15px,motion_blur,15.0,000000000540.jpg,7,car,small,False,
blur_15px,motion_blur,15.0,000000000540.jpg,8,car,small,False,
blur_15px,motion_blur,15.0,000000000540.jpg,9,car,small,False,
blur_15px,motion_blur,15.0,000000000540.jpg,10,car,small,False,
blur_15px,motion_blur,15.0,000000000540.jpg,11,car,small,False,
blur_15px,motion_blur,15.0,000000000540.jpg,12,car,small,False,
blur_15px,motion_blur,15.0,000000000540.jpg,13,car,small,False,
blur_15px,motion_blur,15.0,000000000540.jpg,14,bus,small,False,
blur_15px,motion_blur,15.0,000000000540.jpg,15,truck,small,False,
blur_15px,motion_blur,15.0,000000000540.jpg,16,car,small,False,
blur_15px,motion_blur,15.0,000000000540.jpg,17,bus,small,False,
blur_15px,motion_blur,15.0,000000000540.jpg,18,truck,small,False,
blur_15px,motion_blur,15.0,000000000542.jpg,0,person,large,True,0.32412758469581604
blur_15px,motion_blur,15.0,000000000542.jpg,1,person,medium,False,
blur_15px,motion_blur,15.0,000000000542.jpg,2,person,medium,True,0.2529712915420532
blur_15px,motion_blur,15.0,000000000542.jpg,3,person,medium,False,
blur_15px,motion_blur,15.0,000000000542.jpg,4,person,medium,False,
blur_15px,motion_blur,15.0,000000000542.jpg,5,person,medium,False,
blur_15px,motion_blur,15.0,000000000542.jpg,6,person,medium,False,
blur_15px,motion_blur,15.0,000000000542.jpg,7,person,medium,False,
blur_15px,motion_blur,15.0,000000000542.jpg,8,person,medium,False,
blur_15px,motion_blur,15.0,000000000542.jpg,9,person,medium,False,
blur_15px,motion_blur,15.0,000000000542.jpg,10,person,small,False,
blur_15px,motion_blur,15.0,000000000542.jpg,11,person,medium,False,
blur_15px,motion_blur,15.0,000000000544.jpg,0,person,large,True,0.8252519965171814
blur_15px,motion_blur,15.0,000000000544.jpg,1,person,large,True,0.5006387233734131
blur_15px,motion_blur,15.0,000000000544.jpg,2,person,large,True,0.592491626739502
blur_15px,motion_blur,15.0,000000000544.jpg,3,person,medium,False,
blur_15px,motion_blur,15.0,000000000544.jpg,4,person,medium,False,
blur_15px,motion_blur,15.0,000000000544.jpg,5,person,small,False,
blur_15px,motion_blur,15.0,000000000544.jpg,6,person,medium,False,
blur_15px,motion_blur,15.0,000000000544.jpg,7,person,medium,False,
blur_15px,motion_blur,15.0,000000000544.jpg,8,person,small,False,
blur_15px,motion_blur,15.0,000000000544.jpg,9,person,medium,False,
blur_15px,motion_blur,15.0,000000000544.jpg,10,person,small,False,
blur_15px,motion_blur,15.0,000000000544.jpg,11,person,medium,False,
blur_15px,motion_blur,15.0,000000000544.jpg,12,person,small,False,
blur_15px,motion_blur,15.0,000000000564.jpg,0,person,large,True,0.865380585193634
blur_15px,motion_blur,15.0,000000000564.jpg,1,person,medium,False,
blur_15px,motion_blur,15.0,000000000569.jpg,0,person,large,True,0.6276289224624634
blur_15px,motion_blur,15.0,000000000572.jpg,0,person,large,True,0.731076180934906
blur_15px,motion_blur,15.0,000000000572.jpg,1,person,large,True,0.7576902508735657
blur_15px,motion_blur,15.0,000000000589.jpg,0,person,large,True,0.8536274433135986
blur_15px,motion_blur,15.0,000000000623.jpg,0,person,large,True,0.565717339515686
blur_15px,motion_blur,15.0,000000000625.jpg,0,person,large,True,0.7212164402008057
blur_15px,motion_blur,15.0,000000000625.jpg,1,person,large,True,0.515098512172699
blur_15px,motion_blur,15.0,000000000625.jpg,2,person,large,True,0.839324414730072
blur_15px,motion_blur,15.0,000000000629.jpg,0,motorcycle,large,True,0.7128235101699829
blur_15px,motion_blur,15.0,000000000634.jpg,0,person,large,True,0.7786625027656555
blur_15px,motion_blur,15.0,000000000634.jpg,1,person,small,False,
blur_15px,motion_blur,15.0,000000000634.jpg,2,person,large,True,0.4392845332622528
blur_15px,motion_blur,15.0,000000000634.jpg,3,person,small,False,
blur_15px,motion_blur,15.0,000000000634.jpg,4,person,small,False,
blur_15px,motion_blur,15.0,000000000641.jpg,0,bicycle,medium,False,
blur_15px,motion_blur,15.0,000000000641.jpg,1,bicycle,small,False,
blur_15px,motion_blur,15.0,000000000641.jpg,2,bus,large,True,0.8973014950752258
blur_15px,motion_blur,15.0,000000000641.jpg,3,person,small,False,
blur_15px,motion_blur,15.0,000000000641.jpg,4,person,small,False,
blur_15px,motion_blur,15.0,000000000641.jpg,5,person,small,False,
blur_15px,motion_blur,15.0,000000000641.jpg,6,person,small,False,
blur_15px,motion_blur,15.0,000000000641.jpg,7,person,small,False,
blur_15px,motion_blur,15.0,000000000641.jpg,8,person,small,False,
blur_15px,motion_blur,15.0,000000000641.jpg,9,person,small,False,
blur_15px,motion_blur,15.0,000000000641.jpg,10,person,small,False,
blur_15px,motion_blur,15.0,000000000641.jpg,11,person,small,False,
blur_15px,motion_blur,15.0,000000000650.jpg,0,car,large,True,0.4317236542701721
blur_25px,motion_blur,25.0,000000000036.jpg,0,person,large,True,0.6656128764152527
blur_25px,motion_blur,25.0,000000000049.jpg,0,person,medium,False,
blur_25px,motion_blur,25.0,000000000049.jpg,1,person,medium,False,
blur_25px,motion_blur,25.0,000000000049.jpg,2,person,small,False,
blur_25px,motion_blur,25.0,000000000049.jpg,3,person,small,False,
blur_25px,motion_blur,25.0,000000000049.jpg,4,person,small,False,
blur_25px,motion_blur,25.0,000000000049.jpg,5,person,small,False,
blur_25px,motion_blur,25.0,000000000061.jpg,0,person,medium,False,
blur_25px,motion_blur,25.0,000000000061.jpg,1,person,medium,False,
blur_25px,motion_blur,25.0,000000000061.jpg,2,person,medium,False,
blur_25px,motion_blur,25.0,000000000064.jpg,0,car,large,True,0.453496515750885
blur_25px,motion_blur,25.0,000000000064.jpg,1,truck,medium,False,
blur_25px,motion_blur,25.0,000000000071.jpg,0,car,small,False,
blur_25px,motion_blur,25.0,000000000071.jpg,1,car,small,False,
blur_25px,motion_blur,25.0,000000000071.jpg,2,car,small,False,
blur_25px,motion_blur,25.0,000000000071.jpg,3,car,small,False,
blur_25px,motion_blur,25.0,000000000071.jpg,4,car,small,False,
blur_25px,motion_blur,25.0,000000000071.jpg,5,car,small,False,
blur_25px,motion_blur,25.0,000000000071.jpg,6,truck,small,False,
blur_25px,motion_blur,25.0,000000000071.jpg,7,truck,small,False,
blur_25px,motion_blur,25.0,000000000071.jpg,8,car,small,False,
blur_25px,motion_blur,25.0,000000000071.jpg,9,car,small,False,
blur_25px,motion_blur,25.0,000000000071.jpg,10,car,small,False,
blur_25px,motion_blur,25.0,000000000071.jpg,11,car,small,False,
blur_25px,motion_blur,25.0,000000000071.jpg,12,car,small,False,
blur_25px,motion_blur,25.0,000000000071.jpg,13,car,small,False,
blur_25px,motion_blur,25.0,000000000071.jpg,14,car,small,False,
blur_25px,motion_blur,25.0,000000000073.jpg,0,motorcycle,large,False,
blur_25px,motion_blur,25.0,000000000073.jpg,1,motorcycle,large,False,
blur_25px,motion_blur,25.0,000000000074.jpg,0,bicycle,large,False,
blur_25px,motion_blur,25.0,000000000074.jpg,1,person,medium,False,
blur_25px,motion_blur,25.0,000000000074.jpg,2,person,small,False,
blur_25px,motion_blur,25.0,000000000074.jpg,3,person,small,False,
blur_25px,motion_blur,25.0,000000000074.jpg,4,person,medium,False,
blur_25px,motion_blur,25.0,000000000074.jpg,5,person,small,False,
blur_25px,motion_blur,25.0,000000000074.jpg,6,person,small,False,
blur_25px,motion_blur,25.0,000000000077.jpg,0,person,large,False,
blur_25px,motion_blur,25.0,000000000077.jpg,1,person,medium,False,
blur_25px,motion_blur,25.0,000000000077.jpg,2,person,large,False,
blur_25px,motion_blur,25.0,000000000077.jpg,3,person,medium,False,
blur_25px,motion_blur,25.0,000000000077.jpg,4,person,medium,False,
blur_25px,motion_blur,25.0,000000000086.jpg,0,person,large,False,
blur_25px,motion_blur,25.0,000000000086.jpg,1,motorcycle,large,False,
blur_25px,motion_blur,25.0,000000000094.jpg,0,car,medium,True,0.637826681137085
blur_25px,motion_blur,25.0,000000000094.jpg,1,truck,medium,False,
blur_25px,motion_blur,25.0,000000000109.jpg,0,person,small,False,
blur_25px,motion_blur,25.0,000000000109.jpg,1,person,small,False,
blur_25px,motion_blur,25.0,000000000109.jpg,2,person,small,False,
blur_25px,motion_blur,25.0,000000000109.jpg,3,person,small,False,
blur_25px,motion_blur,25.0,000000000109.jpg,4,person,small,False,
blur_25px,motion_blur,25.0,000000000110.jpg,0,person,large,True,0.6799274682998657
blur_25px,motion_blur,25.0,000000000110.jpg,1,person,large,True,0.5858325958251953
blur_25px,motion_blur,25.0,000000000110.jpg,2,person,large,True,0.5326886177062988
blur_25px,motion_blur,25.0,000000000110.jpg,3,person,medium,False,
blur_25px,motion_blur,25.0,000000000110.jpg,4,person,medium,False,
blur_25px,motion_blur,25.0,000000000110.jpg,5,person,large,False,
blur_25px,motion_blur,25.0,000000000110.jpg,6,person,medium,False,
blur_25px,motion_blur,25.0,000000000110.jpg,7,person,medium,False,
blur_25px,motion_blur,25.0,000000000110.jpg,8,person,small,False,
blur_25px,motion_blur,25.0,000000000110.jpg,9,person,medium,False,
blur_25px,motion_blur,25.0,000000000113.jpg,0,person,large,True,0.5611101984977722
blur_25px,motion_blur,25.0,000000000113.jpg,1,person,large,False,
blur_25px,motion_blur,25.0,000000000113.jpg,2,person,large,True,0.7456094622612
blur_25px,motion_blur,25.0,000000000127.jpg,0,person,small,False,
blur_25px,motion_blur,25.0,000000000136.jpg,0,person,large,True,0.6717880368232727
blur_25px,motion_blur,25.0,000000000136.jpg,1,person,large,False,
blur_25px,motion_blur,25.0,000000000149.jpg,0,person,small,False,
blur_25px,motion_blur,25.0,000000000149.jpg,1,person,small,False,
blur_25px,motion_blur,25.0,000000000149.jpg,2,person,small,False,
blur_25px,motion_blur,25.0,000000000149.jpg,3,person,small,False,
blur_25px,motion_blur,25.0,000000000149.jpg,4,person,small,False,
blur_25px,motion_blur,25.0,000000000149.jpg,5,person,small,False,
blur_25px,motion_blur,25.0,000000000149.jpg,6,car,small,False,
blur_25px,motion_blur,25.0,000000000149.jpg,7,car,small,False,
blur_25px,motion_blur,25.0,000000000149.jpg,8,car,small,False,
blur_25px,motion_blur,25.0,000000000149.jpg,9,car,small,False,
blur_25px,motion_blur,25.0,000000000149.jpg,10,person,small,False,
blur_25px,motion_blur,25.0,000000000149.jpg,11,person,small,False,
blur_25px,motion_blur,25.0,000000000149.jpg,12,person,small,False,
blur_25px,motion_blur,25.0,000000000149.jpg,13,person,small,False,
blur_25px,motion_blur,25.0,000000000149.jpg,14,person,small,False,
blur_25px,motion_blur,25.0,000000000149.jpg,15,person,small,False,
blur_25px,motion_blur,25.0,000000000151.jpg,0,person,medium,False,
blur_25px,motion_blur,25.0,000000000165.jpg,0,person,large,True,0.4228867292404175
blur_25px,motion_blur,25.0,000000000165.jpg,1,person,large,True,0.4811595678329468
blur_25px,motion_blur,25.0,000000000192.jpg,0,person,large,False,
blur_25px,motion_blur,25.0,000000000192.jpg,1,person,large,False,
blur_25px,motion_blur,25.0,000000000192.jpg,2,person,medium,True,0.3555174469947815
blur_25px,motion_blur,25.0,000000000192.jpg,3,person,large,False,
blur_25px,motion_blur,25.0,000000000201.jpg,0,person,small,False,
blur_25px,motion_blur,25.0,000000000201.jpg,1,person,small,False,
blur_25px,motion_blur,25.0,000000000241.jpg,0,person,large,True,0.7152513265609741
blur_25px,motion_blur,25.0,000000000241.jpg,1,person,large,True,0.6442752480506897
blur_25px,motion_blur,25.0,000000000241.jpg,2,person,large,False,
blur_25px,motion_blur,25.0,000000000241.jpg,3,person,medium,False,
blur_25px,motion_blur,25.0,000000000241.jpg,4,person,large,False,
blur_25px,motion_blur,25.0,000000000247.jpg,0,car,medium,False,
blur_25px,motion_blur,25.0,000000000247.jpg,1,car,small,False,
blur_25px,motion_blur,25.0,000000000247.jpg,2,car,small,False,
blur_25px,motion_blur,25.0,000000000247.jpg,3,car,small,False,
blur_25px,motion_blur,25.0,000000000247.jpg,4,car,small,False,
blur_25px,motion_blur,25.0,000000000247.jpg,5,car,small,False,
blur_25px,motion_blur,25.0,000000000257.jpg,0,traffic light,small,False,
blur_25px,motion_blur,25.0,000000000257.jpg,1,traffic light,small,False,
blur_25px,motion_blur,25.0,000000000257.jpg,2,truck,large,False,
blur_25px,motion_blur,25.0,000000000257.jpg,3,truck,medium,False,
blur_25px,motion_blur,25.0,000000000257.jpg,4,person,large,True,0.2790045738220215
blur_25px,motion_blur,25.0,000000000257.jpg,5,person,medium,False,
blur_25px,motion_blur,25.0,000000000257.jpg,6,person,medium,False,
blur_25px,motion_blur,25.0,000000000257.jpg,7,person,medium,False,
blur_25px,motion_blur,25.0,000000000257.jpg,8,person,medium,False,
blur_25px,motion_blur,25.0,000000000257.jpg,9,person,small,False,
blur_25px,motion_blur,25.0,000000000257.jpg,10,person,small,False,
blur_25px,motion_blur,25.0,000000000257.jpg,11,person,medium,False,
blur_25px,motion_blur,25.0,000000000257.jpg,12,person,small,False,
blur_25px,motion_blur,25.0,000000000257.jpg,13,person,small,False,
blur_25px,motion_blur,25.0,000000000257.jpg,14,person,medium,False,
blur_25px,motion_blur,25.0,000000000257.jpg,15,traffic light,small,False,
blur_25px,motion_blur,25.0,000000000257.jpg,16,traffic light,small,False,
blur_25px,motion_blur,25.0,000000000257.jpg,17,traffic light,small,False,
blur_25px,motion_blur,25.0,000000000257.jpg,18,person,small,False,
blur_25px,motion_blur,25.0,000000000257.jpg,19,truck,large,False,
blur_25px,motion_blur,25.0,000000000257.jpg,20,truck,medium,False,
blur_25px,motion_blur,25.0,000000000257.jpg,21,truck,small,False,
blur_25px,motion_blur,25.0,000000000257.jpg,22,traffic light,small,False,
blur_25px,motion_blur,25.0,000000000257.jpg,23,person,small,False,
blur_25px,motion_blur,25.0,000000000257.jpg,24,traffic light,small,False,
blur_25px,motion_blur,25.0,000000000257.jpg,25,traffic light,small,False,
blur_25px,motion_blur,25.0,000000000257.jpg,26,traffic light,small,False,
blur_25px,motion_blur,25.0,000000000260.jpg,0,bus,large,False,
blur_25px,motion_blur,25.0,000000000260.jpg,1,person,medium,False,
blur_25px,motion_blur,25.0,000000000260.jpg,2,person,small,False,
blur_25px,motion_blur,25.0,000000000260.jpg,3,car,small,False,
blur_25px,motion_blur,25.0,000000000294.jpg,0,person,large,True,0.7713234424591064
blur_25px,motion_blur,25.0,000000000307.jpg,0,car,small,False,
blur_25px,motion_blur,25.0,000000000308.jpg,0,person,large,True,0.7385696768760681
blur_25px,motion_blur,25.0,000000000308.jpg,1,person,large,True,0.8295307159423828
blur_25px,motion_blur,25.0,000000000308.jpg,2,person,large,False,
blur_25px,motion_blur,25.0,000000000308.jpg,3,person,medium,False,
blur_25px,motion_blur,25.0,000000000308.jpg,4,person,large,True,0.31213825941085815
blur_25px,motion_blur,25.0,000000000308.jpg,5,person,large,False,
blur_25px,motion_blur,25.0,000000000308.jpg,6,person,medium,False,
blur_25px,motion_blur,25.0,000000000315.jpg,0,person,large,False,
blur_25px,motion_blur,25.0,000000000315.jpg,1,person,medium,False,
blur_25px,motion_blur,25.0,000000000315.jpg,2,person,large,False,
blur_25px,motion_blur,25.0,000000000315.jpg,3,person,medium,False,
blur_25px,motion_blur,25.0,000000000315.jpg,4,person,medium,False,
blur_25px,motion_blur,25.0,000000000315.jpg,5,person,medium,False,
blur_25px,motion_blur,25.0,000000000315.jpg,6,person,small,False,
blur_25px,motion_blur,25.0,000000000315.jpg,7,person,medium,False,
blur_25px,motion_blur,25.0,000000000315.jpg,8,person,small,False,
blur_25px,motion_blur,25.0,000000000315.jpg,9,person,small,False,
blur_25px,motion_blur,25.0,000000000315.jpg,10,person,medium,False,
blur_25px,motion_blur,25.0,000000000315.jpg,11,person,small,False,
blur_25px,motion_blur,25.0,000000000315.jpg,12,person,small,False,
blur_25px,motion_blur,25.0,000000000322.jpg,0,person,large,True,0.7982043623924255
blur_25px,motion_blur,25.0,000000000326.jpg,0,person,large,True,0.7052502632141113
blur_25px,motion_blur,25.0,000000000328.jpg,0,person,large,True,0.46272850036621094
blur_25px,motion_blur,25.0,000000000328.jpg,1,person,large,True,0.4346866011619568
blur_25px,motion_blur,25.0,000000000328.jpg,2,person,large,False,
blur_25px,motion_blur,25.0,000000000328.jpg,3,car,medium,False,
blur_25px,motion_blur,25.0,000000000338.jpg,0,person,large,False,
blur_25px,motion_blur,25.0,000000000338.jpg,1,person,medium,False,
blur_25px,motion_blur,25.0,000000000357.jpg,0,person,small,False,
blur_25px,motion_blur,25.0,000000000357.jpg,1,person,small,False,
blur_25px,motion_blur,25.0,000000000357.jpg,2,person,small,False,
blur_25px,motion_blur,25.0,000000000357.jpg,3,person,small,False,
blur_25px,motion_blur,25.0,000000000357.jpg,4,person,medium,False,
blur_25px,motion_blur,25.0,000000000357.jpg,5,person,small,False,
blur_25px,motion_blur,25.0,000000000357.jpg,6,person,medium,False,
blur_25px,motion_blur,25.0,000000000357.jpg,7,person,small,False,
blur_25px,motion_blur,25.0,000000000357.jpg,8,person,small,False,
blur_25px,motion_blur,25.0,000000000357.jpg,9,person,small,False,
blur_25px,motion_blur,25.0,000000000357.jpg,10,person,small,False,
blur_25px,motion_blur,25.0,000000000357.jpg,11,person,small,False,
blur_25px,motion_blur,25.0,000000000357.jpg,12,person,small,False,
blur_25px,motion_blur,25.0,000000000359.jpg,0,traffic light,medium,False,
blur_25px,motion_blur,25.0,000000000359.jpg,1,traffic light,medium,False,
blur_25px,motion_blur,25.0,000000000359.jpg,2,traffic light,small,False,
blur_25px,motion_blur,25.0,000000000359.jpg,3,car,medium,False,
blur_25px,motion_blur,25.0,000000000360.jpg,0,person,medium,False,
blur_25px,motion_blur,25.0,000000000360.jpg,1,person,small,False,
blur_25px,motion_blur,25.0,000000000368.jpg,0,person,large,False,
blur_25px,motion_blur,25.0,000000000368.jpg,1,person,medium,False,
blur_25px,motion_blur,25.0,000000000368.jpg,2,person,medium,False,
blur_25px,motion_blur,25.0,000000000368.jpg,3,person,medium,False,
blur_25px,motion_blur,25.0,000000000368.jpg,4,person,medium,False,
blur_25px,motion_blur,25.0,000000000368.jpg,5,person,medium,False,
blur_25px,motion_blur,25.0,000000000368.jpg,6,person,large,False,
blur_25px,motion_blur,25.0,000000000368.jpg,7,person,medium,False,
blur_25px,motion_blur,25.0,000000000368.jpg,8,person,medium,False,
blur_25px,motion_blur,25.0,000000000368.jpg,9,person,medium,False,
blur_25px,motion_blur,25.0,000000000368.jpg,10,person,small,False,
blur_25px,motion_blur,25.0,000000000368.jpg,11,person,medium,False,
blur_25px,motion_blur,25.0,000000000370.jpg,0,person,large,True,0.8486431837081909
blur_25px,motion_blur,25.0,000000000382.jpg,0,person,medium,True,0.25608593225479126
blur_25px,motion_blur,25.0,000000000389.jpg,0,person,large,False,
blur_25px,motion_blur,25.0,000000000389.jpg,1,person,large,True,0.6834209561347961
blur_25px,motion_blur,25.0,000000000389.jpg,2,person,large,False,
blur_25px,motion_blur,25.0,000000000389.jpg,3,person,medium,False,
blur_25px,motion_blur,25.0,000000000389.jpg,4,person,small,False,
blur_25px,motion_blur,25.0,000000000389.jpg,5,person,medium,False,
blur_25px,motion_blur,25.0,000000000389.jpg,6,person,medium,False,
blur_25px,motion_blur,25.0,000000000389.jpg,7,person,small,False,
blur_25px,motion_blur,25.0,000000000389.jpg,8,person,medium,False,
blur_25px,motion_blur,25.0,000000000389.jpg,9,person,large,True,0.43573054671287537
blur_25px,motion_blur,25.0,000000000389.jpg,10,person,small,False,
blur_25px,motion_blur,25.0,000000000389.jpg,11,person,large,False,
blur_25px,motion_blur,25.0,000000000395.jpg,0,person,large,True,0.41574177145957947
blur_25px,motion_blur,25.0,000000000395.jpg,1,person,large,True,0.749644935131073
blur_25px,motion_blur,25.0,000000000395.jpg,2,person,large,True,0.4657811224460602
blur_25px,motion_blur,25.0,000000000395.jpg,3,person,large,True,0.6424785852432251
blur_25px,motion_blur,25.0,000000000395.jpg,4,person,medium,False,
blur_25px,motion_blur,25.0,000000000395.jpg,5,person,medium,False,
blur_25px,motion_blur,25.0,000000000395.jpg,6,person,medium,False,
blur_25px,motion_blur,25.0,000000000395.jpg,7,person,medium,False,
blur_25px,motion_blur,25.0,000000000395.jpg,8,person,medium,False,
blur_25px,motion_blur,25.0,000000000395.jpg,9,person,medium,False,
blur_25px,motion_blur,25.0,000000000395.jpg,10,person,medium,False,
blur_25px,motion_blur,25.0,000000000397.jpg,0,person,large,False,
blur_25px,motion_blur,25.0,000000000415.jpg,0,person,large,True,0.29260286688804626
blur_25px,motion_blur,25.0,000000000419.jpg,0,person,medium,False,
blur_25px,motion_blur,25.0,000000000419.jpg,1,person,large,True,0.8358427286148071
blur_25px,motion_blur,25.0,000000000419.jpg,2,car,small,False,
blur_25px,motion_blur,25.0,000000000419.jpg,3,car,small,False,
blur_25px,motion_blur,25.0,000000000419.jpg,4,car,small,False,
blur_25px,motion_blur,25.0,000000000428.jpg,0,person,large,True,0.8268367052078247
blur_25px,motion_blur,25.0,000000000431.jpg,0,person,large,True,0.3535672426223755
blur_25px,motion_blur,25.0,000000000436.jpg,0,person,large,True,0.831923246383667
blur_25px,motion_blur,25.0,000000000443.jpg,0,person,large,True,0.30430638790130615
blur_25px,motion_blur,25.0,000000000443.jpg,1,person,large,True,0.27940332889556885
blur_25px,motion_blur,25.0,000000000443.jpg,2,person,large,False,
blur_25px,motion_blur,25.0,000000000446.jpg,0,person,large,True,0.5826312303543091
blur_25px,motion_blur,25.0,000000000459.jpg,0,person,large,True,0.6144627928733826
blur_25px,motion_blur,25.0,000000000471.jpg,0,bus,large,True,0.9276984333992004
blur_25px,motion_blur,25.0,000000000471.jpg,1,person,small,False,
blur_25px,motion_blur,25.0,000000000474.jpg,0,person,large,True,0.9043685793876648
blur_25px,motion_blur,25.0,000000000488.jpg,0,person,large,False,
blur_25px,motion_blur,25.0,000000000488.jpg,1,person,large,True,0.2850642800331116
blur_25px,motion_blur,25.0,000000000488.jpg,2,person,medium,False,
blur_25px,motion_blur,25.0,000000000488.jpg,3,person,medium,False,
blur_25px,motion_blur,25.0,000000000488.jpg,4,person,large,True,0.46876952052116394
blur_25px,motion_blur,25.0,000000000488.jpg,5,person,small,False,
blur_25px,motion_blur,25.0,000000000510.jpg,0,person,large,True,0.4699339270591736
blur_25px,motion_blur,25.0,000000000510.jpg,1,traffic light,medium,False,
blur_25px,motion_blur,25.0,000000000520.jpg,0,person,small,False,
blur_25px,motion_blur,25.0,000000000520.jpg,1,person,small,False,
blur_25px,motion_blur,25.0,000000000520.jpg,2,person,small,False,
blur_25px,motion_blur,25.0,000000000529.jpg,0,motorcycle,large,False,
blur_25px,motion_blur,25.0,000000000529.jpg,1,person,large,True,0.3877548575401306
blur_25px,motion_blur,25.0,000000000529.jpg,2,person,large,False,
blur_25px,motion_blur,25.0,000000000531.jpg,0,bicycle,small,False,
blur_25px,motion_blur,25.0,000000000531.jpg,1,person,medium,False,
blur_25px,motion_blur,25.0,000000000531.jpg,2,bicycle,small,False,
blur_25px,motion_blur,25.0,000000000531.jpg,3,person,medium,False,
blur_25px,motion_blur,25.0,000000000531.jpg,4,person,small,False,
blur_25px,motion_blur,25.0,000000000531.jpg,5,person,small,False,
blur_25px,motion_blur,25.0,000000000531.jpg,6,person,small,False,
blur_25px,motion_blur,25.0,000000000531.jpg,7,person,small,False,
blur_25px,motion_blur,25.0,000000000531.jpg,8,person,small,False,
blur_25px,motion_blur,25.0,000000000531.jpg,9,person,small,False,
blur_25px,motion_blur,25.0,000000000531.jpg,10,bicycle,small,False,
blur_25px,motion_blur,25.0,000000000532.jpg,0,bus,large,True,0.6841397881507874
blur_25px,motion_blur,25.0,000000000532.jpg,1,person,medium,False,
blur_25px,motion_blur,25.0,000000000532.jpg,2,person,medium,False,
blur_25px,motion_blur,25.0,000000000532.jpg,3,person,small,False,
blur_25px,motion_blur,25.0,000000000532.jpg,4,person,small,False,
blur_25px,motion_blur,25.0,000000000532.jpg,5,bus,large,True,0.6342880725860596
blur_25px,motion_blur,25.0,000000000536.jpg,0,person,large,False,
blur_25px,motion_blur,25.0,000000000536.jpg,1,person,large,True,0.3166615962982178
blur_25px,motion_blur,25.0,000000000536.jpg,2,person,large,False,
blur_25px,motion_blur,25.0,000000000540.jpg,0,car,small,False,
blur_25px,motion_blur,25.0,000000000540.jpg,1,car,small,False,
blur_25px,motion_blur,25.0,000000000540.jpg,2,car,small,False,
blur_25px,motion_blur,25.0,000000000540.jpg,3,car,small,False,
blur_25px,motion_blur,25.0,000000000540.jpg,4,truck,small,False,
blur_25px,motion_blur,25.0,000000000540.jpg,5,traffic light,small,False,
blur_25px,motion_blur,25.0,000000000540.jpg,6,car,small,False,
blur_25px,motion_blur,25.0,000000000540.jpg,7,car,small,False,
blur_25px,motion_blur,25.0,000000000540.jpg,8,car,small,False,
blur_25px,motion_blur,25.0,000000000540.jpg,9,car,small,False,
blur_25px,motion_blur,25.0,000000000540.jpg,10,car,small,False,
blur_25px,motion_blur,25.0,000000000540.jpg,11,car,small,False,
blur_25px,motion_blur,25.0,000000000540.jpg,12,car,small,False,
blur_25px,motion_blur,25.0,000000000540.jpg,13,car,small,False,
blur_25px,motion_blur,25.0,000000000540.jpg,14,bus,small,False,
blur_25px,motion_blur,25.0,000000000540.jpg,15,truck,small,False,
blur_25px,motion_blur,25.0,000000000540.jpg,16,car,small,False,
blur_25px,motion_blur,25.0,000000000540.jpg,17,bus,small,False,
blur_25px,motion_blur,25.0,000000000540.jpg,18,truck,small,False,
blur_25px,motion_blur,25.0,000000000542.jpg,0,person,large,False,
blur_25px,motion_blur,25.0,000000000542.jpg,1,person,medium,False,
blur_25px,motion_blur,25.0,000000000542.jpg,2,person,medium,False,
blur_25px,motion_blur,25.0,000000000542.jpg,3,person,medium,False,
blur_25px,motion_blur,25.0,000000000542.jpg,4,person,medium,False,
blur_25px,motion_blur,25.0,000000000542.jpg,5,person,medium,False,
blur_25px,motion_blur,25.0,000000000542.jpg,6,person,medium,False,
blur_25px,motion_blur,25.0,000000000542.jpg,7,person,medium,False,
blur_25px,motion_blur,25.0,000000000542.jpg,8,person,medium,False,
blur_25px,motion_blur,25.0,000000000542.jpg,9,person,medium,False,
blur_25px,motion_blur,25.0,000000000542.jpg,10,person,small,False,
blur_25px,motion_blur,25.0,000000000542.jpg,11,person,medium,False,
blur_25px,motion_blur,25.0,000000000544.jpg,0,person,large,True,0.46879759430885315
blur_25px,motion_blur,25.0,000000000544.jpg,1,person,large,False,
blur_25px,motion_blur,25.0,000000000544.jpg,2,person,large,True,0.2797262668609619
blur_25px,motion_blur,25.0,000000000544.jpg,3,person,medium,False,
blur_25px,motion_blur,25.0,000000000544.jpg,4,person,medium,False,
blur_25px,motion_blur,25.0,000000000544.jpg,5,person,small,False,
blur_25px,motion_blur,25.0,000000000544.jpg,6,person,medium,False,
blur_25px,motion_blur,25.0,000000000544.jpg,7,person,medium,False,
blur_25px,motion_blur,25.0,000000000544.jpg,8,person,small,False,
blur_25px,motion_blur,25.0,000000000544.jpg,9,person,medium,False,
blur_25px,motion_blur,25.0,000000000544.jpg,10,person,small,False,
blur_25px,motion_blur,25.0,000000000544.jpg,11,person,medium,False,
blur_25px,motion_blur,25.0,000000000544.jpg,12,person,small,False,
blur_25px,motion_blur,25.0,000000000564.jpg,0,person,large,True,0.27885952591896057
blur_25px,motion_blur,25.0,000000000564.jpg,1,person,medium,False,
blur_25px,motion_blur,25.0,000000000569.jpg,0,person,large,True,0.4047294855117798
blur_25px,motion_blur,25.0,000000000572.jpg,0,person,large,True,0.25704899430274963
blur_25px,motion_blur,25.0,000000000572.jpg,1,person,large,False,
blur_25px,motion_blur,25.0,000000000589.jpg,0,person,large,False,
blur_25px,motion_blur,25.0,000000000623.jpg,0,person,large,False,
blur_25px,motion_blur,25.0,000000000625.jpg,0,person,large,True,0.41334590315818787
blur_25px,motion_blur,25.0,000000000625.jpg,1,person,large,False,
blur_25px,motion_blur,25.0,000000000625.jpg,2,person,large,True,0.45162609219551086
blur_25px,motion_blur,25.0,000000000629.jpg,0,motorcycle,large,True,0.527898371219635
blur_25px,motion_blur,25.0,000000000634.jpg,0,person,large,True,0.4709068238735199
blur_25px,motion_blur,25.0,000000000634.jpg,1,person,small,False,
blur_25px,motion_blur,25.0,000000000634.jpg,2,person,large,False,
blur_25px,motion_blur,25.0,000000000634.jpg,3,person,small,False,
blur_25px,motion_blur,25.0,000000000634.jpg,4,person,small,False,
blur_25px,motion_blur,25.0,000000000641.jpg,0,bicycle,medium,False,
blur_25px,motion_blur,25.0,000000000641.jpg,1,bicycle,small,False,
blur_25px,motion_blur,25.0,000000000641.jpg,2,bus,large,True,0.7739898562431335
blur_25px,motion_blur,25.0,000000000641.jpg,3,person,small,False,
blur_25px,motion_blur,25.0,000000000641.jpg,4,person,small,False,
blur_25px,motion_blur,25.0,000000000641.jpg,5,person,small,False,
blur_25px,motion_blur,25.0,000000000641.jpg,6,person,small,False,
blur_25px,motion_blur,25.0,000000000641.jpg,7,person,small,False,
blur_25px,motion_blur,25.0,000000000641.jpg,8,person,small,False,
blur_25px,motion_blur,25.0,000000000641.jpg,9,person,small,False,
blur_25px,motion_blur,25.0,000000000641.jpg,10,person,small,False,
blur_25px,motion_blur,25.0,000000000641.jpg,11,person,small,False,
blur_25px,motion_blur,25.0,000000000650.jpg,0,car,large,True,0.34259161353111267
gain_x1.5,exposure_gain,1.5,000000000036.jpg,0,person,large,True,0.8908177614212036
gain_x1.5,exposure_gain,1.5,000000000049.jpg,0,person,medium,False,
gain_x1.5,exposure_gain,1.5,000000000049.jpg,1,person,medium,False,
gain_x1.5,exposure_gain,1.5,000000000049.jpg,2,person,small,True,0.4365556538105011
gain_x1.5,exposure_gain,1.5,000000000049.jpg,3,person,small,True,0.509113609790802
gain_x1.5,exposure_gain,1.5,000000000049.jpg,4,person,small,True,0.47409674525260925
gain_x1.5,exposure_gain,1.5,000000000049.jpg,5,person,small,False,
gain_x1.5,exposure_gain,1.5,000000000061.jpg,0,person,medium,True,0.4302918314933777
gain_x1.5,exposure_gain,1.5,000000000061.jpg,1,person,medium,False,
gain_x1.5,exposure_gain,1.5,000000000061.jpg,2,person,medium,False,
gain_x1.5,exposure_gain,1.5,000000000064.jpg,0,car,large,True,0.7392704486846924
gain_x1.5,exposure_gain,1.5,000000000064.jpg,1,truck,medium,True,0.2973909080028534
gain_x1.5,exposure_gain,1.5,000000000071.jpg,0,car,small,False,
gain_x1.5,exposure_gain,1.5,000000000071.jpg,1,car,small,False,
gain_x1.5,exposure_gain,1.5,000000000071.jpg,2,car,small,False,
gain_x1.5,exposure_gain,1.5,000000000071.jpg,3,car,small,True,0.6771144866943359
gain_x1.5,exposure_gain,1.5,000000000071.jpg,4,car,small,False,
gain_x1.5,exposure_gain,1.5,000000000071.jpg,5,car,small,False,
gain_x1.5,exposure_gain,1.5,000000000071.jpg,6,truck,small,False,
gain_x1.5,exposure_gain,1.5,000000000071.jpg,7,truck,small,False,
gain_x1.5,exposure_gain,1.5,000000000071.jpg,8,car,small,True,0.4423424005508423
gain_x1.5,exposure_gain,1.5,000000000071.jpg,9,car,small,False,
gain_x1.5,exposure_gain,1.5,000000000071.jpg,10,car,small,False,
gain_x1.5,exposure_gain,1.5,000000000071.jpg,11,car,small,False,
gain_x1.5,exposure_gain,1.5,000000000071.jpg,12,car,small,False,
gain_x1.5,exposure_gain,1.5,000000000071.jpg,13,car,small,False,
gain_x1.5,exposure_gain,1.5,000000000071.jpg,14,car,small,False,
gain_x1.5,exposure_gain,1.5,000000000073.jpg,0,motorcycle,large,True,0.8521211743354797
gain_x1.5,exposure_gain,1.5,000000000073.jpg,1,motorcycle,large,False,
gain_x1.5,exposure_gain,1.5,000000000074.jpg,0,bicycle,large,True,0.8621167540550232
gain_x1.5,exposure_gain,1.5,000000000074.jpg,1,person,medium,True,0.35015517473220825
gain_x1.5,exposure_gain,1.5,000000000074.jpg,2,person,small,False,
gain_x1.5,exposure_gain,1.5,000000000074.jpg,3,person,small,True,0.2541685700416565
gain_x1.5,exposure_gain,1.5,000000000074.jpg,4,person,medium,True,0.42275911569595337
gain_x1.5,exposure_gain,1.5,000000000074.jpg,5,person,small,False,
gain_x1.5,exposure_gain,1.5,000000000074.jpg,6,person,small,False,
gain_x1.5,exposure_gain,1.5,000000000077.jpg,0,person,large,True,0.628088116645813
gain_x1.5,exposure_gain,1.5,000000000077.jpg,1,person,medium,True,0.829099714756012
gain_x1.5,exposure_gain,1.5,000000000077.jpg,2,person,large,True,0.8873701095581055
gain_x1.5,exposure_gain,1.5,000000000077.jpg,3,person,medium,True,0.44449493288993835
gain_x1.5,exposure_gain,1.5,000000000077.jpg,4,person,medium,False,
gain_x1.5,exposure_gain,1.5,000000000086.jpg,0,person,large,True,0.7026779055595398
gain_x1.5,exposure_gain,1.5,000000000086.jpg,1,motorcycle,large,True,0.6754381656646729
gain_x1.5,exposure_gain,1.5,000000000094.jpg,0,car,medium,True,0.9159320592880249
gain_x1.5,exposure_gain,1.5,000000000094.jpg,1,truck,medium,True,0.325048565864563
gain_x1.5,exposure_gain,1.5,000000000109.jpg,0,person,small,True,0.7168015837669373
gain_x1.5,exposure_gain,1.5,000000000109.jpg,1,person,small,True,0.6427444815635681
gain_x1.5,exposure_gain,1.5,000000000109.jpg,2,person,small,False,
gain_x1.5,exposure_gain,1.5,000000000109.jpg,3,person,small,False,
gain_x1.5,exposure_gain,1.5,000000000109.jpg,4,person,small,True,0.28180381655693054
gain_x1.5,exposure_gain,1.5,000000000110.jpg,0,person,large,True,0.8907365798950195
gain_x1.5,exposure_gain,1.5,000000000110.jpg,1,person,large,True,0.9121776223182678
gain_x1.5,exposure_gain,1.5,000000000110.jpg,2,person,large,True,0.8064050078392029
gain_x1.5,exposure_gain,1.5,000000000110.jpg,3,person,medium,False,
gain_x1.5,exposure_gain,1.5,000000000110.jpg,4,person,medium,True,0.3681560754776001
gain_x1.5,exposure_gain,1.5,000000000110.jpg,5,person,large,True,0.7784656882286072
gain_x1.5,exposure_gain,1.5,000000000110.jpg,6,person,medium,True,0.3675707280635834
gain_x1.5,exposure_gain,1.5,000000000110.jpg,7,person,medium,True,0.42614448070526123
gain_x1.5,exposure_gain,1.5,000000000110.jpg,8,person,small,False,
gain_x1.5,exposure_gain,1.5,000000000110.jpg,9,person,medium,True,0.8342440724372864
gain_x1.5,exposure_gain,1.5,000000000113.jpg,0,person,large,True,0.8171811699867249
gain_x1.5,exposure_gain,1.5,000000000113.jpg,1,person,large,True,0.8430656790733337
gain_x1.5,exposure_gain,1.5,000000000113.jpg,2,person,large,True,0.8682636022567749
gain_x1.5,exposure_gain,1.5,000000000127.jpg,0,person,small,False,
gain_x1.5,exposure_gain,1.5,000000000136.jpg,0,person,large,True,0.5863105058670044
gain_x1.5,exposure_gain,1.5,000000000136.jpg,1,person,large,True,0.7777435183525085
gain_x1.5,exposure_gain,1.5,000000000149.jpg,0,person,small,False,
gain_x1.5,exposure_gain,1.5,000000000149.jpg,1,person,small,False,
gain_x1.5,exposure_gain,1.5,000000000149.jpg,2,person,small,False,
gain_x1.5,exposure_gain,1.5,000000000149.jpg,3,person,small,True,0.27030065655708313
gain_x1.5,exposure_gain,1.5,000000000149.jpg,4,person,small,False,
gain_x1.5,exposure_gain,1.5,000000000149.jpg,5,person,small,False,
gain_x1.5,exposure_gain,1.5,000000000149.jpg,6,car,small,False,
gain_x1.5,exposure_gain,1.5,000000000149.jpg,7,car,small,False,
gain_x1.5,exposure_gain,1.5,000000000149.jpg,8,car,small,False,
gain_x1.5,exposure_gain,1.5,000000000149.jpg,9,car,small,False,
gain_x1.5,exposure_gain,1.5,000000000149.jpg,10,person,small,False,
gain_x1.5,exposure_gain,1.5,000000000149.jpg,11,person,small,False,
gain_x1.5,exposure_gain,1.5,000000000149.jpg,12,person,small,False,
gain_x1.5,exposure_gain,1.5,000000000149.jpg,13,person,small,False,
gain_x1.5,exposure_gain,1.5,000000000149.jpg,14,person,small,True,0.30877959728240967
gain_x1.5,exposure_gain,1.5,000000000149.jpg,15,person,small,False,
gain_x1.5,exposure_gain,1.5,000000000151.jpg,0,person,medium,False,
gain_x1.5,exposure_gain,1.5,000000000165.jpg,0,person,large,True,0.8508787751197815
gain_x1.5,exposure_gain,1.5,000000000165.jpg,1,person,large,True,0.8141611814498901
gain_x1.5,exposure_gain,1.5,000000000192.jpg,0,person,large,True,0.8856011629104614
gain_x1.5,exposure_gain,1.5,000000000192.jpg,1,person,large,True,0.8501194715499878
gain_x1.5,exposure_gain,1.5,000000000192.jpg,2,person,medium,True,0.863734245300293
gain_x1.5,exposure_gain,1.5,000000000192.jpg,3,person,large,True,0.894756019115448
gain_x1.5,exposure_gain,1.5,000000000201.jpg,0,person,small,False,
gain_x1.5,exposure_gain,1.5,000000000201.jpg,1,person,small,False,
gain_x1.5,exposure_gain,1.5,000000000241.jpg,0,person,large,True,0.8756516575813293
gain_x1.5,exposure_gain,1.5,000000000241.jpg,1,person,large,True,0.9073229432106018
gain_x1.5,exposure_gain,1.5,000000000241.jpg,2,person,large,True,0.8308084607124329
gain_x1.5,exposure_gain,1.5,000000000241.jpg,3,person,medium,False,
gain_x1.5,exposure_gain,1.5,000000000241.jpg,4,person,large,True,0.2629850208759308
gain_x1.5,exposure_gain,1.5,000000000247.jpg,0,car,medium,True,0.7993329763412476
gain_x1.5,exposure_gain,1.5,000000000247.jpg,1,car,small,False,
gain_x1.5,exposure_gain,1.5,000000000247.jpg,2,car,small,False,
gain_x1.5,exposure_gain,1.5,000000000247.jpg,3,car,small,False,
gain_x1.5,exposure_gain,1.5,000000000247.jpg,4,car,small,False,
gain_x1.5,exposure_gain,1.5,000000000247.jpg,5,car,small,False,
gain_x1.5,exposure_gain,1.5,000000000257.jpg,0,traffic light,small,False,
gain_x1.5,exposure_gain,1.5,000000000257.jpg,1,traffic light,small,False,
gain_x1.5,exposure_gain,1.5,000000000257.jpg,2,truck,large,True,0.4443660080432892
gain_x1.5,exposure_gain,1.5,000000000257.jpg,3,truck,medium,True,0.2734127640724182
gain_x1.5,exposure_gain,1.5,000000000257.jpg,4,person,large,True,0.6240028142929077
gain_x1.5,exposure_gain,1.5,000000000257.jpg,5,person,medium,True,0.6496102213859558
gain_x1.5,exposure_gain,1.5,000000000257.jpg,6,person,medium,True,0.3927377462387085
gain_x1.5,exposure_gain,1.5,000000000257.jpg,7,person,medium,True,0.5901548266410828
gain_x1.5,exposure_gain,1.5,000000000257.jpg,8,person,medium,True,0.4560549855232239
gain_x1.5,exposure_gain,1.5,000000000257.jpg,9,person,small,True,0.2957477867603302
gain_x1.5,exposure_gain,1.5,000000000257.jpg,10,person,small,True,0.3089301586151123
gain_x1.5,exposure_gain,1.5,000000000257.jpg,11,person,medium,True,0.5804718732833862
gain_x1.5,exposure_gain,1.5,000000000257.jpg,12,person,small,True,0.7125080823898315
gain_x1.5,exposure_gain,1.5,000000000257.jpg,13,person,small,True,0.5981892347335815
gain_x1.5,exposure_gain,1.5,000000000257.jpg,14,person,medium,False,
gain_x1.5,exposure_gain,1.5,000000000257.jpg,15,traffic light,small,False,
gain_x1.5,exposure_gain,1.5,000000000257.jpg,16,traffic light,small,False,
gain_x1.5,exposure_gain,1.5,000000000257.jpg,17,traffic light,small,False,
gain_x1.5,exposure_gain,1.5,000000000257.jpg,18,person,small,True,0.3249397575855255
gain_x1.5,exposure_gain,1.5,000000000257.jpg,19,truck,large,True,0.5230841636657715
gain_x1.5,exposure_gain,1.5,000000000257.jpg,20,truck,medium,False,
gain_x1.5,exposure_gain,1.5,000000000257.jpg,21,truck,small,False,
gain_x1.5,exposure_gain,1.5,000000000257.jpg,22,traffic light,small,False,
gain_x1.5,exposure_gain,1.5,000000000257.jpg,23,person,small,True,0.26987987756729126
gain_x1.5,exposure_gain,1.5,000000000257.jpg,24,traffic light,small,False,
gain_x1.5,exposure_gain,1.5,000000000257.jpg,25,traffic light,small,False,
gain_x1.5,exposure_gain,1.5,000000000257.jpg,26,traffic light,small,False,
gain_x1.5,exposure_gain,1.5,000000000260.jpg,0,bus,large,True,0.7386730909347534
gain_x1.5,exposure_gain,1.5,000000000260.jpg,1,person,medium,True,0.8591486215591431
gain_x1.5,exposure_gain,1.5,000000000260.jpg,2,person,small,False,
gain_x1.5,exposure_gain,1.5,000000000260.jpg,3,car,small,True,0.6915333271026611
gain_x1.5,exposure_gain,1.5,000000000294.jpg,0,person,large,True,0.9212926030158997
gain_x1.5,exposure_gain,1.5,000000000307.jpg,0,car,small,True,0.43098580837249756
gain_x1.5,exposure_gain,1.5,000000000308.jpg,0,person,large,True,0.8459977507591248
gain_x1.5,exposure_gain,1.5,000000000308.jpg,1,person,large,True,0.9079975485801697
gain_x1.5,exposure_gain,1.5,000000000308.jpg,2,person,large,True,0.2686181962490082
gain_x1.5,exposure_gain,1.5,000000000308.jpg,3,person,medium,False,
gain_x1.5,exposure_gain,1.5,000000000308.jpg,4,person,large,True,0.923662006855011
gain_x1.5,exposure_gain,1.5,000000000308.jpg,5,person,large,False,
gain_x1.5,exposure_gain,1.5,000000000308.jpg,6,person,medium,True,0.4730292558670044
gain_x1.5,exposure_gain,1.5,000000000315.jpg,0,person,large,True,0.7782728672027588
gain_x1.5,exposure_gain,1.5,000000000315.jpg,1,person,medium,True,0.7657156586647034
gain_x1.5,exposure_gain,1.5,000000000315.jpg,2,person,large,True,0.5624989867210388
gain_x1.5,exposure_gain,1.5,000000000315.jpg,3,person,medium,False,
gain_x1.5,exposure_gain,1.5,000000000315.jpg,4,person,medium,False,
gain_x1.5,exposure_gain,1.5,000000000315.jpg,5,person,medium,False,
gain_x1.5,exposure_gain,1.5,000000000315.jpg,6,person,small,False,
gain_x1.5,exposure_gain,1.5,000000000315.jpg,7,person,medium,False,
gain_x1.5,exposure_gain,1.5,000000000315.jpg,8,person,small,False,
gain_x1.5,exposure_gain,1.5,000000000315.jpg,9,person,small,False,
gain_x1.5,exposure_gain,1.5,000000000315.jpg,10,person,medium,False,
gain_x1.5,exposure_gain,1.5,000000000315.jpg,11,person,small,False,
gain_x1.5,exposure_gain,1.5,000000000315.jpg,12,person,small,False,
gain_x1.5,exposure_gain,1.5,000000000322.jpg,0,person,large,True,0.9123440980911255
gain_x1.5,exposure_gain,1.5,000000000326.jpg,0,person,large,True,0.7885194420814514
gain_x1.5,exposure_gain,1.5,000000000328.jpg,0,person,large,True,0.8713924884796143
gain_x1.5,exposure_gain,1.5,000000000328.jpg,1,person,large,True,0.8915979266166687
gain_x1.5,exposure_gain,1.5,000000000328.jpg,2,person,large,True,0.8724969625473022
gain_x1.5,exposure_gain,1.5,000000000328.jpg,3,car,medium,False,
gain_x1.5,exposure_gain,1.5,000000000338.jpg,0,person,large,True,0.8599928021430969
gain_x1.5,exposure_gain,1.5,000000000338.jpg,1,person,medium,True,0.8760250210762024
gain_x1.5,exposure_gain,1.5,000000000357.jpg,0,person,small,True,0.4500358998775482
gain_x1.5,exposure_gain,1.5,000000000357.jpg,1,person,small,True,0.6595208048820496
gain_x1.5,exposure_gain,1.5,000000000357.jpg,2,person,small,True,0.8504874110221863
gain_x1.5,exposure_gain,1.5,000000000357.jpg,3,person,small,True,0.7945213913917542
gain_x1.5,exposure_gain,1.5,000000000357.jpg,4,person,medium,True,0.8309047222137451
gain_x1.5,exposure_gain,1.5,000000000357.jpg,5,person,small,True,0.7028420567512512
gain_x1.5,exposure_gain,1.5,000000000357.jpg,6,person,medium,True,0.8806116580963135
gain_x1.5,exposure_gain,1.5,000000000357.jpg,7,person,small,False,
gain_x1.5,exposure_gain,1.5,000000000357.jpg,8,person,small,False,
gain_x1.5,exposure_gain,1.5,000000000357.jpg,9,person,small,False,
gain_x1.5,exposure_gain,1.5,000000000357.jpg,10,person,small,True,0.3747432231903076
gain_x1.5,exposure_gain,1.5,000000000357.jpg,11,person,small,False,
gain_x1.5,exposure_gain,1.5,000000000357.jpg,12,person,small,False,
gain_x1.5,exposure_gain,1.5,000000000359.jpg,0,traffic light,medium,True,0.6253972053527832
gain_x1.5,exposure_gain,1.5,000000000359.jpg,1,traffic light,medium,True,0.2848391532897949
gain_x1.5,exposure_gain,1.5,000000000359.jpg,2,traffic light,small,False,
gain_x1.5,exposure_gain,1.5,000000000359.jpg,3,car,medium,True,0.7749555110931396
gain_x1.5,exposure_gain,1.5,000000000360.jpg,0,person,medium,False,
gain_x1.5,exposure_gain,1.5,000000000360.jpg,1,person,small,False,
gain_x1.5,exposure_gain,1.5,000000000368.jpg,0,person,large,True,0.5978080630302429
gain_x1.5,exposure_gain,1.5,000000000368.jpg,1,person,medium,True,0.6006234288215637
gain_x1.5,exposure_gain,1.5,000000000368.jpg,2,person,medium,False,
gain_x1.5,exposure_gain,1.5,000000000368.jpg,3,person,medium,True,0.38747596740722656
gain_x1.5,exposure_gain,1.5,000000000368.jpg,4,person,medium,True,0.4500558078289032
gain_x1.5,exposure_gain,1.5,000000000368.jpg,5,person,medium,False,
gain_x1.5,exposure_gain,1.5,000000000368.jpg,6,person,large,False,
gain_x1.5,exposure_gain,1.5,000000000368.jpg,7,person,medium,False,
gain_x1.5,exposure_gain,1.5,000000000368.jpg,8,person,medium,True,0.277021586894989
gain_x1.5,exposure_gain,1.5,000000000368.jpg,9,person,medium,True,0.45836588740348816
gain_x1.5,exposure_gain,1.5,000000000368.jpg,10,person,small,False,
gain_x1.5,exposure_gain,1.5,000000000368.jpg,11,person,medium,True,0.5823675394058228
gain_x1.5,exposure_gain,1.5,000000000370.jpg,0,person,large,True,0.8665944337844849
gain_x1.5,exposure_gain,1.5,000000000382.jpg,0,person,medium,True,0.8293297290802002
gain_x1.5,exposure_gain,1.5,000000000389.jpg,0,person,large,True,0.8951043486595154
gain_x1.5,exposure_gain,1.5,000000000389.jpg,1,person,large,True,0.8456042408943176
gain_x1.5,exposure_gain,1.5,000000000389.jpg,2,person,large,True,0.6118999719619751
gain_x1.5,exposure_gain,1.5,000000000389.jpg,3,person,medium,False,
gain_x1.5,exposure_gain,1.5,000000000389.jpg,4,person,small,False,
gain_x1.5,exposure_gain,1.5,000000000389.jpg,5,person,medium,True,0.6717708110809326
gain_x1.5,exposure_gain,1.5,000000000389.jpg,6,person,medium,False,
gain_x1.5,exposure_gain,1.5,000000000389.jpg,7,person,small,False,
gain_x1.5,exposure_gain,1.5,000000000389.jpg,8,person,medium,True,0.7613008618354797
gain_x1.5,exposure_gain,1.5,000000000389.jpg,9,person,large,True,0.8831861615180969
gain_x1.5,exposure_gain,1.5,000000000389.jpg,10,person,small,False,
gain_x1.5,exposure_gain,1.5,000000000389.jpg,11,person,large,False,
gain_x1.5,exposure_gain,1.5,000000000395.jpg,0,person,large,True,0.8519371747970581
gain_x1.5,exposure_gain,1.5,000000000395.jpg,1,person,large,True,0.9104070663452148
gain_x1.5,exposure_gain,1.5,000000000395.jpg,2,person,large,True,0.8448300957679749
gain_x1.5,exposure_gain,1.5,000000000395.jpg,3,person,large,True,0.7027665376663208
gain_x1.5,exposure_gain,1.5,000000000395.jpg,4,person,medium,False,
gain_x1.5,exposure_gain,1.5,000000000395.jpg,5,person,medium,True,0.39379188418388367
gain_x1.5,exposure_gain,1.5,000000000395.jpg,6,person,medium,False,
gain_x1.5,exposure_gain,1.5,000000000395.jpg,7,person,medium,False,
gain_x1.5,exposure_gain,1.5,000000000395.jpg,8,person,medium,False,
gain_x1.5,exposure_gain,1.5,000000000395.jpg,9,person,medium,False,
gain_x1.5,exposure_gain,1.5,000000000395.jpg,10,person,medium,True,0.38499096035957336
gain_x1.5,exposure_gain,1.5,000000000397.jpg,0,person,large,False,
gain_x1.5,exposure_gain,1.5,000000000415.jpg,0,person,large,True,0.9372671842575073
gain_x1.5,exposure_gain,1.5,000000000419.jpg,0,person,medium,True,0.7795785069465637
gain_x1.5,exposure_gain,1.5,000000000419.jpg,1,person,large,True,0.9091441035270691
gain_x1.5,exposure_gain,1.5,000000000419.jpg,2,car,small,False,
gain_x1.5,exposure_gain,1.5,000000000419.jpg,3,car,small,False,
gain_x1.5,exposure_gain,1.5,000000000419.jpg,4,car,small,False,
gain_x1.5,exposure_gain,1.5,000000000428.jpg,0,person,large,True,0.9417513608932495
gain_x1.5,exposure_gain,1.5,000000000431.jpg,0,person,large,True,0.906848132610321
gain_x1.5,exposure_gain,1.5,000000000436.jpg,0,person,large,True,0.9082841277122498
gain_x1.5,exposure_gain,1.5,000000000443.jpg,0,person,large,False,
gain_x1.5,exposure_gain,1.5,000000000443.jpg,1,person,large,True,0.42960578203201294
gain_x1.5,exposure_gain,1.5,000000000443.jpg,2,person,large,False,
gain_x1.5,exposure_gain,1.5,000000000446.jpg,0,person,large,True,0.8678749203681946
gain_x1.5,exposure_gain,1.5,000000000459.jpg,0,person,large,True,0.9297773241996765
gain_x1.5,exposure_gain,1.5,000000000471.jpg,0,bus,large,True,0.9169389009475708
gain_x1.5,exposure_gain,1.5,000000000471.jpg,1,person,small,False,
gain_x1.5,exposure_gain,1.5,000000000474.jpg,0,person,large,True,0.883143961429596
gain_x1.5,exposure_gain,1.5,000000000488.jpg,0,person,large,True,0.8776233196258545
gain_x1.5,exposure_gain,1.5,000000000488.jpg,1,person,large,True,0.8440471887588501
gain_x1.5,exposure_gain,1.5,000000000488.jpg,2,person,medium,True,0.27502912282943726
gain_x1.5,exposure_gain,1.5,000000000488.jpg,3,person,medium,True,0.8511934876441956
gain_x1.5,exposure_gain,1.5,000000000488.jpg,4,person,large,True,0.881385326385498
gain_x1.5,exposure_gain,1.5,000000000488.jpg,5,person,small,False,
gain_x1.5,exposure_gain,1.5,000000000510.jpg,0,person,large,True,0.928295373916626
gain_x1.5,exposure_gain,1.5,000000000510.jpg,1,traffic light,medium,False,
gain_x1.5,exposure_gain,1.5,000000000520.jpg,0,person,small,True,0.32707905769348145
gain_x1.5,exposure_gain,1.5,000000000520.jpg,1,person,small,False,
gain_x1.5,exposure_gain,1.5,000000000520.jpg,2,person,small,False,
gain_x1.5,exposure_gain,1.5,000000000529.jpg,0,motorcycle,large,True,0.9040268659591675
gain_x1.5,exposure_gain,1.5,000000000529.jpg,1,person,large,True,0.780044674873352
gain_x1.5,exposure_gain,1.5,000000000529.jpg,2,person,large,False,
gain_x1.5,exposure_gain,1.5,000000000531.jpg,0,bicycle,small,False,
gain_x1.5,exposure_gain,1.5,000000000531.jpg,1,person,medium,True,0.8237069249153137
gain_x1.5,exposure_gain,1.5,000000000531.jpg,2,bicycle,small,False,
gain_x1.5,exposure_gain,1.5,000000000531.jpg,3,person,medium,True,0.8067377805709839
gain_x1.5,exposure_gain,1.5,000000000531.jpg,4,person,small,True,0.25019869208335876
gain_x1.5,exposure_gain,1.5,000000000531.jpg,5,person,small,True,0.5842185020446777
gain_x1.5,exposure_gain,1.5,000000000531.jpg,6,person,small,True,0.3582293689250946
gain_x1.5,exposure_gain,1.5,000000000531.jpg,7,person,small,True,0.34698209166526794
gain_x1.5,exposure_gain,1.5,000000000531.jpg,8,person,small,False,
gain_x1.5,exposure_gain,1.5,000000000531.jpg,9,person,small,True,0.6722010970115662
gain_x1.5,exposure_gain,1.5,000000000531.jpg,10,bicycle,small,False,
gain_x1.5,exposure_gain,1.5,000000000532.jpg,0,bus,large,True,0.8064581751823425
gain_x1.5,exposure_gain,1.5,000000000532.jpg,1,person,medium,True,0.8624036312103271
gain_x1.5,exposure_gain,1.5,000000000532.jpg,2,person,medium,True,0.876491367816925
gain_x1.5,exposure_gain,1.5,000000000532.jpg,3,person,small,False,
gain_x1.5,exposure_gain,1.5,000000000532.jpg,4,person,small,False,
gain_x1.5,exposure_gain,1.5,000000000532.jpg,5,bus,large,True,0.5635407567024231
gain_x1.5,exposure_gain,1.5,000000000536.jpg,0,person,large,True,0.9294923543930054
gain_x1.5,exposure_gain,1.5,000000000536.jpg,1,person,large,True,0.8923078179359436
gain_x1.5,exposure_gain,1.5,000000000536.jpg,2,person,large,True,0.8886042237281799
gain_x1.5,exposure_gain,1.5,000000000540.jpg,0,car,small,False,
gain_x1.5,exposure_gain,1.5,000000000540.jpg,1,car,small,False,
gain_x1.5,exposure_gain,1.5,000000000540.jpg,2,car,small,False,
gain_x1.5,exposure_gain,1.5,000000000540.jpg,3,car,small,False,
gain_x1.5,exposure_gain,1.5,000000000540.jpg,4,truck,small,False,
gain_x1.5,exposure_gain,1.5,000000000540.jpg,5,traffic light,small,False,
gain_x1.5,exposure_gain,1.5,000000000540.jpg,6,car,small,False,
gain_x1.5,exposure_gain,1.5,000000000540.jpg,7,car,small,False,
gain_x1.5,exposure_gain,1.5,000000000540.jpg,8,car,small,False,
gain_x1.5,exposure_gain,1.5,000000000540.jpg,9,car,small,False,
gain_x1.5,exposure_gain,1.5,000000000540.jpg,10,car,small,False,
gain_x1.5,exposure_gain,1.5,000000000540.jpg,11,car,small,False,
gain_x1.5,exposure_gain,1.5,000000000540.jpg,12,car,small,False,
gain_x1.5,exposure_gain,1.5,000000000540.jpg,13,car,small,False,
gain_x1.5,exposure_gain,1.5,000000000540.jpg,14,bus,small,False,
gain_x1.5,exposure_gain,1.5,000000000540.jpg,15,truck,small,False,
gain_x1.5,exposure_gain,1.5,000000000540.jpg,16,car,small,False,
gain_x1.5,exposure_gain,1.5,000000000540.jpg,17,bus,small,False,
gain_x1.5,exposure_gain,1.5,000000000540.jpg,18,truck,small,False,
gain_x1.5,exposure_gain,1.5,000000000542.jpg,0,person,large,True,0.7812133431434631
gain_x1.5,exposure_gain,1.5,000000000542.jpg,1,person,medium,True,0.7560373544692993
gain_x1.5,exposure_gain,1.5,000000000542.jpg,2,person,medium,True,0.8120315074920654
gain_x1.5,exposure_gain,1.5,000000000542.jpg,3,person,medium,True,0.6537317037582397
gain_x1.5,exposure_gain,1.5,000000000542.jpg,4,person,medium,True,0.7607353925704956
gain_x1.5,exposure_gain,1.5,000000000542.jpg,5,person,medium,False,
gain_x1.5,exposure_gain,1.5,000000000542.jpg,6,person,medium,True,0.7310317158699036
gain_x1.5,exposure_gain,1.5,000000000542.jpg,7,person,medium,False,
gain_x1.5,exposure_gain,1.5,000000000542.jpg,8,person,medium,False,
gain_x1.5,exposure_gain,1.5,000000000542.jpg,9,person,medium,True,0.580806314945221
gain_x1.5,exposure_gain,1.5,000000000542.jpg,10,person,small,False,
gain_x1.5,exposure_gain,1.5,000000000542.jpg,11,person,medium,False,
gain_x1.5,exposure_gain,1.5,000000000544.jpg,0,person,large,True,0.9005254507064819
gain_x1.5,exposure_gain,1.5,000000000544.jpg,1,person,large,True,0.8892700672149658
gain_x1.5,exposure_gain,1.5,000000000544.jpg,2,person,large,True,0.8948699235916138
gain_x1.5,exposure_gain,1.5,000000000544.jpg,3,person,medium,False,
gain_x1.5,exposure_gain,1.5,000000000544.jpg,4,person,medium,True,0.28253668546676636
gain_x1.5,exposure_gain,1.5,000000000544.jpg,5,person,small,True,0.4540645480155945
gain_x1.5,exposure_gain,1.5,000000000544.jpg,6,person,medium,True,0.3923080563545227
gain_x1.5,exposure_gain,1.5,000000000544.jpg,7,person,medium,True,0.2640150189399719
gain_x1.5,exposure_gain,1.5,000000000544.jpg,8,person,small,False,
gain_x1.5,exposure_gain,1.5,000000000544.jpg,9,person,medium,True,0.5631011128425598
gain_x1.5,exposure_gain,1.5,000000000544.jpg,10,person,small,False,
gain_x1.5,exposure_gain,1.5,000000000544.jpg,11,person,medium,True,0.3333820700645447
gain_x1.5,exposure_gain,1.5,000000000544.jpg,12,person,small,False,
gain_x1.5,exposure_gain,1.5,000000000564.jpg,0,person,large,True,0.8424907326698303
gain_x1.5,exposure_gain,1.5,000000000564.jpg,1,person,medium,True,0.3738885223865509
gain_x1.5,exposure_gain,1.5,000000000569.jpg,0,person,large,True,0.8191690444946289
gain_x1.5,exposure_gain,1.5,000000000572.jpg,0,person,large,True,0.8223581314086914
gain_x1.5,exposure_gain,1.5,000000000572.jpg,1,person,large,True,0.7741414308547974
gain_x1.5,exposure_gain,1.5,000000000589.jpg,0,person,large,True,0.9113065600395203
gain_x1.5,exposure_gain,1.5,000000000623.jpg,0,person,large,True,0.3926123082637787
gain_x1.5,exposure_gain,1.5,000000000625.jpg,0,person,large,True,0.8994083404541016
gain_x1.5,exposure_gain,1.5,000000000625.jpg,1,person,large,True,0.910673201084137
gain_x1.5,exposure_gain,1.5,000000000625.jpg,2,person,large,True,0.9023956656455994
gain_x1.5,exposure_gain,1.5,000000000629.jpg,0,motorcycle,large,True,0.938103199005127
gain_x1.5,exposure_gain,1.5,000000000634.jpg,0,person,large,True,0.9078785181045532
gain_x1.5,exposure_gain,1.5,000000000634.jpg,1,person,small,True,0.34436848759651184
gain_x1.5,exposure_gain,1.5,000000000634.jpg,2,person,large,True,0.8184013366699219
gain_x1.5,exposure_gain,1.5,000000000634.jpg,3,person,small,True,0.3483685255050659
gain_x1.5,exposure_gain,1.5,000000000634.jpg,4,person,small,True,0.5981584787368774
gain_x1.5,exposure_gain,1.5,000000000641.jpg,0,bicycle,medium,False,
gain_x1.5,exposure_gain,1.5,000000000641.jpg,1,bicycle,small,False,
gain_x1.5,exposure_gain,1.5,000000000641.jpg,2,bus,large,True,0.8796333074569702
gain_x1.5,exposure_gain,1.5,000000000641.jpg,3,person,small,False,
gain_x1.5,exposure_gain,1.5,000000000641.jpg,4,person,small,True,0.3626640737056732
gain_x1.5,exposure_gain,1.5,000000000641.jpg,5,person,small,False,
gain_x1.5,exposure_gain,1.5,000000000641.jpg,6,person,small,False,
gain_x1.5,exposure_gain,1.5,000000000641.jpg,7,person,small,False,
gain_x1.5,exposure_gain,1.5,000000000641.jpg,8,person,small,False,
gain_x1.5,exposure_gain,1.5,000000000641.jpg,9,person,small,False,
gain_x1.5,exposure_gain,1.5,000000000641.jpg,10,person,small,False,
gain_x1.5,exposure_gain,1.5,000000000641.jpg,11,person,small,False,
gain_x1.5,exposure_gain,1.5,000000000650.jpg,0,car,large,True,0.659705400466919
gain_x2.5,exposure_gain,2.5,000000000036.jpg,0,person,large,True,0.7434518337249756
gain_x2.5,exposure_gain,2.5,000000000049.jpg,0,person,medium,False,
gain_x2.5,exposure_gain,2.5,000000000049.jpg,1,person,medium,False,
gain_x2.5,exposure_gain,2.5,000000000049.jpg,2,person,small,True,0.46752455830574036
gain_x2.5,exposure_gain,2.5,000000000049.jpg,3,person,small,True,0.4685313105583191
gain_x2.5,exposure_gain,2.5,000000000049.jpg,4,person,small,True,0.5224903225898743
gain_x2.5,exposure_gain,2.5,000000000049.jpg,5,person,small,False,
gain_x2.5,exposure_gain,2.5,000000000061.jpg,0,person,medium,False,
gain_x2.5,exposure_gain,2.5,000000000061.jpg,1,person,medium,False,
gain_x2.5,exposure_gain,2.5,000000000061.jpg,2,person,medium,False,
gain_x2.5,exposure_gain,2.5,000000000064.jpg,0,car,large,True,0.5754379630088806
gain_x2.5,exposure_gain,2.5,000000000064.jpg,1,truck,medium,False,
gain_x2.5,exposure_gain,2.5,000000000071.jpg,0,car,small,False,
gain_x2.5,exposure_gain,2.5,000000000071.jpg,1,car,small,False,
gain_x2.5,exposure_gain,2.5,000000000071.jpg,2,car,small,False,
gain_x2.5,exposure_gain,2.5,000000000071.jpg,3,car,small,True,0.37523484230041504
gain_x2.5,exposure_gain,2.5,000000000071.jpg,4,car,small,False,
gain_x2.5,exposure_gain,2.5,000000000071.jpg,5,car,small,False,
gain_x2.5,exposure_gain,2.5,000000000071.jpg,6,truck,small,False,
gain_x2.5,exposure_gain,2.5,000000000071.jpg,7,truck,small,False,
gain_x2.5,exposure_gain,2.5,000000000071.jpg,8,car,small,False,
gain_x2.5,exposure_gain,2.5,000000000071.jpg,9,car,small,False,
gain_x2.5,exposure_gain,2.5,000000000071.jpg,10,car,small,False,
gain_x2.5,exposure_gain,2.5,000000000071.jpg,11,car,small,False,
gain_x2.5,exposure_gain,2.5,000000000071.jpg,12,car,small,False,
gain_x2.5,exposure_gain,2.5,000000000071.jpg,13,car,small,False,
gain_x2.5,exposure_gain,2.5,000000000071.jpg,14,car,small,False,
gain_x2.5,exposure_gain,2.5,000000000073.jpg,0,motorcycle,large,True,0.4883139133453369
gain_x2.5,exposure_gain,2.5,000000000073.jpg,1,motorcycle,large,False,
gain_x2.5,exposure_gain,2.5,000000000074.jpg,0,bicycle,large,True,0.8716922402381897
gain_x2.5,exposure_gain,2.5,000000000074.jpg,1,person,medium,True,0.5759084224700928
gain_x2.5,exposure_gain,2.5,000000000074.jpg,2,person,small,True,0.7327516078948975
gain_x2.5,exposure_gain,2.5,000000000074.jpg,3,person,small,False,
gain_x2.5,exposure_gain,2.5,000000000074.jpg,4,person,medium,True,0.3092176020145416
gain_x2.5,exposure_gain,2.5,000000000074.jpg,5,person,small,True,0.42031675577163696
gain_x2.5,exposure_gain,2.5,000000000074.jpg,6,person,small,False,
gain_x2.5,exposure_gain,2.5,000000000077.jpg,0,person,large,False,
gain_x2.5,exposure_gain,2.5,000000000077.jpg,1,person,medium,True,0.7424838542938232
gain_x2.5,exposure_gain,2.5,000000000077.jpg,2,person,large,True,0.8693746328353882
gain_x2.5,exposure_gain,2.5,000000000077.jpg,3,person,medium,True,0.34480834007263184
gain_x2.5,exposure_gain,2.5,000000000077.jpg,4,person,medium,False,
gain_x2.5,exposure_gain,2.5,000000000086.jpg,0,person,large,False,
gain_x2.5,exposure_gain,2.5,000000000086.jpg,1,motorcycle,large,False,
gain_x2.5,exposure_gain,2.5,000000000094.jpg,0,car,medium,True,0.8922364115715027
gain_x2.5,exposure_gain,2.5,000000000094.jpg,1,truck,medium,True,0.3186379373073578
gain_x2.5,exposure_gain,2.5,000000000109.jpg,0,person,small,True,0.5822121500968933
gain_x2.5,exposure_gain,2.5,000000000109.jpg,1,person,small,True,0.586023211479187
gain_x2.5,exposure_gain,2.5,000000000109.jpg,2,person,small,False,
gain_x2.5,exposure_gain,2.5,000000000109.jpg,3,person,small,False,
gain_x2.5,exposure_gain,2.5,000000000109.jpg,4,person,small,True,0.2737422585487366
gain_x2.5,exposure_gain,2.5,000000000110.jpg,0,person,large,True,0.7735732793807983
gain_x2.5,exposure_gain,2.5,000000000110.jpg,1,person,large,True,0.7441192865371704
gain_x2.5,exposure_gain,2.5,000000000110.jpg,2,person,large,True,0.7498525977134705
gain_x2.5,exposure_gain,2.5,000000000110.jpg,3,person,medium,False,
gain_x2.5,exposure_gain,2.5,000000000110.jpg,4,person,medium,False,
gain_x2.5,exposure_gain,2.5,000000000110.jpg,5,person,large,True,0.341630220413208
gain_x2.5,exposure_gain,2.5,000000000110.jpg,6,person,medium,False,
gain_x2.5,exposure_gain,2.5,000000000110.jpg,7,person,medium,False,
gain_x2.5,exposure_gain,2.5,000000000110.jpg,8,person,small,False,
gain_x2.5,exposure_gain,2.5,000000000110.jpg,9,person,medium,True,0.6886999011039734
gain_x2.5,exposure_gain,2.5,000000000113.jpg,0,person,large,True,0.6436694860458374
gain_x2.5,exposure_gain,2.5,000000000113.jpg,1,person,large,False,
gain_x2.5,exposure_gain,2.5,000000000113.jpg,2,person,large,True,0.47589874267578125
gain_x2.5,exposure_gain,2.5,000000000127.jpg,0,person,small,False,
gain_x2.5,exposure_gain,2.5,000000000136.jpg,0,person,large,True,0.7013614177703857
gain_x2.5,exposure_gain,2.5,000000000136.jpg,1,person,large,True,0.7364374995231628
gain_x2.5,exposure_gain,2.5,000000000149.jpg,0,person,small,False,
gain_x2.5,exposure_gain,2.5,000000000149.jpg,1,person,small,False,
gain_x2.5,exposure_gain,2.5,000000000149.jpg,2,person,small,False,
gain_x2.5,exposure_gain,2.5,000000000149.jpg,3,person,small,True,0.3151528835296631
gain_x2.5,exposure_gain,2.5,000000000149.jpg,4,person,small,False,
gain_x2.5,exposure_gain,2.5,000000000149.jpg,5,person,small,False,
gain_x2.5,exposure_gain,2.5,000000000149.jpg,6,car,small,False,
gain_x2.5,exposure_gain,2.5,000000000149.jpg,7,car,small,False,
gain_x2.5,exposure_gain,2.5,000000000149.jpg,8,car,small,False,
gain_x2.5,exposure_gain,2.5,000000000149.jpg,9,car,small,False,
gain_x2.5,exposure_gain,2.5,000000000149.jpg,10,person,small,False,
gain_x2.5,exposure_gain,2.5,000000000149.jpg,11,person,small,False,
gain_x2.5,exposure_gain,2.5,000000000149.jpg,12,person,small,False,
gain_x2.5,exposure_gain,2.5,000000000149.jpg,13,person,small,False,
gain_x2.5,exposure_gain,2.5,000000000149.jpg,14,person,small,True,0.2507351040840149
gain_x2.5,exposure_gain,2.5,000000000149.jpg,15,person,small,False,
gain_x2.5,exposure_gain,2.5,000000000151.jpg,0,person,medium,False,
gain_x2.5,exposure_gain,2.5,000000000165.jpg,0,person,large,True,0.6343159675598145
gain_x2.5,exposure_gain,2.5,000000000165.jpg,1,person,large,True,0.5442172884941101
gain_x2.5,exposure_gain,2.5,000000000192.jpg,0,person,large,True,0.9154596924781799
gain_x2.5,exposure_gain,2.5,000000000192.jpg,1,person,large,True,0.7102598547935486
gain_x2.5,exposure_gain,2.5,000000000192.jpg,2,person,medium,True,0.7455516457557678
gain_x2.5,exposure_gain,2.5,000000000192.jpg,3,person,large,True,0.8961331248283386
gain_x2.5,exposure_gain,2.5,000000000201.jpg,0,person,small,False,
gain_x2.5,exposure_gain,2.5,000000000201.jpg,1,person,small,False,
gain_x2.5,exposure_gain,2.5,000000000241.jpg,0,person,large,True,0.8624632358551025
gain_x2.5,exposure_gain,2.5,000000000241.jpg,1,person,large,True,0.9055660367012024
gain_x2.5,exposure_gain,2.5,000000000241.jpg,2,person,large,True,0.8603995442390442
gain_x2.5,exposure_gain,2.5,000000000241.jpg,3,person,medium,True,0.3133695721626282
gain_x2.5,exposure_gain,2.5,000000000241.jpg,4,person,large,False,
gain_x2.5,exposure_gain,2.5,000000000247.jpg,0,car,medium,True,0.8003178238868713
gain_x2.5,exposure_gain,2.5,000000000247.jpg,1,car,small,False,
gain_x2.5,exposure_gain,2.5,000000000247.jpg,2,car,small,False,
gain_x2.5,exposure_gain,2.5,000000000247.jpg,3,car,small,False,
gain_x2.5,exposure_gain,2.5,000000000247.jpg,4,car,small,False,
gain_x2.5,exposure_gain,2.5,000000000247.jpg,5,car,small,False,
gain_x2.5,exposure_gain,2.5,000000000257.jpg,0,traffic light,small,False,
gain_x2.5,exposure_gain,2.5,000000000257.jpg,1,traffic light,small,False,
gain_x2.5,exposure_gain,2.5,000000000257.jpg,2,truck,large,True,0.6992714405059814
gain_x2.5,exposure_gain,2.5,000000000257.jpg,3,truck,medium,True,0.35106876492500305
gain_x2.5,exposure_gain,2.5,000000000257.jpg,4,person,large,True,0.481689989566803
gain_x2.5,exposure_gain,2.5,000000000257.jpg,5,person,medium,True,0.6728513836860657
gain_x2.5,exposure_gain,2.5,000000000257.jpg,6,person,medium,True,0.34428873658180237
gain_x2.5,exposure_gain,2.5,000000000257.jpg,7,person,medium,True,0.5124315619468689
gain_x2.5,exposure_gain,2.5,000000000257.jpg,8,person,medium,True,0.3871094584465027
gain_x2.5,exposure_gain,2.5,000000000257.jpg,9,person,small,False,
gain_x2.5,exposure_gain,2.5,000000000257.jpg,10,person,small,False,
gain_x2.5,exposure_gain,2.5,000000000257.jpg,11,person,medium,True,0.5930551886558533
gain_x2.5,exposure_gain,2.5,000000000257.jpg,12,person,small,True,0.39620277285575867
gain_x2.5,exposure_gain,2.5,000000000257.jpg,13,person,small,True,0.6348288059234619
gain_x2.5,exposure_gain,2.5,000000000257.jpg,14,person,medium,False,
gain_x2.5,exposure_gain,2.5,000000000257.jpg,15,traffic light,small,False,
gain_x2.5,exposure_gain,2.5,000000000257.jpg,16,traffic light,small,False,
gain_x2.5,exposure_gain,2.5,000000000257.jpg,17,traffic light,small,False,
gain_x2.5,exposure_gain,2.5,000000000257.jpg,18,person,small,True,0.2861376702785492
gain_x2.5,exposure_gain,2.5,000000000257.jpg,19,truck,large,True,0.6948946118354797
gain_x2.5,exposure_gain,2.5,000000000257.jpg,20,truck,medium,True,0.281753808259964
gain_x2.5,exposure_gain,2.5,000000000257.jpg,21,truck,small,False,
gain_x2.5,exposure_gain,2.5,000000000257.jpg,22,traffic light,small,False,
gain_x2.5,exposure_gain,2.5,000000000257.jpg,23,person,small,True,0.2776339054107666
gain_x2.5,exposure_gain,2.5,000000000257.jpg,24,traffic light,small,False,
gain_x2.5,exposure_gain,2.5,000000000257.jpg,25,traffic light,small,False,
gain_x2.5,exposure_gain,2.5,000000000257.jpg,26,traffic light,small,False,
gain_x2.5,exposure_gain,2.5,000000000260.jpg,0,bus,large,True,0.7538412809371948
gain_x2.5,exposure_gain,2.5,000000000260.jpg,1,person,medium,True,0.8424299955368042
gain_x2.5,exposure_gain,2.5,000000000260.jpg,2,person,small,False,
gain_x2.5,exposure_gain,2.5,000000000260.jpg,3,car,small,True,0.6930133700370789
gain_x2.5,exposure_gain,2.5,000000000294.jpg,0,person,large,True,0.9092925786972046
gain_x2.5,exposure_gain,2.5,000000000307.jpg,0,car,small,False,
gain_x2.5,exposure_gain,2.5,000000000308.jpg,0,person,large,True,0.4670955240726471
gain_x2.5,exposure_gain,2.5,000000000308.jpg,1,person,large,True,0.7840884327888489
gain_x2.5,exposure_gain,2.5,000000000308.jpg,2,person,large,False,
gain_x2.5,exposure_gain,2.5,000000000308.jpg,3,person,medium,False,
gain_x2.5,exposure_gain,2.5,000000000308.jpg,4,person,large,True,0.8900511860847473
gain_x2.5,exposure_gain,2.5,000000000308.jpg,5,person,large,False,
gain_x2.5,exposure_gain,2.5,000000000308.jpg,6,person,medium,True,0.6502386331558228
gain_x2.5,exposure_gain,2.5,000000000315.jpg,0,person,large,True,0.6508130431175232
gain_x2.5,exposure_gain,2.5,000000000315.jpg,1,person,medium,True,0.5073166489601135
gain_x2.5,exposure_gain,2.5,000000000315.jpg,2,person,large,True,0.26320794224739075
gain_x2.5,exposure_gain,2.5,000000000315.jpg,3,person,medium,False,
gain_x2.5,exposure_gain,2.5,000000000315.jpg,4,person,medium,False,
gain_x2.5,exposure_gain,2.5,000000000315.jpg,5,person,medium,False,
gain_x2.5,exposure_gain,2.5,000000000315.jpg,6,person,small,False,
gain_x2.5,exposure_gain,2.5,000000000315.jpg,7,person,medium,False,
gain_x2.5,exposure_gain,2.5,000000000315.jpg,8,person,small,False,
gain_x2.5,exposure_gain,2.5,000000000315.jpg,9,person,small,False,
gain_x2.5,exposure_gain,2.5,000000000315.jpg,10,person,medium,False,
gain_x2.5,exposure_gain,2.5,000000000315.jpg,11,person,small,False,
gain_x2.5,exposure_gain,2.5,000000000315.jpg,12,person,small,False,
gain_x2.5,exposure_gain,2.5,000000000322.jpg,0,person,large,True,0.9382900595664978
gain_x2.5,exposure_gain,2.5,000000000326.jpg,0,person,large,True,0.48934251070022583
gain_x2.5,exposure_gain,2.5,000000000328.jpg,0,person,large,True,0.8627811670303345
gain_x2.5,exposure_gain,2.5,000000000328.jpg,1,person,large,True,0.8530117273330688
gain_x2.5,exposure_gain,2.5,000000000328.jpg,2,person,large,True,0.8684530854225159
gain_x2.5,exposure_gain,2.5,000000000328.jpg,3,car,medium,False,
gain_x2.5,exposure_gain,2.5,000000000338.jpg,0,person,large,True,0.7774011492729187
gain_x2.5,exposure_gain,2.5,000000000338.jpg,1,person,medium,True,0.848481297492981
gain_x2.5,exposure_gain,2.5,000000000357.jpg,0,person,small,True,0.43339356780052185
gain_x2.5,exposure_gain,2.5,000000000357.jpg,1,person,small,True,0.5728867053985596
gain_x2.5,exposure_gain,2.5,000000000357.jpg,2,person,small,True,0.7803010940551758
gain_x2.5,exposure_gain,2.5,000000000357.jpg,3,person,small,True,0.7775779962539673
gain_x2.5,exposure_gain,2.5,000000000357.jpg,4,person,medium,True,0.8219298124313354
gain_x2.5,exposure_gain,2.5,000000000357.jpg,5,person,small,True,0.7112805843353271
gain_x2.5,exposure_gain,2.5,000000000357.jpg,6,person,medium,True,0.8566628694534302
gain_x2.5,exposure_gain,2.5,000000000357.jpg,7,person,small,False,
gain_x2.5,exposure_gain,2.5,000000000357.jpg,8,person,small,False,
gain_x2.5,exposure_gain,2.5,000000000357.jpg,9,person,small,False,
gain_x2.5,exposure_gain,2.5,000000000357.jpg,10,person,small,True,0.39787203073501587
gain_x2.5,exposure_gain,2.5,000000000357.jpg,11,person,small,False,
gain_x2.5,exposure_gain,2.5,000000000357.jpg,12,person,small,False,
gain_x2.5,exposure_gain,2.5,000000000359.jpg,0,traffic light,medium,True,0.6560368537902832
gain_x2.5,exposure_gain,2.5,000000000359.jpg,1,traffic light,medium,True,0.37819957733154297
gain_x2.5,exposure_gain,2.5,000000000359.jpg,2,traffic light,small,False,
gain_x2.5,exposure_gain,2.5,000000000359.jpg,3,car,medium,True,0.7361733913421631
gain_x2.5,exposure_gain,2.5,000000000360.jpg,0,person,medium,False,
gain_x2.5,exposure_gain,2.5,000000000360.jpg,1,person,small,True,0.26638326048851013
gain_x2.5,exposure_gain,2.5,000000000368.jpg,0,person,large,True,0.6636709570884705
gain_x2.5,exposure_gain,2.5,000000000368.jpg,1,person,medium,True,0.42405208945274353
gain_x2.5,exposure_gain,2.5,000000000368.jpg,2,person,medium,False,
gain_x2.5,exposure_gain,2.5,000000000368.jpg,3,person,medium,False,
gain_x2.5,exposure_gain,2.5,000000000368.jpg,4,person,medium,False,
gain_x2.5,exposure_gain,2.5,000000000368.jpg,5,person,medium,False,
gain_x2.5,exposure_gain,2.5,000000000368.jpg,6,person,large,False,
gain_x2.5,exposure_gain,2.5,000000000368.jpg,7,person,medium,False,
gain_x2.5,exposure_gain,2.5,000000000368.jpg,8,person,medium,True,0.3292919993400574
gain_x2.5,exposure_gain,2.5,000000000368.jpg,9,person,medium,True,0.3876567482948303
gain_x2.5,exposure_gain,2.5,000000000368.jpg,10,person,small,False,
gain_x2.5,exposure_gain,2.5,000000000368.jpg,11,person,medium,True,0.30017420649528503
gain_x2.5,exposure_gain,2.5,000000000370.jpg,0,person,large,True,0.8304113745689392
gain_x2.5,exposure_gain,2.5,000000000382.jpg,0,person,medium,True,0.8408689498901367
gain_x2.5,exposure_gain,2.5,000000000389.jpg,0,person,large,True,0.9098548889160156
gain_x2.5,exposure_gain,2.5,000000000389.jpg,1,person,large,True,0.8363805413246155
gain_x2.5,exposure_gain,2.5,000000000389.jpg,2,person,large,True,0.34443312883377075
gain_x2.5,exposure_gain,2.5,000000000389.jpg,3,person,medium,False,
gain_x2.5,exposure_gain,2.5,000000000389.jpg,4,person,small,False,
gain_x2.5,exposure_gain,2.5,000000000389.jpg,5,person,medium,True,0.7402561902999878
gain_x2.5,exposure_gain,2.5,000000000389.jpg,6,person,medium,False,
gain_x2.5,exposure_gain,2.5,000000000389.jpg,7,person,small,False,
gain_x2.5,exposure_gain,2.5,000000000389.jpg,8,person,medium,True,0.7517772912979126
gain_x2.5,exposure_gain,2.5,000000000389.jpg,9,person,large,True,0.7897944450378418
gain_x2.5,exposure_gain,2.5,000000000389.jpg,10,person,small,False,
gain_x2.5,exposure_gain,2.5,000000000389.jpg,11,person,large,False,
gain_x2.5,exposure_gain,2.5,000000000395.jpg,0,person,large,True,0.8762078285217285
gain_x2.5,exposure_gain,2.5,000000000395.jpg,1,person,large,True,0.8988127708435059
gain_x2.5,exposure_gain,2.5,000000000395.jpg,2,person,large,True,0.7965431809425354
gain_x2.5,exposure_gain,2.5,000000000395.jpg,3,person,large,True,0.7131532430648804
gain_x2.5,exposure_gain,2.5,000000000395.jpg,4,person,medium,False,
gain_x2.5,exposure_gain,2.5,000000000395.jpg,5,person,medium,True,0.3275854289531708
gain_x2.5,exposure_gain,2.5,000000000395.jpg,6,person,medium,False,
gain_x2.5,exposure_gain,2.5,000000000395.jpg,7,person,medium,True,0.26212266087532043
gain_x2.5,exposure_gain,2.5,000000000395.jpg,8,person,medium,False,
gain_x2.5,exposure_gain,2.5,000000000395.jpg,9,person,medium,False,
gain_x2.5,exposure_gain,2.5,000000000395.jpg,10,person,medium,True,0.36888349056243896
gain_x2.5,exposure_gain,2.5,000000000397.jpg,0,person,large,False,
gain_x2.5,exposure_gain,2.5,000000000415.jpg,0,person,large,True,0.9316598773002625
gain_x2.5,exposure_gain,2.5,000000000419.jpg,0,person,medium,True,0.569703221321106
gain_x2.5,exposure_gain,2.5,000000000419.jpg,1,person,large,True,0.9098140001296997
gain_x2.5,exposure_gain,2.5,000000000419.jpg,2,car,small,False,
gain_x2.5,exposure_gain,2.5,000000000419.jpg,3,car,small,False,
gain_x2.5,exposure_gain,2.5,000000000419.jpg,4,car,small,False,
gain_x2.5,exposure_gain,2.5,000000000428.jpg,0,person,large,True,0.8926032781600952
gain_x2.5,exposure_gain,2.5,000000000431.jpg,0,person,large,True,0.8918921947479248
gain_x2.5,exposure_gain,2.5,000000000436.jpg,0,person,large,True,0.8953195810317993
gain_x2.5,exposure_gain,2.5,000000000443.jpg,0,person,large,True,0.3868756592273712
gain_x2.5,exposure_gain,2.5,000000000443.jpg,1,person,large,False,
gain_x2.5,exposure_gain,2.5,000000000443.jpg,2,person,large,True,0.3187372386455536
gain_x2.5,exposure_gain,2.5,000000000446.jpg,0,person,large,True,0.2756025791168213
gain_x2.5,exposure_gain,2.5,000000000459.jpg,0,person,large,True,0.8780954480171204
gain_x2.5,exposure_gain,2.5,000000000471.jpg,0,bus,large,True,0.9232403635978699
gain_x2.5,exposure_gain,2.5,000000000471.jpg,1,person,small,False,
gain_x2.5,exposure_gain,2.5,000000000474.jpg,0,person,large,True,0.8802531957626343
gain_x2.5,exposure_gain,2.5,000000000488.jpg,0,person,large,True,0.7961252927780151
gain_x2.5,exposure_gain,2.5,000000000488.jpg,1,person,large,True,0.7337380051612854
gain_x2.5,exposure_gain,2.5,000000000488.jpg,2,person,medium,False,
gain_x2.5,exposure_gain,2.5,000000000488.jpg,3,person,medium,True,0.9016687870025635
gain_x2.5,exposure_gain,2.5,000000000488.jpg,4,person,large,True,0.8763570785522461
gain_x2.5,exposure_gain,2.5,000000000488.jpg,5,person,small,False,
gain_x2.5,exposure_gain,2.5,000000000510.jpg,0,person,large,True,0.9302377700805664
gain_x2.5,exposure_gain,2.5,000000000510.jpg,1,traffic light,medium,False,
gain_x2.5,exposure_gain,2.5,000000000520.jpg,0,person,small,False,
gain_x2.5,exposure_gain,2.5,000000000520.jpg,1,person,small,False,
gain_x2.5,exposure_gain,2.5,000000000520.jpg,2,person,small,False,
gain_x2.5,exposure_gain,2.5,000000000529.jpg,0,motorcycle,large,True,0.8739213943481445
gain_x2.5,exposure_gain,2.5,000000000529.jpg,1,person,large,True,0.6321324706077576
gain_x2.5,exposure_gain,2.5,000000000529.jpg,2,person,large,False,
gain_x2.5,exposure_gain,2.5,000000000531.jpg,0,bicycle,small,False,
gain_x2.5,exposure_gain,2.5,000000000531.jpg,1,person,medium,True,0.7934260368347168
gain_x2.5,exposure_gain,2.5,000000000531.jpg,2,bicycle,small,False,
gain_x2.5,exposure_gain,2.5,000000000531.jpg,3,person,medium,True,0.7274518609046936
gain_x2.5,exposure_gain,2.5,000000000531.jpg,4,person,small,False,
gain_x2.5,exposure_gain,2.5,000000000531.jpg,5,person,small,False,
gain_x2.5,exposure_gain,2.5,000000000531.jpg,6,person,small,False,
gain_x2.5,exposure_gain,2.5,000000000531.jpg,7,person,small,False,
gain_x2.5,exposure_gain,2.5,000000000531.jpg,8,person,small,False,
gain_x2.5,exposure_gain,2.5,000000000531.jpg,9,person,small,True,0.5237473249435425
gain_x2.5,exposure_gain,2.5,000000000531.jpg,10,bicycle,small,False,
gain_x2.5,exposure_gain,2.5,000000000532.jpg,0,bus,large,True,0.7497695088386536
gain_x2.5,exposure_gain,2.5,000000000532.jpg,1,person,medium,True,0.8669838309288025
gain_x2.5,exposure_gain,2.5,000000000532.jpg,2,person,medium,True,0.8741412162780762
gain_x2.5,exposure_gain,2.5,000000000532.jpg,3,person,small,False,
gain_x2.5,exposure_gain,2.5,000000000532.jpg,4,person,small,False,
gain_x2.5,exposure_gain,2.5,000000000532.jpg,5,bus,large,True,0.2733072340488434
gain_x2.5,exposure_gain,2.5,000000000536.jpg,0,person,large,True,0.9025254845619202
gain_x2.5,exposure_gain,2.5,000000000536.jpg,1,person,large,True,0.875643789768219
gain_x2.5,exposure_gain,2.5,000000000536.jpg,2,person,large,True,0.7574391961097717
gain_x2.5,exposure_gain,2.5,000000000540.jpg,0,car,small,False,
gain_x2.5,exposure_gain,2.5,000000000540.jpg,1,car,small,False,
gain_x2.5,exposure_gain,2.5,000000000540.jpg,2,car,small,False,
gain_x2.5,exposure_gain,2.5,000000000540.jpg,3,car,small,False,
gain_x2.5,exposure_gain,2.5,000000000540.jpg,4,truck,small,False,
gain_x2.5,exposure_gain,2.5,000000000540.jpg,5,traffic light,small,False,
gain_x2.5,exposure_gain,2.5,000000000540.jpg,6,car,small,False,
gain_x2.5,exposure_gain,2.5,000000000540.jpg,7,car,small,False,
gain_x2.5,exposure_gain,2.5,000000000540.jpg,8,car,small,False,
gain_x2.5,exposure_gain,2.5,000000000540.jpg,9,car,small,False,
gain_x2.5,exposure_gain,2.5,000000000540.jpg,10,car,small,False,
gain_x2.5,exposure_gain,2.5,000000000540.jpg,11,car,small,False,
gain_x2.5,exposure_gain,2.5,000000000540.jpg,12,car,small,False,
gain_x2.5,exposure_gain,2.5,000000000540.jpg,13,car,small,False,
gain_x2.5,exposure_gain,2.5,000000000540.jpg,14,bus,small,False,
gain_x2.5,exposure_gain,2.5,000000000540.jpg,15,truck,small,False,
gain_x2.5,exposure_gain,2.5,000000000540.jpg,16,car,small,False,
gain_x2.5,exposure_gain,2.5,000000000540.jpg,17,bus,small,False,
gain_x2.5,exposure_gain,2.5,000000000540.jpg,18,truck,small,False,
gain_x2.5,exposure_gain,2.5,000000000542.jpg,0,person,large,True,0.7349098324775696
gain_x2.5,exposure_gain,2.5,000000000542.jpg,1,person,medium,True,0.7893106341362
gain_x2.5,exposure_gain,2.5,000000000542.jpg,2,person,medium,True,0.7741406559944153
gain_x2.5,exposure_gain,2.5,000000000542.jpg,3,person,medium,True,0.6694580912590027
gain_x2.5,exposure_gain,2.5,000000000542.jpg,4,person,medium,True,0.7096956968307495
gain_x2.5,exposure_gain,2.5,000000000542.jpg,5,person,medium,False,
gain_x2.5,exposure_gain,2.5,000000000542.jpg,6,person,medium,True,0.7069389224052429
gain_x2.5,exposure_gain,2.5,000000000542.jpg,7,person,medium,False,
gain_x2.5,exposure_gain,2.5,000000000542.jpg,8,person,medium,False,
gain_x2.5,exposure_gain,2.5,000000000542.jpg,9,person,medium,True,0.5235757827758789
gain_x2.5,exposure_gain,2.5,000000000542.jpg,10,person,small,False,
gain_x2.5,exposure_gain,2.5,000000000542.jpg,11,person,medium,False,
gain_x2.5,exposure_gain,2.5,000000000544.jpg,0,person,large,True,0.9044290781021118
gain_x2.5,exposure_gain,2.5,000000000544.jpg,1,person,large,True,0.8937477469444275
gain_x2.5,exposure_gain,2.5,000000000544.jpg,2,person,large,True,0.892484188079834
gain_x2.5,exposure_gain,2.5,000000000544.jpg,3,person,medium,False,
gain_x2.5,exposure_gain,2.5,000000000544.jpg,4,person,medium,True,0.3324928283691406
gain_x2.5,exposure_gain,2.5,000000000544.jpg,5,person,small,True,0.5048068165779114
gain_x2.5,exposure_gain,2.5,000000000544.jpg,6,person,medium,False,
gain_x2.5,exposure_gain,2.5,000000000544.jpg,7,person,medium,True,0.2765422463417053
gain_x2.5,exposure_gain,2.5,000000000544.jpg,8,person,small,False,
gain_x2.5,exposure_gain,2.5,000000000544.jpg,9,person,medium,True,0.586597204208374
gain_x2.5,exposure_gain,2.5,000000000544.jpg,10,person,small,False,
gain_x2.5,exposure_gain,2.5,000000000544.jpg,11,person,medium,True,0.32281383872032166
gain_x2.5,exposure_gain,2.5,000000000544.jpg,12,person,small,False,
gain_x2.5,exposure_gain,2.5,000000000564.jpg,0,person,large,True,0.7335333228111267
gain_x2.5,exposure_gain,2.5,000000000564.jpg,1,person,medium,False,
gain_x2.5,exposure_gain,2.5,000000000569.jpg,0,person,large,False,
gain_x2.5,exposure_gain,2.5,000000000572.jpg,0,person,large,True,0.37940308451652527
gain_x2.5,exposure_gain,2.5,000000000572.jpg,1,person,large,True,0.6618605852127075
gain_x2.5,exposure_gain,2.5,000000000589.jpg,0,person,large,True,0.8873478770256042
gain_x2.5,exposure_gain,2.5,000000000623.jpg,0,person,large,True,0.7871562838554382
gain_x2.5,exposure_gain,2.5,000000000625.jpg,0,person,large,True,0.9036675691604614
gain_x2.5,exposure_gain,2.5,000000000625.jpg,1,person,large,True,0.8880068063735962
gain_x2.5,exposure_gain,2.5,000000000625.jpg,2,person,large,True,0.8799097537994385
gain_x2.5,exposure_gain,2.5,000000000629.jpg,0,motorcycle,large,True,0.9219185709953308
gain_x2.5,exposure_gain,2.5,000000000634.jpg,0,person,large,True,0.9177826046943665
gain_x2.5,exposure_gain,2.5,000000000634.jpg,1,person,small,True,0.33361876010894775
gain_x2.5,exposure_gain,2.5,000000000634.jpg,2,person,large,True,0.8270055651664734
gain_x2.5,exposure_gain,2.5,000000000634.jpg,3,person,small,False,
gain_x2.5,exposure_gain,2.5,000000000634.jpg,4,person,small,True,0.6673891544342041
gain_x2.5,exposure_gain,2.5,000000000641.jpg,0,bicycle,medium,True,0.33968880772590637
gain_x2.5,exposure_gain,2.5,000000000641.jpg,1,bicycle,small,False,
gain_x2.5,exposure_gain,2.5,000000000641.jpg,2,bus,large,True,0.8126385807991028
gain_x2.5,exposure_gain,2.5,000000000641.jpg,3,person,small,False,
gain_x2.5,exposure_gain,2.5,000000000641.jpg,4,person,small,True,0.43710747361183167
gain_x2.5,exposure_gain,2.5,000000000641.jpg,5,person,small,False,
gain_x2.5,exposure_gain,2.5,000000000641.jpg,6,person,small,False,
gain_x2.5,exposure_gain,2.5,000000000641.jpg,7,person,small,False,
gain_x2.5,exposure_gain,2.5,000000000641.jpg,8,person,small,False,
gain_x2.5,exposure_gain,2.5,000000000641.jpg,9,person,small,False,
gain_x2.5,exposure_gain,2.5,000000000641.jpg,10,person,small,False,
gain_x2.5,exposure_gain,2.5,000000000641.jpg,11,person,small,False,
gain_x2.5,exposure_gain,2.5,000000000650.jpg,0,car,large,True,0.48660504817962646
gain_x4,exposure_gain,4.0,000000000036.jpg,0,person,large,False,
gain_x4,exposure_gain,4.0,000000000049.jpg,0,person,medium,False,
gain_x4,exposure_gain,4.0,000000000049.jpg,1,person,medium,False,
gain_x4,exposure_gain,4.0,000000000049.jpg,2,person,small,True,0.39119821786880493
gain_x4,exposure_gain,4.0,000000000049.jpg,3,person,small,True,0.391776978969574
gain_x4,exposure_gain,4.0,000000000049.jpg,4,person,small,True,0.5849099159240723
gain_x4,exposure_gain,4.0,000000000049.jpg,5,person,small,False,
gain_x4,exposure_gain,4.0,000000000061.jpg,0,person,medium,False,
gain_x4,exposure_gain,4.0,000000000061.jpg,1,person,medium,False,
gain_x4,exposure_gain,4.0,000000000061.jpg,2,person,medium,False,
gain_x4,exposure_gain,4.0,000000000064.jpg,0,car,large,False,
gain_x4,exposure_gain,4.0,000000000064.jpg,1,truck,medium,False,
gain_x4,exposure_gain,4.0,000000000071.jpg,0,car,small,False,
gain_x4,exposure_gain,4.0,000000000071.jpg,1,car,small,False,
gain_x4,exposure_gain,4.0,000000000071.jpg,2,car,small,False,
gain_x4,exposure_gain,4.0,000000000071.jpg,3,car,small,True,0.5511224269866943
gain_x4,exposure_gain,4.0,000000000071.jpg,4,car,small,False,
gain_x4,exposure_gain,4.0,000000000071.jpg,5,car,small,False,
gain_x4,exposure_gain,4.0,000000000071.jpg,6,truck,small,False,
gain_x4,exposure_gain,4.0,000000000071.jpg,7,truck,small,False,
gain_x4,exposure_gain,4.0,000000000071.jpg,8,car,small,False,
gain_x4,exposure_gain,4.0,000000000071.jpg,9,car,small,False,
gain_x4,exposure_gain,4.0,000000000071.jpg,10,car,small,False,
gain_x4,exposure_gain,4.0,000000000071.jpg,11,car,small,False,
gain_x4,exposure_gain,4.0,000000000071.jpg,12,car,small,False,
gain_x4,exposure_gain,4.0,000000000071.jpg,13,car,small,False,
gain_x4,exposure_gain,4.0,000000000071.jpg,14,car,small,False,
gain_x4,exposure_gain,4.0,000000000073.jpg,0,motorcycle,large,False,
gain_x4,exposure_gain,4.0,000000000073.jpg,1,motorcycle,large,False,
gain_x4,exposure_gain,4.0,000000000074.jpg,0,bicycle,large,True,0.7524287104606628
gain_x4,exposure_gain,4.0,000000000074.jpg,1,person,medium,False,
gain_x4,exposure_gain,4.0,000000000074.jpg,2,person,small,False,
gain_x4,exposure_gain,4.0,000000000074.jpg,3,person,small,False,
gain_x4,exposure_gain,4.0,000000000074.jpg,4,person,medium,False,
gain_x4,exposure_gain,4.0,000000000074.jpg,5,person,small,True,0.27526819705963135
gain_x4,exposure_gain,4.0,000000000074.jpg,6,person,small,False,
gain_x4,exposure_gain,4.0,000000000077.jpg,0,person,large,True,0.31015267968177795
gain_x4,exposure_gain,4.0,000000000077.jpg,1,person,medium,True,0.8274597525596619
gain_x4,exposure_gain,4.0,000000000077.jpg,2,person,large,True,0.8774378895759583
gain_x4,exposure_gain,4.0,000000000077.jpg,3,person,medium,False,
gain_x4,exposure_gain,4.0,000000000077.jpg,4,person,medium,False,
gain_x4,exposure_gain,4.0,000000000086.jpg,0,person,large,False,
gain_x4,exposure_gain,4.0,000000000086.jpg,1,motorcycle,large,False,
gain_x4,exposure_gain,4.0,000000000094.jpg,0,car,medium,True,0.8692825436592102
gain_x4,exposure_gain,4.0,000000000094.jpg,1,truck,medium,False,
gain_x4,exposure_gain,4.0,000000000109.jpg,0,person,small,False,
gain_x4,exposure_gain,4.0,000000000109.jpg,1,person,small,False,
gain_x4,exposure_gain,4.0,000000000109.jpg,2,person,small,False,
gain_x4,exposure_gain,4.0,000000000109.jpg,3,person,small,False,
gain_x4,exposure_gain,4.0,000000000109.jpg,4,person,small,False,
gain_x4,exposure_gain,4.0,000000000110.jpg,0,person,large,True,0.5004869699478149
gain_x4,exposure_gain,4.0,000000000110.jpg,1,person,large,True,0.8124521374702454
gain_x4,exposure_gain,4.0,000000000110.jpg,2,person,large,True,0.41713130474090576
gain_x4,exposure_gain,4.0,000000000110.jpg,3,person,medium,False,
gain_x4,exposure_gain,4.0,000000000110.jpg,4,person,medium,False,
gain_x4,exposure_gain,4.0,000000000110.jpg,5,person,large,False,
gain_x4,exposure_gain,4.0,000000000110.jpg,6,person,medium,False,
gain_x4,exposure_gain,4.0,000000000110.jpg,7,person,medium,False,
gain_x4,exposure_gain,4.0,000000000110.jpg,8,person,small,False,
gain_x4,exposure_gain,4.0,000000000110.jpg,9,person,medium,False,
gain_x4,exposure_gain,4.0,000000000113.jpg,0,person,large,True,0.29794609546661377
gain_x4,exposure_gain,4.0,000000000113.jpg,1,person,large,False,
gain_x4,exposure_gain,4.0,000000000113.jpg,2,person,large,False,
gain_x4,exposure_gain,4.0,000000000127.jpg,0,person,small,False,
gain_x4,exposure_gain,4.0,000000000136.jpg,0,person,large,True,0.776006817817688
gain_x4,exposure_gain,4.0,000000000136.jpg,1,person,large,False,
gain_x4,exposure_gain,4.0,000000000149.jpg,0,person,small,False,
gain_x4,exposure_gain,4.0,000000000149.jpg,1,person,small,False,
gain_x4,exposure_gain,4.0,000000000149.jpg,2,person,small,False,
gain_x4,exposure_gain,4.0,000000000149.jpg,3,person,small,True,0.2757776975631714
gain_x4,exposure_gain,4.0,000000000149.jpg,4,person,small,False,
gain_x4,exposure_gain,4.0,000000000149.jpg,5,person,small,False,
gain_x4,exposure_gain,4.0,000000000149.jpg,6,car,small,False,
gain_x4,exposure_gain,4.0,000000000149.jpg,7,car,small,False,
gain_x4,exposure_gain,4.0,000000000149.jpg,8,car,small,False,
gain_x4,exposure_gain,4.0,000000000149.jpg,9,car,small,False,
gain_x4,exposure_gain,4.0,000000000149.jpg,10,person,small,False,
gain_x4,exposure_gain,4.0,000000000149.jpg,11,person,small,False,
gain_x4,exposure_gain,4.0,000000000149.jpg,12,person,small,False,
gain_x4,exposure_gain,4.0,000000000149.jpg,13,person,small,False,
gain_x4,exposure_gain,4.0,000000000149.jpg,14,person,small,False,
gain_x4,exposure_gain,4.0,000000000149.jpg,15,person,small,False,
gain_x4,exposure_gain,4.0,000000000151.jpg,0,person,medium,False,
gain_x4,exposure_gain,4.0,000000000165.jpg,0,person,large,True,0.45971837639808655
gain_x4,exposure_gain,4.0,000000000165.jpg,1,person,large,False,
gain_x4,exposure_gain,4.0,000000000192.jpg,0,person,large,True,0.890638530254364
gain_x4,exposure_gain,4.0,000000000192.jpg,1,person,large,False,
gain_x4,exposure_gain,4.0,000000000192.jpg,2,person,medium,True,0.395561158657074
gain_x4,exposure_gain,4.0,000000000192.jpg,3,person,large,True,0.7456243634223938
gain_x4,exposure_gain,4.0,000000000201.jpg,0,person,small,False,
gain_x4,exposure_gain,4.0,000000000201.jpg,1,person,small,False,
gain_x4,exposure_gain,4.0,000000000241.jpg,0,person,large,True,0.6948644518852234
gain_x4,exposure_gain,4.0,000000000241.jpg,1,person,large,True,0.6427145004272461
gain_x4,exposure_gain,4.0,000000000241.jpg,2,person,large,True,0.8794839978218079
gain_x4,exposure_gain,4.0,000000000241.jpg,3,person,medium,False,
gain_x4,exposure_gain,4.0,000000000241.jpg,4,person,large,False,
gain_x4,exposure_gain,4.0,000000000247.jpg,0,car,medium,True,0.6904899477958679
gain_x4,exposure_gain,4.0,000000000247.jpg,1,car,small,False,
gain_x4,exposure_gain,4.0,000000000247.jpg,2,car,small,False,
gain_x4,exposure_gain,4.0,000000000247.jpg,3,car,small,False,
gain_x4,exposure_gain,4.0,000000000247.jpg,4,car,small,False,
gain_x4,exposure_gain,4.0,000000000247.jpg,5,car,small,False,
gain_x4,exposure_gain,4.0,000000000257.jpg,0,traffic light,small,False,
gain_x4,exposure_gain,4.0,000000000257.jpg,1,traffic light,small,False,
gain_x4,exposure_gain,4.0,000000000257.jpg,2,truck,large,True,0.704790472984314
gain_x4,exposure_gain,4.0,000000000257.jpg,3,truck,medium,False,
gain_x4,exposure_gain,4.0,000000000257.jpg,4,person,large,False,
gain_x4,exposure_gain,4.0,000000000257.jpg,5,person,medium,True,0.6614198088645935
gain_x4,exposure_gain,4.0,000000000257.jpg,6,person,medium,False,
gain_x4,exposure_gain,4.0,000000000257.jpg,7,person,medium,True,0.33383917808532715
gain_x4,exposure_gain,4.0,000000000257.jpg,8,person,medium,True,0.38189828395843506
gain_x4,exposure_gain,4.0,000000000257.jpg,9,person,small,False,
gain_x4,exposure_gain,4.0,000000000257.jpg,10,person,small,False,
gain_x4,exposure_gain,4.0,000000000257.jpg,11,person,medium,True,0.5287196040153503
gain_x4,exposure_gain,4.0,000000000257.jpg,12,person,small,False,
gain_x4,exposure_gain,4.0,000000000257.jpg,13,person,small,True,0.44803568720817566
gain_x4,exposure_gain,4.0,000000000257.jpg,14,person,medium,False,
gain_x4,exposure_gain,4.0,000000000257.jpg,15,traffic light,small,False,
gain_x4,exposure_gain,4.0,000000000257.jpg,16,traffic light,small,False,
gain_x4,exposure_gain,4.0,000000000257.jpg,17,traffic light,small,False,
gain_x4,exposure_gain,4.0,000000000257.jpg,18,person,small,False,
gain_x4,exposure_gain,4.0,000000000257.jpg,19,truck,large,True,0.407241553068161
gain_x4,exposure_gain,4.0,000000000257.jpg,20,truck,medium,False,
gain_x4,exposure_gain,4.0,000000000257.jpg,21,truck,small,False,
gain_x4,exposure_gain,4.0,000000000257.jpg,22,traffic light,small,False,
gain_x4,exposure_gain,4.0,000000000257.jpg,23,person,small,False,
gain_x4,exposure_gain,4.0,000000000257.jpg,24,traffic light,small,False,
gain_x4,exposure_gain,4.0,000000000257.jpg,25,traffic light,small,False,
gain_x4,exposure_gain,4.0,000000000257.jpg,26,traffic light,small,False,
gain_x4,exposure_gain,4.0,000000000260.jpg,0,bus,large,True,0.6738103032112122
gain_x4,exposure_gain,4.0,000000000260.jpg,1,person,medium,True,0.781036376953125
gain_x4,exposure_gain,4.0,000000000260.jpg,2,person,small,False,
gain_x4,exposure_gain,4.0,000000000260.jpg,3,car,small,True,0.5563051700592041
gain_x4,exposure_gain,4.0,000000000294.jpg,0,person,large,True,0.8819588422775269
gain_x4,exposure_gain,4.0,000000000307.jpg,0,car,small,False,
gain_x4,exposure_gain,4.0,000000000308.jpg,0,person,large,False,
gain_x4,exposure_gain,4.0,000000000308.jpg,1,person,large,False,
gain_x4,exposure_gain,4.0,000000000308.jpg,2,person,large,False,
gain_x4,exposure_gain,4.0,000000000308.jpg,3,person,medium,False,
gain_x4,exposure_gain,4.0,000000000308.jpg,4,person,large,True,0.8427808284759521
gain_x4,exposure_gain,4.0,000000000308.jpg,5,person,large,True,0.6266236901283264
gain_x4,exposure_gain,4.0,000000000308.jpg,6,person,medium,True,0.6893790364265442
gain_x4,exposure_gain,4.0,000000000315.jpg,0,person,large,False,
gain_x4,exposure_gain,4.0,000000000315.jpg,1,person,medium,False,
gain_x4,exposure_gain,4.0,000000000315.jpg,2,person,large,False,
gain_x4,exposure_gain,4.0,000000000315.jpg,3,person,medium,False,
gain_x4,exposure_gain,4.0,000000000315.jpg,4,person,medium,False,
gain_x4,exposure_gain,4.0,000000000315.jpg,5,person,medium,False,
gain_x4,exposure_gain,4.0,000000000315.jpg,6,person,small,False,
gain_x4,exposure_gain,4.0,000000000315.jpg,7,person,medium,False,
gain_x4,exposure_gain,4.0,000000000315.jpg,8,person,small,False,
gain_x4,exposure_gain,4.0,000000000315.jpg,9,person,small,False,
gain_x4,exposure_gain,4.0,000000000315.jpg,10,person,medium,False,
gain_x4,exposure_gain,4.0,000000000315.jpg,11,person,small,False,
gain_x4,exposure_gain,4.0,000000000315.jpg,12,person,small,False,
gain_x4,exposure_gain,4.0,000000000322.jpg,0,person,large,True,0.9420811533927917
gain_x4,exposure_gain,4.0,000000000326.jpg,0,person,large,True,0.5661256909370422
gain_x4,exposure_gain,4.0,000000000328.jpg,0,person,large,True,0.7000614404678345
gain_x4,exposure_gain,4.0,000000000328.jpg,1,person,large,True,0.8110112547874451
gain_x4,exposure_gain,4.0,000000000328.jpg,2,person,large,True,0.7441207766532898
gain_x4,exposure_gain,4.0,000000000328.jpg,3,car,medium,False,
gain_x4,exposure_gain,4.0,000000000338.jpg,0,person,large,True,0.3443874418735504
gain_x4,exposure_gain,4.0,000000000338.jpg,1,person,medium,False,
gain_x4,exposure_gain,4.0,000000000357.jpg,0,person,small,True,0.45012912154197693
gain_x4,exposure_gain,4.0,000000000357.jpg,1,person,small,True,0.6103010773658752
gain_x4,exposure_gain,4.0,000000000357.jpg,2,person,small,True,0.7045503854751587
gain_x4,exposure_gain,4.0,000000000357.jpg,3,person,small,True,0.765660285949707
gain_x4,exposure_gain,4.0,000000000357.jpg,4,person,medium,True,0.7948104739189148
gain_x4,exposure_gain,4.0,000000000357.jpg,5,person,small,True,0.6541368365287781
gain_x4,exposure_gain,4.0,000000000357.jpg,6,person,medium,True,0.802709698677063
gain_x4,exposure_gain,4.0,000000000357.jpg,7,person,small,False,
gain_x4,exposure_gain,4.0,000000000357.jpg,8,person,small,False,
gain_x4,exposure_gain,4.0,000000000357.jpg,9,person,small,False,
gain_x4,exposure_gain,4.0,000000000357.jpg,10,person,small,True,0.2763446271419525
gain_x4,exposure_gain,4.0,000000000357.jpg,11,person,small,False,
gain_x4,exposure_gain,4.0,000000000357.jpg,12,person,small,False,
gain_x4,exposure_gain,4.0,000000000359.jpg,0,traffic light,medium,True,0.7660058736801147
gain_x4,exposure_gain,4.0,000000000359.jpg,1,traffic light,medium,True,0.3922727406024933
gain_x4,exposure_gain,4.0,000000000359.jpg,2,traffic light,small,False,
gain_x4,exposure_gain,4.0,000000000359.jpg,3,car,medium,True,0.7119066119194031
gain_x4,exposure_gain,4.0,000000000360.jpg,0,person,medium,False,
gain_x4,exposure_gain,4.0,000000000360.jpg,1,person,small,False,
gain_x4,exposure_gain,4.0,000000000368.jpg,0,person,large,True,0.6239235997200012
gain_x4,exposure_gain,4.0,000000000368.jpg,1,person,medium,False,
gain_x4,exposure_gain,4.0,000000000368.jpg,2,person,medium,False,
gain_x4,exposure_gain,4.0,000000000368.jpg,3,person,medium,False,
gain_x4,exposure_gain,4.0,000000000368.jpg,4,person,medium,False,
gain_x4,exposure_gain,4.0,000000000368.jpg,5,person,medium,False,
gain_x4,exposure_gain,4.0,000000000368.jpg,6,person,large,False,
gain_x4,exposure_gain,4.0,000000000368.jpg,7,person,medium,False,
gain_x4,exposure_gain,4.0,000000000368.jpg,8,person,medium,False,
gain_x4,exposure_gain,4.0,000000000368.jpg,9,person,medium,False,
gain_x4,exposure_gain,4.0,000000000368.jpg,10,person,small,False,
gain_x4,exposure_gain,4.0,000000000368.jpg,11,person,medium,False,
gain_x4,exposure_gain,4.0,000000000370.jpg,0,person,large,True,0.7549327611923218
gain_x4,exposure_gain,4.0,000000000382.jpg,0,person,medium,True,0.8435103297233582
gain_x4,exposure_gain,4.0,000000000389.jpg,0,person,large,True,0.5658642649650574
gain_x4,exposure_gain,4.0,000000000389.jpg,1,person,large,True,0.68126380443573
gain_x4,exposure_gain,4.0,000000000389.jpg,2,person,large,True,0.27078917622566223
gain_x4,exposure_gain,4.0,000000000389.jpg,3,person,medium,False,
gain_x4,exposure_gain,4.0,000000000389.jpg,4,person,small,False,
gain_x4,exposure_gain,4.0,000000000389.jpg,5,person,medium,False,
gain_x4,exposure_gain,4.0,000000000389.jpg,6,person,medium,False,
gain_x4,exposure_gain,4.0,000000000389.jpg,7,person,small,False,
gain_x4,exposure_gain,4.0,000000000389.jpg,8,person,medium,True,0.7564420104026794
gain_x4,exposure_gain,4.0,000000000389.jpg,9,person,large,False,
gain_x4,exposure_gain,4.0,000000000389.jpg,10,person,small,False,
gain_x4,exposure_gain,4.0,000000000389.jpg,11,person,large,False,
gain_x4,exposure_gain,4.0,000000000395.jpg,0,person,large,True,0.8150071501731873
gain_x4,exposure_gain,4.0,000000000395.jpg,1,person,large,True,0.8451125025749207
gain_x4,exposure_gain,4.0,000000000395.jpg,2,person,large,True,0.350444495677948
gain_x4,exposure_gain,4.0,000000000395.jpg,3,person,large,True,0.6955279111862183
gain_x4,exposure_gain,4.0,000000000395.jpg,4,person,medium,False,
gain_x4,exposure_gain,4.0,000000000395.jpg,5,person,medium,False,
gain_x4,exposure_gain,4.0,000000000395.jpg,6,person,medium,False,
gain_x4,exposure_gain,4.0,000000000395.jpg,7,person,medium,False,
gain_x4,exposure_gain,4.0,000000000395.jpg,8,person,medium,False,
gain_x4,exposure_gain,4.0,000000000395.jpg,9,person,medium,False,
gain_x4,exposure_gain,4.0,000000000395.jpg,10,person,medium,False,
gain_x4,exposure_gain,4.0,000000000397.jpg,0,person,large,False,
gain_x4,exposure_gain,4.0,000000000415.jpg,0,person,large,True,0.924889087677002
gain_x4,exposure_gain,4.0,000000000419.jpg,0,person,medium,False,
gain_x4,exposure_gain,4.0,000000000419.jpg,1,person,large,True,0.9139401912689209
gain_x4,exposure_gain,4.0,000000000419.jpg,2,car,small,False,
gain_x4,exposure_gain,4.0,000000000419.jpg,3,car,small,False,
gain_x4,exposure_gain,4.0,000000000419.jpg,4,car,small,False,
gain_x4,exposure_gain,4.0,000000000428.jpg,0,person,large,True,0.42246589064598083
gain_x4,exposure_gain,4.0,000000000431.jpg,0,person,large,True,0.714413046836853
gain_x4,exposure_gain,4.0,000000000436.jpg,0,person,large,True,0.8184125423431396
gain_x4,exposure_gain,4.0,000000000443.jpg,0,person,large,True,0.5580036044120789
gain_x4,exposure_gain,4.0,000000000443.jpg,1,person,large,False,
gain_x4,exposure_gain,4.0,000000000443.jpg,2,person,large,False,
gain_x4,exposure_gain,4.0,000000000446.jpg,0,person,large,False,
gain_x4,exposure_gain,4.0,000000000459.jpg,0,person,large,True,0.8935971260070801
gain_x4,exposure_gain,4.0,000000000471.jpg,0,bus,large,False,
gain_x4,exposure_gain,4.0,000000000471.jpg,1,person,small,False,
gain_x4,exposure_gain,4.0,000000000474.jpg,0,person,large,True,0.4145428240299225
gain_x4,exposure_gain,4.0,000000000488.jpg,0,person,large,False,
gain_x4,exposure_gain,4.0,000000000488.jpg,1,person,large,True,0.6942125558853149
gain_x4,exposure_gain,4.0,000000000488.jpg,2,person,medium,False,
gain_x4,exposure_gain,4.0,000000000488.jpg,3,person,medium,True,0.6426602602005005
gain_x4,exposure_gain,4.0,000000000488.jpg,4,person,large,True,0.8844743967056274
gain_x4,exposure_gain,4.0,000000000488.jpg,5,person,small,False,
gain_x4,exposure_gain,4.0,000000000510.jpg,0,person,large,True,0.850240170955658
gain_x4,exposure_gain,4.0,000000000510.jpg,1,traffic light,medium,False,
gain_x4,exposure_gain,4.0,000000000520.jpg,0,person,small,False,
gain_x4,exposure_gain,4.0,000000000520.jpg,1,person,small,False,
gain_x4,exposure_gain,4.0,000000000520.jpg,2,person,small,False,
gain_x4,exposure_gain,4.0,000000000529.jpg,0,motorcycle,large,True,0.4741484522819519
gain_x4,exposure_gain,4.0,000000000529.jpg,1,person,large,True,0.4188694953918457
gain_x4,exposure_gain,4.0,000000000529.jpg,2,person,large,False,
gain_x4,exposure_gain,4.0,000000000531.jpg,0,bicycle,small,False,
gain_x4,exposure_gain,4.0,000000000531.jpg,1,person,medium,True,0.7001050710678101
gain_x4,exposure_gain,4.0,000000000531.jpg,2,bicycle,small,False,
gain_x4,exposure_gain,4.0,000000000531.jpg,3,person,medium,False,
gain_x4,exposure_gain,4.0,000000000531.jpg,4,person,small,False,
gain_x4,exposure_gain,4.0,000000000531.jpg,5,person,small,False,
gain_x4,exposure_gain,4.0,000000000531.jpg,6,person,small,False,
gain_x4,exposure_gain,4.0,000000000531.jpg,7,person,small,False,
gain_x4,exposure_gain,4.0,000000000531.jpg,8,person,small,False,
gain_x4,exposure_gain,4.0,000000000531.jpg,9,person,small,False,
gain_x4,exposure_gain,4.0,000000000531.jpg,10,bicycle,small,False,
gain_x4,exposure_gain,4.0,000000000532.jpg,0,bus,large,True,0.3856014609336853
gain_x4,exposure_gain,4.0,000000000532.jpg,1,person,medium,True,0.8649975061416626
gain_x4,exposure_gain,4.0,000000000532.jpg,2,person,medium,True,0.8341953754425049
gain_x4,exposure_gain,4.0,000000000532.jpg,3,person,small,False,
gain_x4,exposure_gain,4.0,000000000532.jpg,4,person,small,False,
gain_x4,exposure_gain,4.0,000000000532.jpg,5,bus,large,False,
gain_x4,exposure_gain,4.0,000000000536.jpg,0,person,large,True,0.7507967948913574
gain_x4,exposure_gain,4.0,000000000536.jpg,1,person,large,True,0.8711268901824951
gain_x4,exposure_gain,4.0,000000000536.jpg,2,person,large,True,0.6759875416755676
gain_x4,exposure_gain,4.0,000000000540.jpg,0,car,small,False,
gain_x4,exposure_gain,4.0,000000000540.jpg,1,car,small,False,
gain_x4,exposure_gain,4.0,000000000540.jpg,2,car,small,True,0.26632392406463623
gain_x4,exposure_gain,4.0,000000000540.jpg,3,car,small,False,
gain_x4,exposure_gain,4.0,000000000540.jpg,4,truck,small,False,
gain_x4,exposure_gain,4.0,000000000540.jpg,5,traffic light,small,False,
gain_x4,exposure_gain,4.0,000000000540.jpg,6,car,small,False,
gain_x4,exposure_gain,4.0,000000000540.jpg,7,car,small,False,
gain_x4,exposure_gain,4.0,000000000540.jpg,8,car,small,False,
gain_x4,exposure_gain,4.0,000000000540.jpg,9,car,small,False,
gain_x4,exposure_gain,4.0,000000000540.jpg,10,car,small,False,
gain_x4,exposure_gain,4.0,000000000540.jpg,11,car,small,False,
gain_x4,exposure_gain,4.0,000000000540.jpg,12,car,small,False,
gain_x4,exposure_gain,4.0,000000000540.jpg,13,car,small,False,
gain_x4,exposure_gain,4.0,000000000540.jpg,14,bus,small,False,
gain_x4,exposure_gain,4.0,000000000540.jpg,15,truck,small,False,
gain_x4,exposure_gain,4.0,000000000540.jpg,16,car,small,False,
gain_x4,exposure_gain,4.0,000000000540.jpg,17,bus,small,False,
gain_x4,exposure_gain,4.0,000000000540.jpg,18,truck,small,False,
gain_x4,exposure_gain,4.0,000000000542.jpg,0,person,large,True,0.6963065266609192
gain_x4,exposure_gain,4.0,000000000542.jpg,1,person,medium,True,0.502558171749115
gain_x4,exposure_gain,4.0,000000000542.jpg,2,person,medium,True,0.628952145576477
gain_x4,exposure_gain,4.0,000000000542.jpg,3,person,medium,True,0.6105098724365234
gain_x4,exposure_gain,4.0,000000000542.jpg,4,person,medium,True,0.268906831741333
gain_x4,exposure_gain,4.0,000000000542.jpg,5,person,medium,False,
gain_x4,exposure_gain,4.0,000000000542.jpg,6,person,medium,True,0.5688221454620361
gain_x4,exposure_gain,4.0,000000000542.jpg,7,person,medium,False,
gain_x4,exposure_gain,4.0,000000000542.jpg,8,person,medium,False,
gain_x4,exposure_gain,4.0,000000000542.jpg,9,person,medium,False,
gain_x4,exposure_gain,4.0,000000000542.jpg,10,person,small,False,
gain_x4,exposure_gain,4.0,000000000542.jpg,11,person,medium,False,
gain_x4,exposure_gain,4.0,000000000544.jpg,0,person,large,True,0.879010021686554
gain_x4,exposure_gain,4.0,000000000544.jpg,1,person,large,True,0.6138340830802917
gain_x4,exposure_gain,4.0,000000000544.jpg,2,person,large,True,0.829718291759491
gain_x4,exposure_gain,4.0,000000000544.jpg,3,person,medium,False,
gain_x4,exposure_gain,4.0,000000000544.jpg,4,person,medium,False,
gain_x4,exposure_gain,4.0,000000000544.jpg,5,person,small,True,0.4449964761734009
gain_x4,exposure_gain,4.0,000000000544.jpg,6,person,medium,False,
gain_x4,exposure_gain,4.0,000000000544.jpg,7,person,medium,True,0.3000476062297821
gain_x4,exposure_gain,4.0,000000000544.jpg,8,person,small,False,
gain_x4,exposure_gain,4.0,000000000544.jpg,9,person,medium,True,0.5868070721626282
gain_x4,exposure_gain,4.0,000000000544.jpg,10,person,small,False,
gain_x4,exposure_gain,4.0,000000000544.jpg,11,person,medium,False,
gain_x4,exposure_gain,4.0,000000000544.jpg,12,person,small,False,
gain_x4,exposure_gain,4.0,000000000564.jpg,0,person,large,True,0.7271568775177002
gain_x4,exposure_gain,4.0,000000000564.jpg,1,person,medium,False,
gain_x4,exposure_gain,4.0,000000000569.jpg,0,person,large,False,
gain_x4,exposure_gain,4.0,000000000572.jpg,0,person,large,False,
gain_x4,exposure_gain,4.0,000000000572.jpg,1,person,large,False,
gain_x4,exposure_gain,4.0,000000000589.jpg,0,person,large,True,0.4961479604244232
gain_x4,exposure_gain,4.0,000000000623.jpg,0,person,large,False,
gain_x4,exposure_gain,4.0,000000000625.jpg,0,person,large,False,
gain_x4,exposure_gain,4.0,000000000625.jpg,1,person,large,False,
gain_x4,exposure_gain,4.0,000000000625.jpg,2,person,large,False,
gain_x4,exposure_gain,4.0,000000000629.jpg,0,motorcycle,large,True,0.9151578545570374
gain_x4,exposure_gain,4.0,000000000634.jpg,0,person,large,True,0.906810462474823
gain_x4,exposure_gain,4.0,000000000634.jpg,1,person,small,False,
gain_x4,exposure_gain,4.0,000000000634.jpg,2,person,large,True,0.8250240683555603
gain_x4,exposure_gain,4.0,000000000634.jpg,3,person,small,False,
gain_x4,exposure_gain,4.0,000000000634.jpg,4,person,small,True,0.5914298295974731
gain_x4,exposure_gain,4.0,000000000641.jpg,0,bicycle,medium,False,
gain_x4,exposure_gain,4.0,000000000641.jpg,1,bicycle,small,False,
gain_x4,exposure_gain,4.0,000000000641.jpg,2,bus,large,True,0.5733490586280823
gain_x4,exposure_gain,4.0,000000000641.jpg,3,person,small,False,
gain_x4,exposure_gain,4.0,000000000641.jpg,4,person,small,False,
gain_x4,exposure_gain,4.0,000000000641.jpg,5,person,small,False,
gain_x4,exposure_gain,4.0,000000000641.jpg,6,person,small,False,
gain_x4,exposure_gain,4.0,000000000641.jpg,7,person,small,False,
gain_x4,exposure_gain,4.0,000000000641.jpg,8,person,small,False,
gain_x4,exposure_gain,4.0,000000000641.jpg,9,person,small,False,
gain_x4,exposure_gain,4.0,000000000641.jpg,10,person,small,False,
gain_x4,exposure_gain,4.0,000000000641.jpg,11,person,small,False,
gain_x4,exposure_gain,4.0,000000000650.jpg,0,car,large,False,
