condition,family,level,image,n_gt,tp,fp,conf_sum_tp,latency_ms,blur_score,exposure_mean,saturation_ratio_pct,entropy_bits
baseline,none,0.0,000000000009.jpg,0,0,0,0.0,96.35380003601313,1722.036346171697,119.11323893229167,2.9150390625,7.940080994946059
baseline,none,0.0,000000000025.jpg,0,0,0,0.0,127.19300016760826,5758.149323623423,101.41997872652583,0.16798708920187794,7.695332158004064
baseline,none,0.0,000000000030.jpg,0,0,0,0.0,82.42149988655001,613.1784234976321,131.10746568341122,0.9082943925233644,7.459474219331856
baseline,none,0.0,000000000034.jpg,0,0,0,0.0,88.10359996277839,9392.40345436716,107.23165808823529,0.15808823529411764,7.673626648734539
baseline,none,0.0,000000000036.jpg,1,1,0,0.8989836573600769,155.79199988860637,2932.8440110961265,142.32461018711018,0.0685420997920998,7.555936080738386
baseline,none,0.0,000000000042.jpg,0,0,0,0.0,97.11599990259856,523.3088177290314,119.65057858263599,6.190180439330544,7.785670115198451
baseline,none,0.0,000000000049.jpg,6,4,3,1.7892321646213531,94.25890003331006,4662.292011203671,141.61196850393702,7.152755905511811,7.783715003584537
baseline,none,0.0,000000000061.jpg,3,1,0,0.562288224697113,139.16319992858917,17860.79256492379,143.53094582479508,10.40311219262295,7.823226208112303
baseline,none,0.0,000000000064.jpg,2,1,0,0.750669538974762,131.177399889566,2193.456809588528,121.15789713541666,9.7294921875,7.481417785325058
baseline,none,0.0,000000000071.jpg,15,2,0,1.1699377000331879,80.30110003892332,2841.5209385886747,108.99972124413145,0.06565434272300469,6.999671005422429
baseline,none,0.0,000000000072.jpg,0,0,0,0.0,117.8493001498282,4762.985016875187,81.73448843676815,0.036958430913348946,7.397378122442898
baseline,none,0.0,000000000073.jpg,2,1,0,0.8619808554649353,149.10520007833838,10903.97744907692,117.04014380530974,3.6404867256637172,7.7405921693942625
baseline,none,0.0,000000000074.jpg,7,5,1,2.080771178007126,84.36810004059225,951.4765173910387,155.6582746478873,2.475425469483568,7.8542818435314405
baseline,none,0.0,000000000077.jpg,5,4,1,2.8499433994293213,89.5106999669224,4501.467276944811,121.57294933333333,2.7589333333333332,7.881668373426174
baseline,none,0.0,000000000078.jpg,0,0,0,0.0,163.6874999385327,1083.5030189851675,153.1133858772267,0.04084967320261438,7.522211392192154
baseline,none,0.0,000000000081.jpg,0,0,0,0.0,82.85260002594441,429.55828235444153,164.51822794117646,0.0058823529411764705,7.124354717105351
baseline,none,0.0,000000000086.jpg,2,2,1,1.2207693755626678,91.1342998733744,2671.5656322218383,102.36587524414062,1.6549682617187498,7.887377269892315
baseline,none,0.0,000000000089.jpg,0,0,0,0.0,88.5605999501422,635.694545535236,92.093037109375,0.20182291666666669,7.678925539566943
baseline,none,0.0,000000000092.jpg,0,0,0,0.0,82.26619986817241,422.800784181779,124.64440500585481,0.0,7.47447015221782
baseline,none,0.0,000000000094.jpg,2,2,0,1.2312543392181396,93.4391999617219,3853.0410599520515,121.8734631147541,3.903688524590164,7.746035126368531
baseline,none,0.0,000000000109.jpg,5,3,1,1.657945156097412,142.06179999746382,3637.862799911725,126.67090219350962,0.45410156250000006,7.813855911626594
baseline,none,0.0,000000000110.jpg,10,8,2,5.425819426774979,92.54059987142682,717.0582390805456,105.34009440104167,0.6940104166666666,7.783326737504143
baseline,none,0.0,000000000113.jpg,3,3,0,2.587723433971405,130.1258000312373,1829.3817688927143,147.98534029447114,0.14723557692307693,7.695889729791967
baseline,none,0.0,000000000127.jpg,1,0,0,0.0,91.45479998551309,1667.2047799135808,88.49530275467775,1.0417749480249479,7.598633700944549
baseline,none,0.0,000000000133.jpg,0,0,0,0.0,86.63659996818751,574.36952483618,131.45071614583333,0.5445963541666667,7.39501352980432
baseline,none,0.0,000000000136.jpg,2,2,1,1.2994751930236816,87.7872999990359,898.0280433718723,120.40807486631016,0.014973262032085561,7.794591765176332
baseline,none,0.0,000000000138.jpg,0,0,0,0.0,145.94200009014457,3199.541012484802,104.09413994328098,5.128163176265271,7.507906416030093
baseline,none,0.0,000000000142.jpg,0,0,0,0.0,89.4730999134481,183.80093061620929,92.20372721354167,0.19694010416666666,7.716806158307608
baseline,none,0.0,000000000143.jpg,0,0,0,0.0,147.24170009139925,215.7157271663889,199.79124,0.29433333333333334,5.094120694126806
baseline,none,0.0,000000000144.jpg,0,0,0,0.0,89.1502999002114,14487.584923152659,120.96567057291666,1.3759765625,7.8252204004546675
baseline,none,0.0,000000000149.jpg,16,2,0,0.6342372298240662,81.6282999003306,928.3986561658974,138.89065785630842,0.004015771028037384,6.9168595842563825
baseline,none,0.0,000000000151.jpg,1,0,0,0.0,172.18980006873608,9093.912937174437,118.586728515625,0.3873697916666667,7.748440892655144
baseline,none,0.0,000000000154.jpg,0,0,0,0.0,82.87139993626624,2049.116781813464,86.55923228922717,0.0007318501170960187,6.892361374771551
baseline,none,0.0,000000000164.jpg,0,0,0,0.0,91.59459988586605,971.2786679158106,127.07001627604167,2.131510416666667,7.507511220057838
baseline,none,0.0,000000000165.jpg,2,2,0,1.6284289956092834,107.46499989181757,2057.0759793747875,100.97346665111941,0.777460354477612,7.758831696539199
baseline,none,0.0,000000000192.jpg,4,4,0,3.5294674038887024,192.48590001370758,879.7070231770832,125.38387369791667,0.07552083333333333,7.154060628041471
baseline,none,0.0,000000000194.jpg,0,0,0,0.0,94.06480006873608,328.9344348293305,111.84632161458333,0.0,7.507038981471732
baseline,none,0.0,000000000196.jpg,0,0,0,0.0,89.54349998384714,2213.472486604648,88.88934895833333,0.017578125,7.5621246033271925
baseline,none,0.0,000000000201.jpg,2,2,0,1.1296563148498535,85.00570012256503,3310.5912624683456,180.58749269859814,2.1301839953271027,7.219269921802358
baseline,none,0.0,000000000208.jpg,0,0,1,0.0,90.84429999347776,316.2763605478499,124.847265625,0.006835937500000001,7.135852368119446
baseline,none,0.0,000000000241.jpg,5,3,0,2.5894469618797302,99.40679999999702,1308.4507609921666,88.32654622395833,0.01171875,7.252527022381026
baseline,none,0.0,000000000247.jpg,6,1,2,0.7923253774642944,85.05809993948787,2593.0374528188763,115.8422648879717,0.46174823113207547,7.533040399823809
baseline,none,0.0,000000000250.jpg,0,0,0,0.0,87.95089996419847,2886.2749674783918,109.33671875,0.6748046875,7.477289224007745
baseline,none,0.0,000000000257.jpg,27,13,6,6.544978857040405,89.83420010190457,3080.3039870196876,137.63861653645833,0.8033854166666666,7.63196684464623
baseline,none,0.0,000000000260.jpg,4,3,0,2.1312978267669678,83.9130001841113,1115.9763182620097,66.83562162162163,0.6324324324324324,7.1936071639997525
baseline,none,0.0,000000000263.jpg,0,0,0,0.0,159.967300016433,245.75660548014616,116.59185437817258,0.031725888324873094,7.515685567188033
baseline,none,0.0,000000000283.jpg,0,0,0,0.0,91.81659994646907,692.0612692112674,104.97190055490654,0.2069947429906542,7.633219343233644
baseline,none,0.0,000000000294.jpg,1,1,0,0.9120093584060669,84.28409998305142,884.5180690853977,56.958376024590166,0.0058548009367681494,6.7917417582356014
baseline,none,0.0,000000000307.jpg,1,1,0,0.625704824924469,88.68879987858236,6017.782051124053,122.05814127604167,0.2776692708333333,7.230888247361279
baseline,none,0.0,000000000308.jpg,7,6,1,4.295192658901215,81.5782001009211,2431.4857650765107,127.9076914612676,3.598151408450704,7.89284022564428
baseline,none,0.0,000000000309.jpg,0,0,0,0.0,114.1243000747636,4239.566386959877,94.18684444444445,3.1486111111111112,7.739511114356937
baseline,none,0.0,000000000312.jpg,0,0,0,0.0,97.21659985370934,10885.206789152226,102.24687134074941,0.9561621779859485,7.838861692395954
baseline,none,0.0,000000000315.jpg,13,4,0,2.2707409858703613,88.950099889189,1049.1315368514895,148.6979361826698,0.2762734192037471,7.403070867948699
baseline,none,0.0,000000000321.jpg,0,0,0,0.0,94.01389991398901,588.977662482357,131.62626627604166,0.0,7.698638970155002
baseline,none,0.0,000000000322.jpg,1,1,0,0.9200243353843689,85.9517001081258,228.46351638501315,25.073713617463618,0.0016242203742203743,5.874176848204741
baseline,none,0.0,000000000326.jpg,1,1,0,0.7502613663673401,84.36970016919076,569.8657749655238,31.97644174473068,0.0351288056206089,5.8183798230718295
baseline,none,0.0,000000000328.jpg,4,3,0,2.616615951061249,98.14239991828799,4405.905725633309,135.3866980651731,18.725496435845212,7.209651391893137
baseline,none,0.0,000000000332.jpg,0,0,0,0.0,90.54189990274608,427.10563701561824,113.89993489583334,0.006510416666666667,7.282164508964549
baseline,none,0.0,000000000338.jpg,2,2,0,1.7481369972229004,115.64640002325177,2253.2344110124145,116.96066035932722,0.7430237003058104,7.836610168084626
baseline,none,0.0,000000000349.jpg,0,0,0,0.0,90.16439993865788,203.6601850928307,119.71294596354167,4.977864583333334,7.385754277825142
baseline,none,0.0,000000000357.jpg,13,8,1,5.545628726482391,94.45159998722374,1784.8162356682199,140.58598050458716,0.05733944954128441,6.484421586758808
baseline,none,0.0,000000000359.jpg,4,3,0,1.6186301410198212,94.05549988150597,1400.8871875363259,109.06752409638554,6.463253012048193,5.988111460549622
baseline,none,0.0,000000000360.jpg,2,0,1,0.0,97.58319996763021,7638.75866078922,183.97213866666667,20.954666666666665,7.166923777797567
baseline,none,0.0,000000000368.jpg,12,7,2,3.721050590276718,88.65800010971725,11403.182439990193,95.138955078125,0.33333333333333337,7.69926131073177
baseline,none,0.0,000000000370.jpg,1,1,0,0.8554076552391052,92.04339992720634,171.97985815810097,89.18788736979167,0.015950520833333332,7.689199385797875
baseline,none,0.0,000000000382.jpg,1,1,2,0.8493642210960388,90.02600004896522,968.5251830299272,151.43340169270834,0.2763671875,7.485982716626939
baseline,none,0.0,000000000384.jpg,0,0,0,0.0,83.18509988021106,296.51012804703004,81.4569716928251,2.49929932735426,7.25913127237847
baseline,none,0.0,000000000387.jpg,0,0,1,0.0,89.98259995132685,750.3212854792172,113.28337890625,5.84375,7.505036692773476
baseline,none,0.0,000000000389.jpg,12,6,2,4.698535144329071,93.917699996382,1095.9245433741144,74.42640625,0.27473958333333337,7.400206855763834
baseline,none,0.0,000000000394.jpg,0,0,0,0.0,129.75860014557838,1198.1794692697265,125.34412592062193,0.9206219312602291,7.580620113316549
baseline,none,0.0,000000000395.jpg,11,6,1,4.065146118402481,179.50859991833568,593.835259772476,96.70297413793104,1.314385775862069,7.72216962918143
baseline,none,0.0,000000000397.jpg,1,0,0,0.0,92.30090002529323,337.27165674072904,105.9269140625,0.0006510416666666667,7.675858177720079
baseline,none,0.0,000000000400.jpg,0,0,0,0.0,113.57809987384826,598.9351340299667,128.6094999020376,0.002938871473354232,7.70879794527465
baseline,none,0.0,000000000404.jpg,0,0,0,0.0,96.18750005029142,1492.6734918841148,102.7285761443662,0.04254694835680751,7.440956438542185
baseline,none,0.0,000000000415.jpg,1,1,0,0.935611367225647,123.4268001280725,358.0190104725362,97.72414258356547,0.04961699164345404,6.624729742662078
baseline,none,0.0,000000000419.jpg,5,2,0,1.6888948678970337,93.68040005210787,3840.15955696995,96.34760091145833,1.4202473958333333,7.090118754781218
baseline,none,0.0,000000000428.jpg,1,1,0,0.947297990322113,96.10999992582947,263.4661931911704,142.87807291666667,0.00043402777777777775,7.033479611221276
baseline,none,0.0,000000000431.jpg,1,1,0,0.9091227054595947,76.9567999523133,663.1865930264115,80.56884640102828,0.306073264781491,6.8643649421786135
baseline,none,0.0,000000000436.jpg,1,1,0,0.8902356624603271,80.12429997324944,260.8504899923862,91.87867022833724,0.2967652224824356,7.537293492215815
baseline,none,0.0,000000000438.jpg,0,0,0,0.0,87.57740003056824,1581.7719821762084,85.256103515625,0.016927083333333336,7.642178198433553
baseline,none,0.0,000000000443.jpg,3,1,1,0.330349862575531,96.08539997134358,224.9879492280642,95.68083984375,0.0016276041666666667,7.536117017188149
baseline,none,0.0,000000000446.jpg,1,1,0,0.8831961750984192,88.50049995817244,512.4197482367198,41.9694921875,0.06770833333333334,6.563219884077113
baseline,none,0.0,000000000450.jpg,0,0,0,0.0,86.16599987726659,403.9362857957522,98.89502604166667,0.0234375,7.281169852477393
baseline,none,0.0,000000000459.jpg,1,1,0,0.9290262460708618,143.95469997543842,353.3468986481522,83.27453064437985,0.0006056201550387597,7.314615787985704
baseline,none,0.0,000000000471.jpg,2,1,0,0.9449127912521362,96.48700000252575,1260.7932058855063,174.587093823185,1.2324355971896956,7.478528393759161
baseline,none,0.0,000000000472.jpg,0,0,0,0.0,111.28009995445609,168.52706014822735,114.68884817477876,0.04355641592920354,5.506843863635682
baseline,none,0.0,000000000474.jpg,1,1,0,0.8637233972549438,88.91090005636215,2207.7186213492414,119.79106906906907,1.0534534534534534,7.181405186466796
baseline,none,0.0,000000000486.jpg,0,0,0,0.0,91.16560011170805,2353.6907573320277,115.5618193793911,1.4406469555035128,7.874054209379931
baseline,none,0.0,000000000488.jpg,6,5,0,3.7362012565135956,91.97379986289889,1982.3336479741135,154.582743226601,0.10429495073891626,7.2767873542345125
baseline,none,0.0,000000000490.jpg,0,0,0,0.0,117.61029995977879,590.4192931247832,58.91405252525252,0.0,6.976806101250459
baseline,none,0.0,000000000491.jpg,0,0,0,0.0,72.44839996565133,1084.534129899213,124.00892651757188,7.134185303514378,7.684330494004702
baseline,none,0.0,000000000502.jpg,0,0,0,0.0,75.68949996493757,6092.677851266297,138.8519394028103,0.12697599531615925,7.593965280295721
baseline,none,0.0,000000000508.jpg,0,0,0,0.0,90.7299998216331,1053.4390075953165,148.67117513020833,1.3528645833333333,7.543202043328134
baseline,none,0.0,000000000510.jpg,2,1,0,0.9255787134170532,91.2275998853147,3871.9122564686663,132.223349609375,0.8209635416666666,7.943516213855537
baseline,none,0.0,000000000514.jpg,0,0,0,0.0,74.98879998456687,181.81588338999808,81.09518663194444,0.4461805555555556,7.34254616685414
baseline,none,0.0,000000000520.jpg,3,1,0,0.4465600848197937,88.74200005084276,2587.5330219641687,121.00230143229167,0.6217447916666666,7.772485732423926
baseline,none,0.0,000000000529.jpg,3,2,1,1.7053059935569763,84.95370007585734,4630.637013147622,125.07772614168618,0.2254098360655738,7.8255121691690555
baseline,none,0.0,000000000531.jpg,11,7,1,4.406172543764114,85.3921000380069,1486.9197387644024,106.22603841145833,0.055989583333333336,7.495847976464988
baseline,none,0.0,000000000532.jpg,6,4,2,3.1186899542808533,92.93269994668663,4384.434065044392,114.80122721354167,10.736002604166666,7.302596731604569
baseline,none,0.0,000000000536.jpg,3,3,0,2.712553560733795,109.30699994787574,689.8536048930027,84.22843590561224,0.4603794642857143,6.924436452524003
baseline,none,0.0,000000000540.jpg,19,0,0,0.0,85.69409989286214,4327.186919700354,130.0521286764706,0.3588235294117647,7.650860795509599
baseline,none,0.0,000000000542.jpg,12,10,1,5.886798620223999,102.61999990325421,2026.185043447049,174.69178719008264,0.5165289256198348,7.099792575125889
baseline,none,0.0,000000000544.jpg,13,9,0,4.952025413513184,95.45709996018559,9604.321042430027,77.47107362412179,0.1094115925058548,7.364377313932942
baseline,none,0.0,000000000560.jpg,0,0,0,0.0,84.17120005469769,4190.321423110479,126.0676282051282,0.2403846153846154,7.807238860845859
baseline,none,0.0,000000000562.jpg,0,0,0,0.0,81.0086999554187,16.64878975999591,113.98958702718676,0.0,6.486687333763241
baseline,none,0.0,000000000564.jpg,2,2,0,1.3680433630943298,96.00639995187521,1206.2435675038355,50.65568209134615,0.2653245192307692,5.779999045187853
baseline,none,0.0,000000000569.jpg,1,1,0,0.8688101768493652,87.34710002318025,1465.6568812323253,125.598046875,0.002604166666666667,7.035044851189588
baseline,none,0.0,000000000572.jpg,2,2,0,1.6376159191131592,84.33480013627559,429.0929010383852,70.21142052107729,0.0,7.349594565096944
baseline,none,0.0,000000000575.jpg,0,0,0,0.0,101.05019994080067,29508.848377084698,101.5572977582846,0.78125,7.897286892622724
baseline,none,0.0,000000000581.jpg,0,0,0,0.0,118.46759996842593,1011.8927384584742,125.48660042283298,0.3416490486257928,7.560101759536385
baseline,none,0.0,000000000584.jpg,0,0,0,0.0,85.95030009746552,505.66837676655535,123.93677009976525,0.4911238262910798,7.834033569688124
baseline,none,0.0,000000000589.jpg,1,1,0,0.9129785895347595,91.73490002285689,480.9927148403167,32.80442708333333,0.0,6.3349131529592535
baseline,none,0.0,000000000590.jpg,0,0,0,0.0,111.40900000464171,4542.16769475467,184.85083618581908,1.0117359413202935,7.177369044017079
baseline,none,0.0,000000000595.jpg,0,0,0,0.0,93.14090013504028,9432.485346446982,136.14744791666666,13.361002604166666,7.54001522230811
baseline,none,0.0,000000000597.jpg,0,0,0,0.0,57.658499921672046,2163.623413339946,118.9918220766129,0.04095262096774194,7.644372513432485
baseline,none,0.0,000000000599.jpg,0,0,0,0.0,79.56339989323169,3320.467646506836,58.32323786855037,0.4553132678132678,7.213768213924783
baseline,none,0.0,000000000605.jpg,0,0,0,0.0,88.3780000731349,4386.0158485038655,122.71217447916666,0.5960286458333334,7.902524236881691
baseline,none,0.0,000000000612.jpg,0,0,0,0.0,88.3826999925077,4431.448564895588,91.898720703125,0.2294921875,7.565470872127137
baseline,none,0.0,000000000620.jpg,0,0,0,0.0,88.2698999485001,709.2305401261648,106.05383463541666,3.5771484375000004,7.692512333461368
baseline,none,0.0,000000000623.jpg,1,1,1,0.5962003469467163,95.06579989101738,667.771637663289,98.30511466666667,0.0,7.697292531046365
baseline,none,0.0,000000000625.jpg,3,3,0,2.7238397002220154,83.25860020704567,2431.2706107721033,110.71892516816143,0.4855661434977578,7.588600174582398
baseline,none,0.0,000000000626.jpg,0,0,0,0.0,90.9545999020338,686.0715689145301,85.79604166666667,0.154296875,7.091576123378982
baseline,none,0.0,000000000629.jpg,1,1,0,0.9349837899208069,85.51530016120523,5310.939246886755,140.44881074355973,0.4925351288056206,7.866280201596394
baseline,none,0.0,000000000634.jpg,5,5,0,3.4185143411159515,88.6461999034509,948.7062249336515,116.10799912177986,1.9467213114754098,7.691989693860701
baseline,none,0.0,000000000636.jpg,0,0,0,0.0,88.90700014308095,964.2347630045148,102.12577473958333,1.3050130208333333,7.638783858786103
baseline,none,0.0,000000000641.jpg,12,2,2,1.228239268064499,77.10640016011894,3546.114745555301,136.0092800817757,7.5127774532710285,7.641754752147847
baseline,none,0.0,000000000643.jpg,0,0,0,0.0,96.19229985401034,1194.325522716985,103.945152,0.26986666666666664,7.643704308587945
baseline,none,0.0,000000000650.jpg,1,1,0,0.6373463273048401,88.30350008793175,643.6711406377768,117.85571940866511,0.34250585480093676,7.430982141224504
blur_5px,motion_blur,5.0,000000000009.jpg,0,0,0,0.0,89.90460017230362,233.75664560529918,119.113603515625,2.701171875,7.932309446195617
blur_5px,motion_blur,5.0,000000000025.jpg,0,0,0,0.0,83.90600001439452,770.8582214794845,101.41532423708921,0.02200704225352113,7.560690757459657
blur_5px,motion_blur,5.0,000000000030.jpg,0,0,0,0.0,84.114900091663,99.88789062338736,131.11009053738317,0.78125,7.4473896117375755
blur_5px,motion_blur,5.0,000000000034.jpg,0,0,0,0.0,84.63200007099658,1372.2082828260707,107.23027205882353,0.0003676470588235294,7.423527184311334
blur_5px,motion_blur,5.0,000000000036.jpg,1,1,0,0.8862098455429077,98.81350002251565,632.5659845144158,142.321384485447,0.0,7.451551360565998
blur_5px,motion_blur,5.0,000000000042.jpg,0,0,0,0.0,85.59190016239882,123.74649931073152,119.64503791841004,5.666841004184101,7.76993800584413
blur_5px,motion_blur,5.0,000000000049.jpg,6,0,2,0.0,95.90110019780695,719.6546019430563,141.61419422572177,6.514435695538058,7.742492953237207
blur_5px,motion_blur,5.0,000000000061.jpg,3,1,1,0.6298792362213135,91.50610014330596,2797.7664856502324,143.5302222079918,6.6217341188524586,7.794909055586532
blur_5px,motion_blur,5.0,000000000064.jpg,2,1,1,0.7480558753013611,89.95240007061511,382.67145801985,121.159951171875,9.189778645833334,7.463208138844093
blur_5px,motion_blur,5.0,000000000071.jpg,15,1,0,0.6226596832275391,80.59660019353032,709.6277321880178,109.0017128814554,0.010636737089201877,6.890044743144157
blur_5px,motion_blur,5.0,000000000072.jpg,0,0,0,0.0,121.5146001195535,723.6824951615087,81.73425424473068,0.0,7.233361228086121
blur_5px,motion_blur,5.0,000000000073.jpg,2,2,0,1.1588788330554962,115.04109983798116,1255.4267022255972,117.0436532079646,2.676991150442478,7.531644765818255
blur_5px,motion_blur,5.0,000000000074.jpg,7,2,1,0.9581227898597717,83.56779988389462,339.35243714043486,155.65831866197183,2.15962441314554,7.846310804852667
blur_5px,motion_blur,5.0,000000000077.jpg,5,3,1,2.170633614063263,92.50790008809417,805.6575166535397,121.57463466666667,2.2837333333333336,7.828857416236611
blur_5px,motion_blur,5.0,000000000078.jpg,0,0,0,0.0,112.1655999450013,270.8151497504118,153.10570186680337,0.015485497031056433,7.493989873980152
blur_5px,motion_blur,5.0,000000000081.jpg,0,0,0,0.0,78.38469999842346,108.57098466349481,164.52205882352942,0.0007352941176470588,7.126665484388868
blur_5px,motion_blur,5.0,000000000086.jpg,2,1,1,0.8321508169174194,91.40989987645298,725.8736465133634,102.36558227539062,0.82244873046875,7.870886387551388
blur_5px,motion_blur,5.0,000000000089.jpg,0,0,0,0.0,94.42030009813607,274.1307225884331,92.09259114583334,0.14583333333333334,7.669711261325953
blur_5px,motion_blur,5.0,000000000092.jpg,0,0,0,0.0,88.63560017198324,62.83382517917474,124.64285714285714,0.0,7.459595604407777
blur_5px,motion_blur,5.0,000000000094.jpg,2,1,1,0.8119345903396606,88.79289985634387,820.1591036022429,121.87475848946136,3.412617096018735,7.643457981962101
blur_5px,motion_blur,5.0,000000000109.jpg,5,2,1,0.9022089242935181,81.64540003053844,773.7617792140663,126.67186748798076,0.06122295673076923,7.690131737632906
blur_5px,motion_blur,5.0,000000000110.jpg,10,7,1,4.48328161239624,104.25380000378937,200.63618762095768,105.33817057291667,0.54296875,7.762733102877817
blur_5px,motion_blur,5.0,000000000113.jpg,3,3,0,2.620655059814453,81.6908001434058,404.5956879111296,147.98252328725962,0.01878004807692308,7.662250001631325
blur_5px,motion_blur,5.0,000000000127.jpg,1,0,0,0.0,95.5520001007244,531.6133080166178,88.49601741164241,0.6951663201663202,7.61762133325406
blur_5px,motion_blur,5.0,000000000133.jpg,0,0,0,0.0,92.96349994838238,247.69104710350035,131.44710611979167,0.5348307291666666,7.360980046981939
blur_5px,motion_blur,5.0,000000000136.jpg,2,2,1,1.3232486248016357,97.1142000053078,329.0475118954217,120.40385561497327,0.0032085561497326204,7.779902018231038
blur_5px,motion_blur,5.0,000000000138.jpg,0,0,1,0.0,106.89779999665916,1087.8033209490015,104.0910667539267,4.066590314136126,7.471104716230961
blur_5px,motion_blur,5.0,000000000142.jpg,0,0,0,0.0,90.97310004290193,53.759574938922455,92.20578125,0.14420572916666666,7.711965780792106
blur_5px,motion_blur,5.0,000000000143.jpg,0,0,0,0.0,98.43770018778741,39.73578457382222,199.79396666666668,0.0003333333333333333,5.0344003562278745
blur_5px,motion_blur,5.0,000000000144.jpg,0,0,0,0.0,93.27989991288632,1971.2598407173048,120.96740559895834,0.48958333333333337,7.587230336009091
blur_5px,motion_blur,5.0,000000000149.jpg,16,0,0,0.0,84.2102998867631,266.73235615938444,138.89039500584113,0.0,6.854046381309199
blur_5px,motion_blur,5.0,000000000151.jpg,1,0,0,0.0,98.85779989417642,1286.6611497558486,118.58920572916666,0.005533854166666666,7.553952505361734
blur_5px,motion_blur,5.0,000000000154.jpg,0,0,0,0.0,84.14899988565594,336.30217446090705,86.5570294203747,0.0,6.630417759731017
blur_5px,motion_blur,5.0,000000000164.jpg,0,0,0,0.0,88.39209983125329,364.0825591892561,127.07214192708334,1.9951171875,7.495274945173839
blur_5px,motion_blur,5.0,000000000165.jpg,2,2,0,1.565024971961975,106.1982000246644,317.47226555919246,100.97313724347015,0.4349347014925373,7.748298438805555
blur_5px,motion_blur,5.0,000000000192.jpg,4,4,1,3.3024597764015198,92.19789982307702,295.50685548908444,125.395595703125,0.005208333333333334,7.028038770919287
blur_5px,motion_blur,5.0,000000000194.jpg,0,0,0,0.0,84.19149986002594,71.6970869761043,111.84247395833333,0.0,7.472398326991161
blur_5px,motion_blur,5.0,000000000196.jpg,0,0,0,0.0,94.44189991336316,538.7998240191035,88.88782877604167,0.0013020833333333335,7.499643450235187
blur_5px,motion_blur,5.0,000000000201.jpg,2,0,2,0.0,83.44190008938313,419.07726811949016,180.58717508761683,1.354410046728972,7.227989966996777
blur_5px,motion_blur,5.0,000000000208.jpg,0,0,1,0.0,84.7471000161022,86.9134877380371,124.848486328125,0.0,7.111593213307453
blur_5px,motion_blur,5.0,000000000241.jpg,5,3,1,2.606498599052429,84.22650001011789,201.79790519713296,88.32860026041666,0.0035807291666666665,7.172074752313991
blur_5px,motion_blur,5.0,000000000247.jpg,6,1,0,0.7864658832550049,88.18820002488792,800.4177388891761,115.84623010023584,0.18204599056603774,7.4929052704472285
blur_5px,motion_blur,5.0,000000000250.jpg,0,0,0,0.0,88.59119995031506,297.07446355132,109.34178385416666,0.2587890625,7.356360956210014
blur_5px,motion_blur,5.0,000000000257.jpg,27,8,7,3.494036912918091,97.33589983079582,870.9699273539225,137.641318359375,0.5367838541666667,7.589796746113237
blur_5px,motion_blur,5.0,000000000260.jpg,4,3,0,1.7483704686164856,91.46059991326183,328.9056440519438,66.83695495495496,0.5573573573573574,7.1452304551971615
blur_5px,motion_blur,5.0,000000000263.jpg,0,0,0,0.0,115.23210001178086,106.81937728247206,116.59122514805415,0.010839678510998308,7.492388419360592
blur_5px,motion_blur,5.0,000000000283.jpg,0,0,0,0.0,101.71099985018373,121.03690446469635,104.9692464953271,0.022999415887850466,7.605998705158445
blur_5px,motion_blur,5.0,000000000294.jpg,1,1,0,0.9063345789909363,84.49449995532632,131.41214545868147,56.956414666276345,0.0,6.797067606962547
blur_5px,motion_blur,5.0,000000000307.jpg,1,1,0,0.5302554965019226,100.52720014937222,478.4092622714573,122.06503580729166,0.20703125,6.800002041808618
blur_5px,motion_blur,5.0,000000000308.jpg,7,6,2,3.924380660057068,94.49390019290149,436.3646895408685,127.9076327758216,3.4532717136150235,7.862507685020952
blur_5px,motion_blur,5.0,000000000309.jpg,0,0,0,0.0,126.0356999700889,687.0832116041666,94.18788611111111,2.6122222222222224,7.7132952694540515
blur_5px,motion_blur,5.0,000000000312.jpg,0,0,0,0.0,104.61609996855259,1234.4719166180703,102.2441012880562,0.004025175644028103,7.7436583205673735
blur_5px,motion_blur,5.0,000000000315.jpg,13,5,1,2.3571893870830536,108.354999916628,296.8633014274971,148.69779347189694,0.17271662763466042,7.342986768743952
blur_5px,motion_blur,5.0,000000000321.jpg,0,0,0,0.0,88.12970016151667,160.0426285780165,131.62388997395834,0.0,7.675158754351028
blur_5px,motion_blur,5.0,000000000322.jpg,1,1,0,0.9296366572380066,93.02180004306138,51.080872365344035,25.072745582120582,0.0,5.803998393579531
blur_5px,motion_blur,5.0,000000000326.jpg,1,1,0,0.7407445311546326,83.24339997489005,61.98188581830226,31.978567769320843,0.0058548009367681494,5.838266225373674
blur_5px,motion_blur,5.0,000000000328.jpg,4,3,0,2.5637735724449158,97.70610008854419,1037.0529141734646,135.3865198574338,17.98497963340122,7.343766861955746
blur_5px,motion_blur,5.0,000000000332.jpg,0,0,0,0.0,96.97980002965778,83.82192787084581,113.896923828125,0.004231770833333334,7.241506462271964
blur_5px,motion_blur,5.0,000000000338.jpg,2,2,0,1.7008472084999084,71.28780009225011,587.6177365244074,116.95765481651377,0.10894495412844038,7.843265955762231
blur_5px,motion_blur,5.0,000000000349.jpg,0,0,0,0.0,89.94259999599308,86.81874600520665,119.709853515625,4.78125,7.383192556078949
blur_5px,motion_blur,5.0,000000000357.jpg,13,8,1,5.352480739355087,59.863299946300685,466.1040212050753,140.5858514908257,0.0,6.4219328025096045
blur_5px,motion_blur,5.0,000000000359.jpg,4,3,0,1.0510897040367126,88.34829984698445,378.49605730116855,109.07673493975904,5.889156626506025,6.079183455657168
blur_5px,motion_blur,5.0,000000000360.jpg,2,0,0,0.0,89.21350003220141,753.7365693761708,183.97422933333334,19.261333333333333,7.196216213035206
blur_5px,motion_blur,5.0,000000000368.jpg,12,8,3,4.106006860733032,94.36070010997355,1296.6055887060802,95.13446614583333,0.09114583333333333,7.440326221494625
blur_5px,motion_blur,5.0,000000000370.jpg,1,1,0,0.8579158186912537,88.39530008845031,39.67873473968506,89.186669921875,0.0029296875,7.674705933364843
blur_5px,motion_blur,5.0,000000000382.jpg,1,1,0,0.8411500453948975,91.47190011572093,196.2690315007528,151.43041341145835,0.09928385416666666,7.455586926631968
blur_5px,motion_blur,5.0,000000000384.jpg,0,0,0,0.0,76.03480003308505,74.43584199445712,81.45750420403587,2.133548206278027,7.260019391211387
blur_5px,motion_blur,5.0,000000000387.jpg,0,0,0,0.0,83.11310003045946,192.49328269750805,113.28642252604166,5.6748046875,7.451434502196382
blur_5px,motion_blur,5.0,000000000389.jpg,12,7,2,4.4167576134204865,86.04630012996495,172.28545174101723,74.4252734375,0.13802083333333334,7.401294301429507
blur_5px,motion_blur,5.0,000000000394.jpg,0,0,0,0.0,112.01309983152896,115.56399955962725,125.34208776595744,0.8513195581014731,7.524139500431662
blur_5px,motion_blur,5.0,000000000395.jpg,11,6,2,4.272112280130386,109.23799988813698,98.5797216998269,96.70744881465517,1.2925646551724137,7.722901447250644
blur_5px,motion_blur,5.0,000000000397.jpg,1,0,0,0.0,91.09220001846552,141.32678993220858,105.92132161458333,0.0,7.659302868343727
blur_5px,motion_blur,5.0,000000000400.jpg,0,0,0,0.0,113.19169984199107,361.2667826754448,128.60854721786833,0.0002449059561128527,7.679029709991439
blur_5px,motion_blur,5.0,000000000404.jpg,0,0,0,0.0,98.75560004729778,438.19100544539765,102.73027068661972,0.005134976525821596,7.3739668282010244
blur_5px,motion_blur,5.0,000000000415.jpg,1,1,0,0.9299060702323914,76.13459986168891,116.09692350457676,97.7186368384401,0.005658077994428969,6.502184020382883
blur_5px,motion_blur,5.0,000000000419.jpg,5,2,0,1.7340462803840637,89.48759990744293,766.3663276035627,96.348359375,0.388671875,7.034440588368204
blur_5px,motion_blur,5.0,000000000428.jpg,1,1,0,0.9333464503288269,76.41529990360141,57.91880601654052,142.87756944444445,0.0,6.9966548961056985
blur_5px,motion_blur,5.0,000000000431.jpg,1,1,0,0.9041652083396912,80.21290006581694,183.88785161424158,80.57079048843188,0.14138817480719795,6.819726732339782
blur_5px,motion_blur,5.0,000000000436.jpg,1,1,0,0.8953403234481812,82.52230007201433,44.450024480865785,91.87632464871194,0.21992096018735363,7.522412346552497
blur_5px,motion_blur,5.0,000000000438.jpg,0,0,0,0.0,85.20420000422746,339.7727903828515,85.25141927083334,0.0,7.621674800034345
blur_5px,motion_blur,5.0,000000000443.jpg,3,2,0,0.7804589569568634,88.3444999344647,52.243478558858236,95.67698567708334,0.0,7.517694067156148
blur_5px,motion_blur,5.0,000000000446.jpg,1,1,0,0.8914927244186401,87.19070011284202,105.27351542900932,41.969225260416664,0.013346354166666666,6.528043543706078
blur_5px,motion_blur,5.0,000000000450.jpg,0,0,0,0.0,87.43790001608431,68.92406128942702,98.89101888020834,0.0022786458333333335,7.248442221606349
blur_5px,motion_blur,5.0,000000000459.jpg,1,1,0,0.9158077836036682,96.78759996313602,58.60666740124518,83.26873485949612,0.0,7.283140060402005
blur_5px,motion_blur,5.0,000000000471.jpg,2,1,0,0.9363743662834167,82.65189989469945,479.93359391655963,174.58607655152224,1.0461797423887589,7.4678043091510276
blur_5px,motion_blur,5.0,000000000472.jpg,0,0,0,0.0,58.42689983546734,57.68532908603723,114.69420630530973,0.031111725663716814,5.487190233262012
blur_5px,motion_blur,5.0,000000000474.jpg,1,1,0,0.8801122903823853,82.28580001741648,298.836640292148,119.79547147147147,0.7567567567567568,6.982594753601989
blur_5px,motion_blur,5.0,000000000486.jpg,0,0,0,0.0,76.77310006693006,820.9320653957436,115.5621962822014,1.092652224824356,7.837413315058024
blur_5px,motion_blur,5.0,000000000488.jpg,6,5,0,3.67909637093544,80.99289995152503,406.74106344899013,154.58133466748768,0.01270012315270936,7.193296046347343
blur_5px,motion_blur,5.0,000000000490.jpg,0,0,0,0.0,103.50450000260025,72.67503378471585,58.91536161616162,0.0,6.966034311998486
blur_5px,motion_blur,5.0,000000000491.jpg,0,0,0,0.0,72.06429995130748,146.54056841588667,124.01242811501598,6.184664536741214,7.7049016980383325
blur_5px,motion_blur,5.0,000000000502.jpg,0,0,0,0.0,76.73150021582842,1142.3485706962394,138.847881293911,0.0,7.37931898205191
blur_5px,motion_blur,5.0,000000000508.jpg,0,0,0,0.0,84.29790008813143,346.37788648477135,148.67017578125,1.2972005208333333,7.522473450775229
blur_5px,motion_blur,5.0,000000000510.jpg,2,1,0,0.9177911281585693,86.74979989882559,1042.4130017577702,132.22310872395835,0.5221354166666666,7.9121249055279925
blur_5px,motion_blur,5.0,000000000514.jpg,0,0,0,0.0,75.68970019929111,35.56764322372248,81.09336371527777,0.3129340277777778,7.328905694473036
blur_5px,motion_blur,5.0,000000000520.jpg,3,0,0,0.0,89.88260000478476,1218.197885309336,121.003076171875,0.43294270833333337,7.787620337502465
blur_5px,motion_blur,5.0,000000000529.jpg,3,2,0,1.6160295009613037,88.88079994358122,582.1744812185323,125.07660641100702,0.019759953161592507,7.789766262431137
blur_5px,motion_blur,5.0,000000000531.jpg,11,2,1,1.6480881571769714,86.70300000812858,637.0055527125041,106.225126953125,0.009440104166666666,7.464243149987575
blur_5px,motion_blur,5.0,000000000532.jpg,6,4,1,3.191138446331024,85.13059990946203,1099.9151033827038,114.80324869791667,9.652994791666666,7.306956370223893
blur_5px,motion_blur,5.0,000000000536.jpg,3,3,0,2.6675976514816284,86.55700006056577,103.58254839502473,84.2203975340136,0.4404496173469388,6.867486088907697
blur_5px,motion_blur,5.0,000000000540.jpg,19,0,0,0.0,81.84370002709329,1459.0205893803932,130.0518125,0.12463235294117647,7.56309009120139
blur_5px,motion_blur,5.0,000000000542.jpg,12,9,1,5.464610189199448,92.02750003896654,415.1178427311723,174.69209065082646,0.009362086776859504,7.080731251312528
blur_5px,motion_blur,5.0,000000000544.jpg,13,9,0,5.069770097732544,83.1766000483185,1815.2407450503601,77.4714980971897,0.0,7.118815334566766
blur_5px,motion_blur,5.0,000000000560.jpg,0,0,0,0.0,81.62469987291843,851.2124362399451,126.06646460423634,0.11636008918617614,7.711184698965319
blur_5px,motion_blur,5.0,000000000562.jpg,0,0,0,0.0,79.28009983152151,5.935267241071791,113.98984559692671,0.0,6.47830128716243
blur_5px,motion_blur,5.0,000000000564.jpg,2,2,0,1.2856948673725128,97.32189995702356,689.2681074683827,50.6567578125,0.12800480769230768,5.788617278600396
blur_5px,motion_blur,5.0,000000000569.jpg,1,1,0,0.8366520404815674,88.71610020287335,271.14520493798784,125.59847005208333,0.0,6.94125574207437
blur_5px,motion_blur,5.0,000000000572.jpg,2,2,0,1.6558488607406616,86.15990018006414,115.57551817302101,70.20159543325526,0.0,7.328516271864034
blur_5px,motion_blur,5.0,000000000575.jpg,0,0,0,0.0,95.10230005253106,3464.337454504305,101.56085221734892,0.2655945419103314,7.725861321021892
blur_5px,motion_blur,5.0,000000000581.jpg,0,0,0,0.0,116.06839986052364,141.37505708157636,125.49296405919662,0.16913319238900634,7.462917450622695
blur_5px,motion_blur,5.0,000000000584.jpg,0,0,0,0.0,94.36160000041127,106.60948123627088,123.93471244131456,0.4298708920187793,7.82507871351504
blur_5px,motion_blur,5.0,000000000589.jpg,1,1,0,0.8870313763618469,88.03480013739318,60.29859903547498,32.810764973958335,0.0,6.266908708884184
blur_5px,motion_blur,5.0,000000000590.jpg,0,0,2,0.0,100.06219986826181,624.0055574075,184.84426894865527,0.22982885085574573,7.077350652792862
blur_5px,motion_blur,5.0,000000000595.jpg,0,0,0,0.0,95.71300004608929,2425.8733578257134,136.14978515625,12.724609375000002,7.489386270901799
blur_5px,motion_blur,5.0,000000000597.jpg,0,0,0,0.0,61.43919995520264,431.58218944406656,118.98948462701613,0.0018901209677419355,7.590489817742869
blur_5px,motion_blur,5.0,000000000599.jpg,0,0,0,0.0,111.29710008390248,551.122108819759,58.32309198402948,0.25798525798525795,7.176391826803804
blur_5px,motion_blur,5.0,000000000605.jpg,0,0,0,0.0,92.87300007417798,380.82159135224026,122.70466145833333,0.15234375,7.843727692928967
blur_5px,motion_blur,5.0,000000000612.jpg,0,0,1,0.0,105.52240011747926,518.97905199479,91.89791666666666,0.06184895833333333,7.505916968752194
blur_5px,motion_blur,5.0,000000000620.jpg,0,0,0,0.0,98.98360003717244,307.9211224004004,106.05352213541667,3.18359375,7.682949822248194
blur_5px,motion_blur,5.0,000000000623.jpg,1,1,1,0.5231159329414368,92.87319995928556,117.8087053758862,98.29309866666667,0.0,7.652935750610059
blur_5px,motion_blur,5.0,000000000625.jpg,3,3,0,2.7263342142105103,83.59870023559779,348.8372438646762,110.72087654147983,0.2771160313901345,7.473257012279068
blur_5px,motion_blur,5.0,000000000626.jpg,0,0,0,0.0,91.21350001078099,102.87729208957883,85.79231770833333,0.1328125,7.096118666412066
blur_5px,motion_blur,5.0,000000000629.jpg,1,1,0,0.9165734052658081,83.00440001767129,1094.5630088240293,140.45215163934427,0.18881733021077282,7.821211961314246
blur_5px,motion_blur,5.0,000000000634.jpg,5,5,0,2.760414183139801,85.63929982483387,248.53947693100395,116.10878586065574,1.7842505854800936,7.697255466213881
blur_5px,motion_blur,5.0,000000000636.jpg,0,0,0,0.0,90.85909998975694,302.9812319863213,102.12602213541666,1.2828776041666667,7.614639157221656
blur_5px,motion_blur,5.0,000000000641.jpg,12,1,0,0.9252326488494873,83.72939995024353,738.4668264065343,136.0108535338785,6.15763726635514,7.635548905617178
blur_5px,motion_blur,5.0,000000000643.jpg,0,0,0,0.0,88.43920018989593,309.5360802552889,103.944208,0.23466666666666666,7.603371354807617
blur_5px,motion_blur,5.0,000000000650.jpg,1,1,0,0.5992614030838013,80.498400144279,240.5781211457358,117.855543764637,0.32603922716627637,7.405475939988797
blur_9px,motion_blur,9.0,000000000009.jpg,0,0,0,0.0,87.64829998835921,114.53425412062539,119.11366536458333,2.4986979166666665,7.9273122221793475
blur_9px,motion_blur,9.0,000000000025.jpg,0,0,0,0.0,80.64980013296008,401.2630056862584,101.41499046361503,0.0033010563380281685,7.5038726723669456
blur_9px,motion_blur,9.0,000000000030.jpg,0,0,0,0.0,82.63229997828603,60.78283369917465,131.11038259345796,0.7012996495327103,7.439344460472007
blur_9px,motion_blur,9.0,000000000034.jpg,0,0,0,0.0,84.2555002309382,721.7423821583044,107.23173161764706,0.0,7.265682895212157
blur_9px,motion_blur,9.0,000000000036.jpg,1,1,0,0.8649492263793945,94.91390001494437,388.899843125131,142.3216995841996,0.0,7.408358303009486
blur_9px,motion_blur,9.0,000000000042.jpg,0,0,0,0.0,90.54090001154691,63.318280732321526,119.64369116108787,5.02680439330544,7.767504807190664
blur_9px,motion_blur,9.0,000000000049.jpg,6,0,4,0.0,104.63019995950162,442.0089479805457,141.6138530183727,6.277165354330709,7.728223600833125
blur_9px,motion_blur,9.0,000000000061.jpg,3,0,1,0.0,99.8232999118045,1523.1992635738104,143.52944415983606,5.56000256147541,7.75151167427018
blur_9px,motion_blur,9.0,000000000064.jpg,2,1,0,0.5932620763778687,98.96840015426278,218.96738070471022,121.16047200520833,8.695638020833334,7.464129918729692
blur_9px,motion_blur,9.0,000000000071.jpg,15,0,0,0.0,85.80470003653318,461.31413445117875,109.00114803403756,0.0044014084507042256,6.844850595776051
blur_9px,motion_blur,9.0,000000000072.jpg,0,0,0,0.0,91.8076999951154,377.4721760112681,81.7344225702576,0.0,7.136316886524552
blur_9px,motion_blur,9.0,000000000073.jpg,2,0,1,0.0,102.67229995224625,652.8940850249429,117.04389103982301,2.3487278761061945,7.4554466768468615
blur_9px,motion_blur,9.0,000000000074.jpg,7,1,1,0.40035367012023926,82.17359986156225,221.10026965724592,155.6593896713615,1.9094776995305165,7.8344298116784765
blur_9px,motion_blur,9.0,000000000077.jpg,5,3,0,1.3648900091648102,88.55410001706332,499.91234249417954,121.57368,2.0997333333333335,7.810370806018181
blur_9px,motion_blur,9.0,000000000078.jpg,0,0,0,0.0,122.39269993733615,171.78238453196815,153.10348583877996,0.007475757187406553,7.48184896369468
blur_9px,motion_blur,9.0,000000000081.jpg,0,0,0,0.0,87.9393998766318,70.2779994375,164.52380147058824,0.0,7.134535521818745
blur_9px,motion_blur,9.0,000000000086.jpg,2,1,2,0.5455719232559204,94.84510007314384,431.1440150698181,102.36565246582032,0.52947998046875,7.8493201859151815
blur_9px,motion_blur,9.0,000000000089.jpg,0,0,0,0.0,90.3359999647364,245.34066493729483,92.09444010416667,0.11328124999999999,7.6642082988670435
blur_9px,motion_blur,9.0,000000000092.jpg,0,0,0,0.0,81.795500125736,34.30547502770093,124.63865266393442,0.0,7.457268990349402
blur_9px,motion_blur,9.0,000000000094.jpg,2,1,1,0.6565230488777161,71.70879992190748,532.4881035323117,121.87496340749415,3.2911299765807964,7.598517309153818
blur_9px,motion_blur,9.0,000000000109.jpg,5,1,0,0.3687956631183624,73.00159998703748,466.3542935116898,126.67413611778846,0.02967247596153846,7.643124364026617
blur_9px,motion_blur,9.0,000000000110.jpg,10,5,1,3.0280957221984863,87.32229995075613,130.7011146958669,105.33849934895834,0.4521484375,7.75518909456324
blur_9px,motion_blur,9.0,000000000113.jpg,3,3,0,2.5137903094291687,78.83460016455501,270.80663132503895,147.98390549879807,0.006385216346153847,7.6619973534984
blur_9px,motion_blur,9.0,000000000127.jpg,1,0,0,0.0,93.94010005053133,306.67196651751584,88.4953060031185,0.5493113305613305,7.621544996606872
blur_9px,motion_blur,9.0,000000000133.jpg,0,0,0,0.0,88.81140011362731,206.9876331753095,131.446552734375,0.5315755208333334,7.34439149797257
blur_9px,motion_blur,9.0,000000000136.jpg,2,2,2,0.9929969608783722,90.52110009361058,202.11387698747464,120.4037219251337,0.0,7.769405692747705
blur_9px,motion_blur,9.0,000000000138.jpg,0,0,1,0.0,101.68550000526011,891.2737918796697,104.08682646160558,3.400959860383944,7.457638005126379
blur_9px,motion_blur,9.0,000000000142.jpg,0,0,0,0.0,91.3643001113087,33.36334334308836,92.20354166666667,0.09798177083333334,7.707844004005048
blur_9px,motion_blur,9.0,000000000143.jpg,0,0,0,0.0,113.80239995196462,19.212044650266666,199.792,0.0,5.126899164780873
blur_9px,motion_blur,9.0,000000000144.jpg,0,0,0,0.0,87.08739990834147,1236.3606346350668,120.97052734375,0.3707682291666667,7.509904867802056
blur_9px,motion_blur,9.0,000000000149.jpg,16,0,0,0.0,85.08470002561808,194.0731125876035,138.8901394567757,0.0,6.835388782460386
blur_9px,motion_blur,9.0,000000000151.jpg,1,0,0,0.0,107.40380000788718,676.6780324625544,118.58920572916666,0.00032552083333333337,7.467411993497565
blur_9px,motion_blur,9.0,000000000154.jpg,0,0,0,0.0,84.60379997268319,182.7951245411368,86.5568537763466,0.0,6.507566274136563
blur_9px,motion_blur,9.0,000000000164.jpg,0,0,0,0.0,93.99640001356602,289.393589909829,127.0721875,1.8684895833333333,7.492289299081397
blur_9px,motion_blur,9.0,000000000165.jpg,2,2,0,1.6100809574127197,104.51430012471974,167.23177155070434,100.97324510261194,0.2853894589552239,7.742583550752787
blur_9px,motion_blur,9.0,000000000192.jpg,4,4,1,3.143999755382538,93.5605998383835,193.89799445241292,125.40185872395833,0.0,6.972004251578946
blur_9px,motion_blur,9.0,000000000194.jpg,0,0,0,0.0,92.19350013881922,40.33864899570676,111.84112630208334,0.0,7.4490107164430395
blur_9px,motion_blur,9.0,000000000196.jpg,0,0,0,0.0,92.75620011612773,304.3668578266991,88.887451171875,0.0,7.453769185215516
blur_9px,motion_blur,9.0,000000000201.jpg,2,0,1,0.0,83.13939999789,211.9467731918107,180.58944582359814,1.183922313084112,7.239796573497827
blur_9px,motion_blur,9.0,000000000208.jpg,0,0,2,0.0,91.13590000197291,47.53605104874505,124.84944010416666,0.0,7.095478418568845
blur_9px,motion_blur,9.0,000000000241.jpg,5,3,1,2.497776687145233,93.5743999434635,115.02725252210827,88.32994140625,0.001953125,7.128005787814589
blur_9px,motion_blur,9.0,000000000247.jpg,6,1,1,0.765180766582489,86.7823000298813,561.819166622576,115.8478515625,0.13708726415094338,7.482362323339864
blur_9px,motion_blur,9.0,000000000250.jpg,0,0,0,0.0,95.26570001617074,119.26823745914037,109.34220052083333,0.20638020833333331,7.305951015422579
blur_9px,motion_blur,9.0,000000000257.jpg,27,2,6,0.9036913216114044,94.90289993118495,618.5939286417537,137.64182291666665,0.43815104166666663,7.572929973197377
blur_9px,motion_blur,9.0,000000000260.jpg,4,1,0,0.48393121361732483,85.27849998790771,234.6446183328914,66.83301501501502,0.5285285285285286,7.120039329278384
blur_9px,motion_blur,9.0,000000000263.jpg,0,0,0,0.0,105.40389991365373,73.375003036029,116.58933745769882,0.0015862944162436548,7.464729692646287
blur_9px,motion_blur,9.0,000000000283.jpg,0,0,0,0.0,79.62859992403537,75.28312083334701,104.97092946845794,0.009126752336448598,7.588813054941925
blur_9px,motion_blur,9.0,000000000294.jpg,1,1,0,0.8884801268577576,80.48090001102537,81.08382489539804,56.95639637002342,0.0,6.80825654313965
blur_9px,motion_blur,9.0,000000000307.jpg,1,1,0,0.4225069582462311,91.66480018757284,230.11645735405818,122.06500651041667,0.1611328125,6.677923680043035
blur_9px,motion_blur,9.0,000000000308.jpg,7,6,1,3.9919301867485046,84.76450003217906,261.1906542729824,127.9071669600939,3.4275968309859155,7.842331066700222
blur_9px,motion_blur,9.0,000000000309.jpg,0,0,2,0.0,123.66739998105913,390.41104181659716,94.18752222222223,2.196111111111111,7.688951126219926
blur_9px,motion_blur,9.0,000000000312.jpg,0,0,1,0.0,96.49260004516691,618.5660631449108,102.24452576112412,0.0,7.698626910148226
blur_9px,motion_blur,9.0,000000000315.jpg,13,3,1,1.565540224313736,84.50320002157241,185.47690782344293,148.69856557377048,0.10611826697892272,7.30067097774651
blur_9px,motion_blur,9.0,000000000321.jpg,0,0,0,0.0,92.30950009077787,111.95089685439004,131.62604166666668,0.0,7.656289800779787
blur_9px,motion_blur,9.0,000000000322.jpg,1,1,0,0.8857892751693726,99.50340015348047,28.21302917267575,25.074217125779626,0.0,5.773660024231245
blur_9px,motion_blur,9.0,000000000326.jpg,1,1,0,0.7137545943260193,85.28100000694394,30.47242600803302,31.979771662763465,0.00036592505854800934,5.857089042438779
blur_9px,motion_blur,9.0,000000000328.jpg,4,3,0,1.999140977859497,93.57369982171804,661.8451942960415,135.38683490325866,17.489816700610998,7.4046917640993435
blur_9px,motion_blur,9.0,000000000332.jpg,0,0,0,0.0,90.10939998552203,45.31190409671996,113.896005859375,0.0032552083333333335,7.210138767118467
blur_9px,motion_blur,9.0,000000000338.jpg,2,2,0,1.6135825514793396,74.99229989480227,404.32760392957886,116.95733944954128,0.06163990825688074,7.8496596795981874
blur_9px,motion_blur,9.0,000000000349.jpg,0,0,0,0.0,89.245600043796,58.77289982807371,119.70695963541667,4.656901041666667,7.38563545043098
blur_9px,motion_blur,9.0,000000000357.jpg,13,7,1,3.7377947568893433,55.27720006648451,266.55621092249936,140.58537844036698,0.0,6.365356474228404
blur_9px,motion_blur,9.0,000000000359.jpg,4,1,0,0.4012828767299652,83.63489992916584,271.0613515574104,109.08015060240965,5.674096385542168,6.150666790066845
blur_9px,motion_blur,9.0,000000000360.jpg,2,0,0,0.0,93.63750007469207,394.1286655627662,183.97411733333334,19.160533333333333,7.183903053940023
blur_9px,motion_blur,9.0,000000000368.jpg,12,5,2,1.8560339510440826,92.37710013985634,700.6680273879898,95.13469075520834,0.05859375,7.336838836248884
blur_9px,motion_blur,9.0,000000000370.jpg,1,1,0,0.8401877284049988,91.78030001930892,22.09141000568602,89.18649088541666,0.00032552083333333337,7.664032227556101
blur_9px,motion_blur,9.0,000000000382.jpg,1,1,0,0.8179812431335449,91.01330011617392,105.28387573136224,151.42904947916668,0.027018229166666668,7.445509298389498
blur_9px,motion_blur,9.0,000000000384.jpg,0,0,0,0.0,83.47049984149635,51.68921200287148,81.4562009529148,1.9664377802690585,7.2610522504012245
blur_9px,motion_blur,9.0,000000000387.jpg,0,0,1,0.0,92.4154999665916,145.03487170138888,113.28542317708333,5.5068359375,7.448396415601698
blur_9px,motion_blur,9.0,000000000389.jpg,12,5,2,3.4429015517234802,91.14269993733615,104.26821680466334,74.42732421875,0.08138020833333334,7.404921475200335
blur_9px,motion_blur,9.0,000000000394.jpg,0,0,0,0.0,114.75869989953935,58.08048475598052,125.34134103927987,0.781505728314239,7.507919869648255
blur_9px,motion_blur,9.0,000000000395.jpg,11,6,2,4.317930996417999,109.84269995242357,55.99055941116388,96.70882273706897,1.2613146551724137,7.7190190084273524
blur_9px,motion_blur,9.0,000000000397.jpg,1,0,1,0.0,88.17290002480149,85.42235653241475,105.92266927083334,0.0,7.650082012036135
blur_9px,motion_blur,9.0,000000000400.jpg,0,0,1,0.0,120.51829998381436,304.2641058968592,128.61053585423198,0.0,7.6677315997371664
blur_9px,motion_blur,9.0,000000000404.jpg,0,0,0,0.0,82.16029999312013,281.0134316077242,102.72991490610329,0.0018339201877934272,7.341806885903509
blur_9px,motion_blur,9.0,000000000415.jpg,1,1,0,0.9247806668281555,75.20080008544028,74.60830577387567,97.72008617688023,0.0,6.450528731353996
blur_9px,motion_blur,9.0,000000000419.jpg,5,2,0,1.7046191692352295,87.40509999915957,528.7732062606706,96.348134765625,0.24609375,6.998510374146903
blur_9px,motion_blur,9.0,000000000428.jpg,1,1,0,0.9304995536804199,72.90219992864877,33.50557681596544,142.87597222222223,0.0,6.964864701166446
blur_9px,motion_blur,9.0,000000000431.jpg,1,1,0,0.8940989375114441,76.73679990693927,106.8942139743331,80.56972606041131,0.06667737789203085,6.796103089172461
blur_9px,motion_blur,9.0,000000000436.jpg,1,1,0,0.8867142796516418,83.24129995889962,24.843295875004795,91.8766137295082,0.12734192037470726,7.512946936652876
blur_9px,motion_blur,9.0,000000000438.jpg,0,0,2,0.0,88.90250010881573,216.89428666406207,85.25198893229167,0.0,7.618789182978421
blur_9px,motion_blur,9.0,000000000443.jpg,3,3,0,0.9116201102733612,88.17829983308911,29.502445222812227,95.67584309895834,0.0,7.504889706450502
blur_9px,motion_blur,9.0,000000000446.jpg,1,1,0,0.8532090187072754,91.75889997277409,61.07330371931923,41.96699544270833,0.0016276041666666667,6.523613446820894
blur_9px,motion_blur,9.0,000000000450.jpg,0,0,0,0.0,88.78220000769943,38.11909710387124,98.89247395833333,0.0,7.22297228713045
blur_9px,motion_blur,9.0,000000000459.jpg,1,1,0,0.9065842032432556,102.06259996630251,36.04141626734321,83.26727228682171,0.0,7.279591160259654
blur_9px,motion_blur,9.0,000000000471.jpg,2,1,0,0.9389039278030396,116.15640006493777,382.8630006868031,174.58740120023418,0.9989754098360657,7.463047511301118
blur_9px,motion_blur,9.0,000000000472.jpg,0,0,0,0.0,59.36690012458712,38.79487693005697,114.69554065265487,0.02696349557522124,5.493720415611884
blur_9px,motion_blur,9.0,000000000474.jpg,1,1,0,0.8919677734375,83.02310016006231,150.85820983491598,119.79361561561562,0.5963963963963964,6.935798709208784
blur_9px,motion_blur,9.0,000000000486.jpg,0,0,0,0.0,82.43579999543726,544.0580594626587,115.56059718969556,0.937865925058548,7.813288432599964
blur_9px,motion_blur,9.0,000000000488.jpg,6,4,0,3.2087437510490417,78.21239996701479,267.50606057638765,154.57986838054188,0.0,7.160327499656292
blur_9px,motion_blur,9.0,000000000490.jpg,0,0,0,0.0,114.37829991336912,33.49229894575655,58.91555151515151,0.0,6.971242803108276
blur_9px,motion_blur,9.0,000000000491.jpg,0,0,0,0.0,79.92920011747628,77.67016860027152,124.01143130990415,5.477316293929713,7.712761713568746
blur_9px,motion_blur,9.0,000000000502.jpg,0,0,0,0.0,81.16669999435544,637.8221647101851,138.84781542740046,0.0,7.2848861355899315
blur_9px,motion_blur,9.0,000000000508.jpg,0,0,0,0.0,84.54520010855049,241.5310509956254,148.67084309895833,1.234375,7.514228360434647
blur_9px,motion_blur,9.0,000000000510.jpg,2,1,0,0.8767675757408142,90.01969988457859,860.1135938583375,132.222158203125,0.36848958333333337,7.895350664320369
blur_9px,motion_blur,9.0,000000000514.jpg,0,0,0,0.0,79.0521998424083,20.37348085568275,81.09227864583333,0.2052951388888889,7.3230998501104505
blur_9px,motion_blur,9.0,000000000520.jpg,3,0,0,0.0,87.8883000696078,911.1451032224866,121.00311848958333,0.3675130208333333,7.797731317500414
blur_9px,motion_blur,9.0,000000000529.jpg,3,1,0,0.46596968173980713,81.44489990081638,295.0208492837274,125.07891173887587,0.014637002341920375,7.768649524541588
blur_9px,motion_blur,9.0,000000000531.jpg,11,2,1,1.428868591785431,87.10990007966757,487.3851514727168,106.22694661458333,0.005859375,7.4520179465238625
blur_9px,motion_blur,9.0,000000000532.jpg,6,4,0,3.2360799312591553,88.01399997901171,752.6643717435095,114.80230794270834,9.408203125,7.29479218527483
blur_9px,motion_blur,9.0,000000000536.jpg,3,3,0,2.382369875907898,86.55729983001947,60.50552675750399,84.21695631377551,0.40191857993197283,6.850816630455747
blur_9px,motion_blur,9.0,000000000540.jpg,19,0,0,0.0,77.9936999315396,1178.2368183766087,130.05123161764706,0.10588235294117646,7.527041109108001
blur_9px,motion_blur,9.0,000000000542.jpg,12,7,0,3.970346599817276,90.05230001639575,246.7445247813406,174.69081224173553,0.004196797520661157,7.0967226676376605
blur_9px,motion_blur,9.0,000000000544.jpg,13,10,1,6.044032990932465,81.66780008468777,1121.7281279299714,77.47125292740047,0.0,6.99254352889664
blur_9px,motion_blur,9.0,000000000560.jpg,0,0,0,0.0,82.06550020258874,499.320970498122,126.06738433667782,0.057831661092530656,7.653988844920923
blur_9px,motion_blur,9.0,000000000562.jpg,0,0,0,0.0,79.451399971731,3.8802967691946773,113.99038489952719,0.0,6.468026586453496
blur_9px,motion_blur,9.0,000000000564.jpg,2,1,0,0.8067545294761658,91.68810001574457,598.7587943786982,50.65824519230769,0.08984375,5.798906895220567
blur_9px,motion_blur,9.0,000000000569.jpg,1,1,0,0.7980190515518188,85.76860011089593,165.16079415177236,125.599853515625,0.0,6.898465059628744
blur_9px,motion_blur,9.0,000000000572.jpg,2,2,0,1.6125337481498718,78.98310001473874,90.43437897097246,70.20075746487119,0.0,7.319728409056133
blur_9px,motion_blur,9.0,000000000575.jpg,0,0,1,0.0,97.49219985678792,1750.27071622286,101.5604593079922,0.20193713450292397,7.618067447792738
blur_9px,motion_blur,9.0,000000000581.jpg,0,0,0,0.0,109.00080006103963,70.89845580213562,125.49570401691332,0.10655391120507399,7.428418709321673
blur_9px,motion_blur,9.0,000000000584.jpg,0,0,0,0.0,79.80039983522147,62.19407655139101,123.93432365023475,0.384756455399061,7.822579432085552
blur_9px,motion_blur,9.0,000000000589.jpg,1,1,0,0.8637791275978088,90.23080009501427,32.50602414397134,32.81240234375,0.0,6.238844491378888
blur_9px,motion_blur,9.0,000000000590.jpg,0,0,1,0.0,103.75490004662424,354.9134324010737,184.84096332518337,0.15354523227383862,7.0361100699418255
blur_9px,motion_blur,9.0,000000000595.jpg,0,0,0,0.0,86.34509996045381,1487.3803382508916,136.151875,12.639322916666668,7.470252220205624
blur_9px,motion_blur,9.0,000000000597.jpg,0,0,0,0.0,58.89690003823489,255.16899109061376,118.98910660282257,0.0,7.566651232315154
blur_9px,motion_blur,9.0,000000000599.jpg,0,0,0,0.0,84.50129989068955,293.0558501237462,58.32377533783784,0.19963144963144963,7.166204915652652
blur_9px,motion_blur,9.0,000000000605.jpg,0,0,0,0.0,103.70659991167486,178.00252817785477,122.703642578125,0.07161458333333333,7.81305562285001
blur_9px,motion_blur,9.0,000000000612.jpg,0,0,2,0.0,94.46130006108433,263.1340196553442,91.8955078125,0.03157552083333333,7.484861695199021
blur_9px,motion_blur,9.0,000000000620.jpg,0,0,0,0.0,90.52009996958077,212.64246730037263,106.05330078125,2.9287109375,7.684293063776771
blur_9px,motion_blur,9.0,000000000623.jpg,1,1,3,0.48349955677986145,90.49349988345057,59.821738185955546,98.292032,0.0,7.633940200613578
blur_9px,motion_blur,9.0,000000000625.jpg,3,3,0,2.6956029534339905,88.79870001692325,186.92595329840816,110.72155619394618,0.195487668161435,7.425122303640924
blur_9px,motion_blur,9.0,000000000626.jpg,0,0,0,0.0,87.62940007727593,56.625486652967666,85.79399739583333,0.13411458333333334,7.093338569263667
blur_9px,motion_blur,9.0,000000000629.jpg,1,1,0,0.8409767746925354,82.30979996733367,763.5269867983402,140.45301156323185,0.14563817330210774,7.799686573098502
blur_9px,motion_blur,9.0,000000000634.jpg,5,3,0,1.6867677569389343,82.25799992214888,132.94160755450943,116.10855898711944,1.6993559718969555,7.702366185420107
blur_9px,motion_blur,9.0,000000000636.jpg,0,0,0,0.0,90.99539997987449,183.97528128940795,102.127998046875,1.236328125,7.599457092567576
blur_9px,motion_blur,9.0,000000000641.jpg,12,1,0,0.8909924030303955,86.01970004383475,437.4731178264233,136.01018910630842,5.696188668224298,7.620397541796777
blur_9px,motion_blur,9.0,000000000643.jpg,0,0,1,0.0,92.63710002414882,230.74366932923735,103.94157333333334,0.20639999999999997,7.583975946053572
blur_9px,motion_blur,9.0,000000000650.jpg,1,1,0,0.4696829915046692,87.07230002619326,163.6648110003366,117.85614388173302,0.2971311475409836,7.3858376544985695
blur_15px,motion_blur,15.0,000000000009.jpg,0,0,0,0.0,96.726999967359,64.75723607354695,119.11268229166667,2.1881510416666665,7.920530221397762
blur_15px,motion_blur,15.0,000000000025.jpg,0,0,0,0.0,84.33270000386983,235.2802155206942,101.4150858274648,0.0,7.445481374544464
blur_15px,motion_blur,15.0,000000000030.jpg,0,0,0,0.0,86.90449991263449,40.69853579638878,131.11109813084113,0.585572429906542,7.434599053435758
blur_15px,motion_blur,15.0,000000000034.jpg,0,0,0,0.0,87.30689994990826,425.3169662058689,107.23201838235295,0.0,7.100757190565336
blur_15px,motion_blur,15.0,000000000036.jpg,1,1,0,0.8158488869667053,96.27109987195581,259.29802061526516,142.32196595634096,0.0,7.3554203994661345
blur_15px,motion_blur,15.0,000000000042.jpg,0,0,0,0.0,88.3009999524802,36.71669587298783,119.64368789225941,4.166775627615063,7.7717246333998995
blur_15px,motion_blur,15.0,000000000049.jpg,6,0,0,0.0,105.43970006983727,301.59242950500476,141.61497112860891,5.993700787401575,7.718888755010541
blur_15px,motion_blur,15.0,000000000061.jpg,3,0,0,0.0,96.29339992534369,926.8711180639948,143.5287205430328,4.339779713114754,7.707013564332477
blur_15px,motion_blur,15.0,000000000064.jpg,2,1,0,0.4277902841567993,103.65349997300655,135.04507496604919,121.15990234375,7.9970703125,7.481133030043816
blur_15px,motion_blur,15.0,000000000071.jpg,15,0,0,0.0,82.50259992200881,320.896003228765,109.00094263497652,0.0014671361502347417,6.803660945027975
blur_15px,motion_blur,15.0,000000000072.jpg,0,0,1,0.0,81.75990008749068,219.67419423730595,81.733368706089,0.0,7.0229526769267725
blur_15px,motion_blur,15.0,000000000073.jpg,2,0,0,0.0,113.67929994594306,373.59328712261356,117.04355088495575,2.0185287610619467,7.385524019682528
blur_15px,motion_blur,15.0,000000000074.jpg,7,1,1,0.2682373523712158,272.0273999730125,149.65658682521854,155.65757775821595,1.532056924882629,7.8146023591761065
blur_15px,motion_blur,15.0,000000000077.jpg,5,1,0,0.5463306903839111,240.92889996245503,330.69142299465955,121.574208,1.9088,7.79365743482226
blur_15px,motion_blur,15.0,000000000078.jpg,0,0,2,0.0,232.16899996623397,119.38718120475104,153.1023724849417,0.0032038959374599513,7.475916414867561
blur_15px,motion_blur,15.0,000000000081.jpg,0,0,0,0.0,115.84550002589822,48.30858749518815,164.5291580882353,0.0,7.142364183981558
blur_15px,motion_blur,15.0,000000000086.jpg,2,0,1,0.0,132.5138001702726,273.5925745531823,102.3654541015625,0.2679443359375,7.817654830581078
blur_15px,motion_blur,15.0,000000000089.jpg,0,0,0,0.0,138.00759997684509,225.0455223327213,92.09328125,0.06412760416666666,7.660880622503411
blur_15px,motion_blur,15.0,000000000092.jpg,0,0,0,0.0,156.45559993572533,20.922686288794484,124.63680840163934,0.0,7.4565742444201675
blur_15px,motion_blur,15.0,000000000094.jpg,2,1,0,0.6286327242851257,122.76789988391101,372.9042772444355,121.87494145199064,3.182450234192037,7.554032321466176
blur_15px,motion_blur,15.0,000000000109.jpg,5,0,0,0.0,91.46770008374006,313.55910318350647,126.67606295072116,0.018404447115384616,7.607455144786568
blur_15px,motion_blur,15.0,000000000110.jpg,10,3,1,2.039110690355301,145.04029997624457,90.24919254251057,105.33693033854166,0.326171875,7.74752210063416
blur_15px,motion_blur,15.0,000000000113.jpg,3,3,0,1.9876231849193573,170.63379986211658,197.5410000366572,147.98303786057693,0.0018780048076923077,7.660635011915881
blur_15px,motion_blur,15.0,000000000127.jpg,1,0,0,0.0,166.91969987004995,188.9320813559217,88.49444841476091,0.3784433471933472,7.620023157360161
blur_15px,motion_blur,15.0,000000000133.jpg,0,0,0,0.0,155.29669995885342,177.64388026927313,131.44894205729167,0.5234375,7.324636910104422
blur_15px,motion_blur,15.0,000000000136.jpg,2,1,1,0.7100563049316406,133.32289992831647,123.69631539452087,120.40239572192513,0.0,7.755016094360133
blur_15px,motion_blur,15.0,000000000138.jpg,0,0,0,0.0,166.08709993306547,782.4249574960608,104.0889752399651,2.867582897033159,7.439986566977649
blur_15px,motion_blur,15.0,000000000142.jpg,0,0,0,0.0,130.03219990059733,22.39628227944904,92.20421549479167,0.055989583333333336,7.702583749383219
blur_15px,motion_blur,15.0,000000000143.jpg,0,0,3,0.0,153.98649987764657,10.721574659722224,199.79047,0.0,5.301157469705402
blur_15px,motion_blur,15.0,000000000144.jpg,0,0,0,0.0,125.6925999186933,852.29192222467,120.97267903645833,0.24641927083333334,7.436333768797908
blur_15px,motion_blur,15.0,000000000149.jpg,16,0,0,0.0,120.8387000951916,149.0469479833119,138.89048992406543,0.0,6.815433971518953
blur_15px,motion_blur,15.0,000000000151.jpg,1,0,0,0.0,167.59660001844168,398.48127134932406,118.58859375,0.0,7.389958532996262
blur_15px,motion_blur,15.0,000000000154.jpg,0,0,0,0.0,153.04749994538724,110.34820626401786,86.55655005854801,0.0,6.4089542354519144
blur_15px,motion_blur,15.0,000000000164.jpg,0,0,0,0.0,149.04050005134195,232.35247660302056,127.07090494791667,1.6813151041666665,7.4860445726330065
blur_15px,motion_blur,15.0,000000000165.jpg,2,2,2,1.1748104095458984,170.1361999148503,100.78105220033267,100.97409631529851,0.162080223880597,7.726687941620243
blur_15px,motion_blur,15.0,000000000192.jpg,4,3,1,2.1462604999542236,118.30780014861375,121.66527009069655,125.40939127604166,0.0,6.9181417329635035
blur_15px,motion_blur,15.0,000000000194.jpg,0,0,0,0.0,122.57379991933703,25.197373890336355,111.84370442708334,0.0,7.420836548948351
blur_15px,motion_blur,15.0,000000000196.jpg,0,0,0,0.0,141.0122001543641,184.8317995452457,88.88609375,0.0,7.39647567387415
blur_15px,motion_blur,15.0,000000000201.jpg,2,0,1,0.0,108.9072999311611,121.69140037390684,180.59048262266356,1.0108790887850467,7.253729316121109
blur_15px,motion_blur,15.0,000000000208.jpg,0,0,3,0.0,176.93320009857416,28.325904350185397,124.8491796875,0.0,7.078899468656413
blur_15px,motion_blur,15.0,000000000241.jpg,5,3,0,2.2923426032066345,84.87389993388206,71.61233391824298,88.33355143229167,0.0,7.078646739430464
blur_15px,motion_blur,15.0,000000000247.jpg,6,1,0,0.5042334794998169,72.82170001417398,379.3651456629861,115.84855173938679,0.08733785377358491,7.464730778917478
blur_15px,motion_blur,15.0,000000000250.jpg,0,0,0,0.0,50.32259994186461,57.84931511534584,109.34439778645833,0.12923177083333331,7.288662777947283
blur_15px,motion_blur,15.0,000000000257.jpg,27,1,4,0.6203684210777283,61.337199877016246,455.7831901037852,137.64191080729168,0.3115234375,7.551847763940832
blur_15px,motion_blur,15.0,000000000260.jpg,4,1,0,0.2985890209674835,46.589699923060834,176.4797566841075,66.8317117117117,0.475075075075075,7.095656664342643
blur_15px,motion_blur,15.0,000000000263.jpg,0,0,0,0.0,102.00370009988546,51.72057527412535,116.58876639170897,0.0,7.42337017328727
blur_15px,motion_blur,15.0,000000000283.jpg,0,0,0,0.0,66.14389992319047,50.60555544881615,104.96725686331776,0.0,7.567414882910126
blur_15px,motion_blur,15.0,000000000294.jpg,1,1,0,0.8290006518363953,115.71169993840158,53.60493742676143,56.95579259367681,0.0,6.821233352286414
blur_15px,motion_blur,15.0,000000000307.jpg,1,0,0,0.0,76.70650002546608,128.72409426265295,122.06524739583334,0.09798177083333334,6.588889764097462
blur_15px,motion_blur,15.0,000000000308.jpg,7,3,1,2.3777355551719666,60.884299920871854,171.8111351079137,127.90541740023474,3.3564407276995305,7.817358339200084
blur_15px,motion_blur,15.0,000000000309.jpg,0,0,1,0.0,67.86710023880005,249.49806400444442,94.18594166666666,1.8244444444444445,7.650784647581549
blur_15px,motion_blur,15.0,000000000312.jpg,0,0,1,0.0,49.56449999008328,351.6126744364406,102.24366949648712,0.0,7.652386335945671
blur_15px,motion_blur,15.0,000000000315.jpg,13,1,1,0.6523611545562744,47.474199905991554,121.04958395112199,148.69973653395783,0.05562060889929743,7.245344305573692
blur_15px,motion_blur,15.0,000000000321.jpg,0,0,2,0.0,51.60790006630123,79.44009409073723,131.62583984375,0.0,7.625772969496404
blur_15px,motion_blur,15.0,000000000322.jpg,1,1,0,0.8165597915649414,52.80790012329817,17.31676802904876,25.074990254677754,0.0,5.745953496284034
blur_15px,motion_blur,15.0,000000000326.jpg,1,1,0,0.5619398951530457,46.51459993328899,17.556233759986668,31.980137587822014,0.0,5.8810909002771625
blur_15px,motion_blur,15.0,000000000328.jpg,4,3,2,1.7265978455543518,50.80910003744066,488.61849737448034,135.38765274949083,16.884865071283095,7.459653056127818
blur_15px,motion_blur,15.0,000000000332.jpg,0,0,0,0.0,51.44319997634739,26.99153416009479,113.89541341145834,0.0016276041666666667,7.1704159636311955
blur_15px,motion_blur,15.0,000000000338.jpg,2,2,0,0.9171156585216522,41.202800115570426,286.74289388813105,116.95792240061162,0.03058103975535168,7.846329320454617
blur_15px,motion_blur,15.0,000000000349.jpg,0,0,0,0.0,49.10070006735623,40.9263125676473,119.7037890625,4.57421875,7.384620609504678
blur_15px,motion_blur,15.0,000000000357.jpg,13,1,1,0.3059827983379364,30.656800023280084,159.42305381207885,140.58550028669725,0.0,6.2863180863921855
blur_15px,motion_blur,15.0,000000000359.jpg,4,0,0,0.0,49.38949993811548,210.16578925765714,109.0893734939759,5.343975903614457,6.260054130726047
blur_15px,motion_blur,15.0,000000000360.jpg,2,0,0,0.0,64.0217000618577,229.89009863497958,183.97717333333333,19.07466666666667,7.184112315693523
blur_15px,motion_blur,15.0,000000000368.jpg,12,1,2,0.7525889873504639,110.1994999917224,438.354881455485,95.13326497395833,0.039713541666666664,7.2527479327923245
blur_15px,motion_blur,15.0,000000000370.jpg,1,1,0,0.8190468549728394,52.22030007280409,13.693324827024675,89.184658203125,0.0,7.648554594000497
blur_15px,motion_blur,15.0,000000000382.jpg,1,1,0,0.6177321076393127,51.67209997307509,62.09174779255125,151.42569661458333,0.0016276041666666667,7.431690190827519
blur_15px,motion_blur,15.0,000000000384.jpg,0,0,0,0.0,57.29580007027835,38.34036195288572,81.45474705717488,1.7835622197309418,7.269627109977597
blur_15px,motion_blur,15.0,000000000387.jpg,0,0,0,0.0,51.31710006389767,118.19996267266805,113.28733723958334,5.309895833333334,7.458772169155046
blur_15px,motion_blur,15.0,000000000389.jpg,12,4,0,2.43733149766922,51.9851001445204,68.3954907968733,74.42603190104167,0.01953125,7.407309003731368
blur_15px,motion_blur,15.0,000000000394.jpg,0,0,0,0.0,68.5913999332115,33.4095050602855,125.34146634615385,0.6740998363338788,7.495198814493108
blur_15px,motion_blur,15.0,000000000395.jpg,11,6,1,3.4737316370010376,84.6645999699831,35.49069509819475,96.7087176724138,1.175915948275862,7.710356511437515
blur_15px,motion_blur,15.0,000000000397.jpg,1,0,0,0.0,51.25469993799925,53.628743351872764,105.92109049479167,0.0,7.636533635954825
blur_15px,motion_blur,15.0,000000000400.jpg,0,0,1,0.0,101.36850003618747,259.2010310617286,128.61100362460814,0.0,7.654073022065075
blur_15px,motion_blur,15.0,000000000404.jpg,0,0,0,0.0,87.5338000478223,198.96047117271993,102.73110328638498,0.0,7.320269968778363
blur_15px,motion_blur,15.0,000000000415.jpg,1,1,0,0.9121638536453247,59.841200010851026,47.095663640296095,97.71696117688022,0.0,6.43557552235741
blur_15px,motion_blur,15.0,000000000419.jpg,5,2,0,1.46834796667099,55.66759989596903,403.139221303463,96.34755859375,0.11100260416666667,6.967725913020257
blur_15px,motion_blur,15.0,000000000428.jpg,1,1,0,0.9012951254844666,45.32769997604191,21.15820268976659,142.87298177083332,0.0,6.933752342125048
blur_15px,motion_blur,15.0,000000000431.jpg,1,1,0,0.8314281702041626,47.60119994170964,63.95911954835909,80.56673762853471,0.01566516709511568,6.7700378478032865
blur_15px,motion_blur,15.0,000000000436.jpg,1,1,0,0.8748950958251953,61.812999891117215,15.694030719995155,91.87647101873536,0.036226580796252926,7.491968886598503
blur_15px,motion_blur,15.0,000000000438.jpg,0,0,3,0.0,52.05370008479804,141.68940718549092,85.25232096354166,0.0,7.61555432786583
blur_15px,motion_blur,15.0,000000000443.jpg,3,3,1,1.4252088367938995,53.894000011496246,18.970313548522526,95.676435546875,0.0,7.487552615943629
blur_15px,motion_blur,15.0,000000000446.jpg,1,1,0,0.8173701763153076,56.21479998808354,36.63123697764079,41.96744140625,0.0,6.525938762854265
blur_15px,motion_blur,15.0,000000000450.jpg,0,0,0,0.0,47.88600001484156,23.412908340072633,98.892490234375,0.0,7.189614694213913
blur_15px,motion_blur,15.0,000000000459.jpg,1,1,1,0.8396972417831421,55.32450007740408,25.9957631719798,83.26410489341086,0.0,7.278807956796976
blur_15px,motion_blur,15.0,000000000471.jpg,2,1,0,0.9321354031562805,48.74650004785508,297.8553752226723,174.58955283957846,0.9503073770491803,7.455365055990556
blur_15px,motion_blur,15.0,000000000472.jpg,0,0,0,0.0,32.54199994262308,26.72233130225057,114.69919109513275,0.015210176991150442,5.505621332649208
blur_15px,motion_blur,15.0,000000000474.jpg,1,1,0,0.915863573551178,47.79029998462647,86.39922771982795,119.79037237237237,0.4582582582582583,6.905986216363028
blur_15px,motion_blur,15.0,000000000486.jpg,0,0,0,0.0,48.42500004451722,356.11595309830545,115.56108021077283,0.7494145199063231,7.783780666666781
blur_15px,motion_blur,15.0,000000000488.jpg,6,3,2,1.81107297539711,44.5863000350073,194.5741540259707,154.57722444581282,0.0,7.136184192833188
blur_15px,motion_blur,15.0,000000000490.jpg,0,0,0,0.0,64.5933001069352,19.149434236326904,58.917987878787876,0.0,6.9835196801529085
blur_15px,motion_blur,15.0,000000000491.jpg,0,0,0,0.0,65.14790002256632,47.40648192383305,124.01570607028754,4.4460063897763575,7.7200164314164805
blur_15px,motion_blur,15.0,000000000502.jpg,0,0,1,0.0,59.028899879194796,381.34552062389406,138.8488912470726,0.0,7.195428216390109
blur_15px,motion_blur,15.0,000000000508.jpg,0,0,0,0.0,50.64930010121316,170.84601845210395,148.67072591145833,1.1383463541666665,7.505790122352113
blur_15px,motion_blur,15.0,000000000510.jpg,2,1,0,0.7653361558914185,59.23420004546642,759.7517399393294,132.221240234375,0.18294270833333334,7.877759755724329
blur_15px,motion_blur,15.0,000000000514.jpg,0,0,0,0.0,53.62679995596409,13.210632801649307,81.09444878472222,0.11024305555555555,7.317981255967174
blur_15px,motion_blur,15.0,000000000520.jpg,3,0,0,0.0,53.87509998399764,665.9576415557756,121.00543619791667,0.32356770833333337,7.810179316536523
blur_15px,motion_blur,15.0,000000000529.jpg,3,1,1,0.3949340581893921,48.591700033284724,167.1526006395542,125.07852385831382,0.008782201405152224,7.748545555569298
blur_15px,motion_blur,15.0,000000000531.jpg,11,1,1,0.27559271454811096,51.701299962587655,376.2751072229915,106.2289453125,0.0032552083333333335,7.4407540142211115
blur_15px,motion_blur,15.0,000000000532.jpg,6,3,1,2.275416612625122,62.19750002492219,527.8158365876833,114.80113606770833,9.151041666666666,7.2859199598532856
blur_15px,motion_blur,15.0,000000000536.jpg,3,3,0,2.3783040046691895,51.0634999955073,40.71787945250745,84.21643149447279,0.331499787414966,6.837204447047281
blur_15px,motion_blur,15.0,000000000540.jpg,19,0,0,0.0,47.46020003221929,996.972567052214,130.05173529411763,0.08272058823529412,7.486436155550582
blur_15px,motion_blur,15.0,000000000542.jpg,12,2,0,0.5770988762378693,56.29829992540181,161.7380487984766,174.69152892561982,0.0025826446280991736,7.114544735846595
blur_15px,motion_blur,15.0,000000000544.jpg,13,3,1,1.9183823466300964,72.36620015464723,759.094817908779,77.4705906030445,0.0,6.869815452787632
blur_15px,motion_blur,15.0,000000000560.jpg,0,0,1,0.0,48.392900032922626,310.83187650961327,126.0698787625418,0.0,7.59923378738348
blur_15px,motion_blur,15.0,000000000562.jpg,0,0,0,0.0,48.80170011892915,2.928974546500899,113.98996380023641,0.0,6.448898417488452
blur_15px,motion_blur,15.0,000000000564.jpg,2,1,2,0.865380585193634,58.34170011803508,531.8352811156143,50.66729567307692,0.052584134615384616,5.810473201523559
blur_15px,motion_blur,15.0,000000000569.jpg,1,1,0,0.6276289224624634,51.850799936801195,101.98880202212864,125.59864908854166,0.0,6.857610553843194
blur_15px,motion_blur,15.0,000000000572.jpg,2,2,0,1.4887664318084717,62.1456999797374,76.7548219690902,70.19520638173302,0.0,7.3154559123067155
blur_15px,motion_blur,15.0,000000000575.jpg,0,0,1,0.0,56.29360012244433,998.3537618076215,101.56104410331385,0.14833089668615984,7.512599863923358
blur_15px,motion_blur,15.0,000000000581.jpg,0,0,1,0.0,66.8598999036476,40.41002067243853,125.4986469344609,0.06046511627906977,7.406372764396943
blur_15px,motion_blur,15.0,000000000584.jpg,0,0,0,0.0,47.823900007642806,39.98675020539045,123.93448136737089,0.3246038732394366,7.821607156983763
blur_15px,motion_blur,15.0,000000000589.jpg,1,1,0,0.8536274433135986,51.88729998189956,19.486476961093484,32.81580403645833,0.0,6.219375751105176
blur_15px,motion_blur,15.0,000000000590.jpg,0,0,0,0.0,56.267900043167174,215.91135451547996,184.83697310513446,0.10709046454767726,6.990878663538129
blur_15px,motion_blur,15.0,000000000595.jpg,0,0,0,0.0,50.68530002608895,960.5402869106293,136.154423828125,12.551432291666668,7.45453119383749
blur_15px,motion_blur,15.0,000000000597.jpg,0,0,0,0.0,32.41010010242462,160.46094102964688,118.9908455141129,0.0,7.54123513893224
blur_15px,motion_blur,15.0,000000000599.jpg,0,0,0,0.0,45.2593999216333,164.57116827127692,58.32427441646192,0.1378224815724816,7.152754949691021
blur_15px,motion_blur,15.0,000000000605.jpg,0,0,0,0.0,49.46610005572438,95.53267119927936,122.703603515625,0.0166015625,7.785108518393396
blur_15px,motion_blur,15.0,000000000612.jpg,0,0,2,0.0,49.63840020354837,150.59936409488253,91.89756184895833,0.0013020833333333335,7.45462189878209
blur_15px,motion_blur,15.0,000000000620.jpg,0,0,0,0.0,52.16610000934452,153.61899640363055,106.05307942708333,2.642252604166667,7.689319658675474
blur_15px,motion_blur,15.0,000000000623.jpg,1,1,0,0.565717339515686,47.791199875064194,34.371823995192884,98.288672,0.0,7.617180244161958
blur_15px,motion_blur,15.0,000000000625.jpg,3,3,2,2.0756393671035767,46.45739996340126,112.45547526951546,110.72264924327354,0.1187640134529148,7.378208759156038
blur_15px,motion_blur,15.0,000000000626.jpg,0,0,0,0.0,52.11060005240142,31.05950904841953,85.79203776041666,0.1318359375,7.095530608671029
blur_15px,motion_blur,15.0,000000000629.jpg,1,1,0,0.7128235101699829,57.1599998511374,602.2341645611692,140.45257977166276,0.1094115925058548,7.777500468821181
blur_15px,motion_blur,15.0,000000000634.jpg,5,2,0,1.2179470360279083,56.99860001914203,75.82870850564089,116.10775395199063,1.603117681498829,7.711635009151925
blur_15px,motion_blur,15.0,000000000636.jpg,0,0,0,0.0,74.49910009745508,118.21555087101194,102.12663736979167,1.1598307291666667,7.585421125417144
blur_15px,motion_blur,15.0,000000000641.jpg,12,1,0,0.8973014950752258,50.424300134181976,257.3232594051689,136.01003212616823,5.25919976635514,7.606990938363893
blur_15px,motion_blur,15.0,000000000643.jpg,0,0,0,0.0,59.44039986934513,186.44342090239996,103.94229333333334,0.1664,7.564631410373714
blur_15px,motion_blur,15.0,000000000650.jpg,1,1,1,0.4317236542701721,49.65280008036643,109.86001998832157,117.85626097775176,0.2418764637002342,7.363930677075617
blur_25px,motion_blur,25.0,000000000009.jpg,0,0,0,0.0,52.3408999433741,38.264137007130515,119.113759765625,1.6585286458333335,7.901333289624669
blur_25px,motion_blur,25.0,000000000025.jpg,0,0,0,0.0,53.581599961034954,138.20805980315527,101.41750660211268,0.0,7.38083729613855
blur_25px,motion_blur,25.0,000000000030.jpg,0,0,0,0.0,60.91419991571456,26.29465159773129,131.11296728971962,0.4012120327102804,7.426609359337068
blur_25px,motion_blur,25.0,000000000034.jpg,0,0,0,0.0,50.00150005798787,257.2798373970588,107.23275735294118,0.0,6.995375737383154
blur_25px,motion_blur,25.0,000000000036.jpg,1,1,0,0.6656128764152527,73.98800016380847,169.6989087549526,142.3234375,0.0,7.289266012411146
blur_25px,motion_blur,25.0,000000000042.jpg,0,0,0,0.0,53.65519993938506,22.227606162341715,119.64353098849372,2.9131799163179917,7.78343661819731
blur_25px,motion_blur,25.0,000000000049.jpg,6,0,0,0.0,57.49919998925179,206.73843841723328,141.61732283464568,5.635170603674541,7.7164834068761525
blur_25px,motion_blur,25.0,000000000061.jpg,3,0,0,0.0,57.13739991188049,578.1136671693284,143.52860847848362,3.6155225409836067,7.622915341898246
blur_25px,motion_blur,25.0,000000000064.jpg,2,1,0,0.453496515750885,53.51300013717264,83.19861440021727,121.16283203125,6.890950520833333,7.516164452315699
blur_25px,motion_blur,25.0,000000000071.jpg,15,0,0,0.0,47.72720008622855,221.48539743007888,109.0026738556338,0.0,6.753791766652393
blur_25px,motion_blur,25.0,000000000072.jpg,0,0,1,0.0,50.741400104016066,131.2525697322367,81.73306864754099,0.0,6.882051619520255
blur_25px,motion_blur,25.0,000000000073.jpg,2,0,0,0.0,77.50030001625419,214.47171776910878,117.04353705752213,1.5876659292035398,7.30865102801908
blur_25px,motion_blur,25.0,000000000074.jpg,7,0,2,0.0,48.33920008968562,99.17434332999298,155.65733201291079,1.078711854460094,7.7820173151767
blur_25px,motion_blur,25.0,000000000077.jpg,5,0,0,0.0,66.0664999159053,215.19736303911822,121.57512,1.6223999999999998,7.774875534885779
blur_25px,motion_blur,25.0,000000000078.jpg,0,0,1,0.0,69.89659985993057,82.75456944988237,153.10286908881199,0.0010679653124866504,7.467892803533957
blur_25px,motion_blur,25.0,000000000081.jpg,0,0,0,0.0,50.23369996342808,32.11057269809689,164.5309375,0.0,7.149590561818393
blur_25px,motion_blur,25.0,000000000086.jpg,2,0,0,0.0,57.13610025122762,172.5525783456024,102.36564636230469,0.06011962890625,7.774159775530356
blur_25px,motion_blur,25.0,000000000089.jpg,0,0,0,0.0,52.592100109905005,203.76595706850688,92.0946875,0.024088541666666668,7.653878875857263
blur_25px,motion_blur,25.0,000000000092.jpg,0,0,0,0.0,47.480600071139634,12.829441705481575,124.62969115925058,0.0,7.451934328150185
blur_25px,motion_blur,25.0,000000000094.jpg,2,1,1,0.637826681137085,50.91659992467612,258.85303715206265,121.87493047423888,3.0203454332552693,7.513041321940536
blur_25px,motion_blur,25.0,000000000109.jpg,5,0,0,0.0,68.35940002929419,218.8903100114038,126.6759990985577,0.011643629807692308,7.575615946813069
blur_25px,motion_blur,25.0,000000000110.jpg,10,3,0,1.7984486818313599,65.25849993340671,60.1692074719641,105.33769205729166,0.19368489583333334,7.736512978335792
blur_25px,motion_blur,25.0,000000000113.jpg,3,2,0,1.3067196607589722,46.481600147672,141.24424110546622,147.9812462439904,0.0,7.663305477995586
blur_25px,motion_blur,25.0,000000000127.jpg,1,0,0,0.0,54.76179998368025,115.25466232627258,88.4913429054054,0.22284303534303534,7.623255443953952
blur_25px,motion_blur,25.0,000000000133.jpg,0,0,0,0.0,53.79490018822253,144.877806531175,131.44807942708334,0.5110677083333334,7.292236347672317
blur_25px,motion_blur,25.0,000000000136.jpg,2,1,1,0.6717880368232727,53.691099979914725,75.96576956272698,120.40571122994652,0.0,7.7351215017689725
blur_25px,motion_blur,25.0,000000000138.jpg,0,0,0,0.0,86.55419992282987,698.3684745855073,104.09146760471204,2.7773232984293195,7.395921266255978
blur_25px,motion_blur,25.0,000000000142.jpg,0,0,0,0.0,66.39089994132519,15.376708730051254,92.20241536458333,0.0,7.6846088965064485
blur_25px,motion_blur,25.0,000000000143.jpg,0,0,2,0.0,59.53820003196597,6.395770665555555,199.79123333333334,0.0,5.521786823886066
blur_25px,motion_blur,25.0,000000000144.jpg,0,0,0,0.0,53.24529996141791,552.0865001428286,120.97213216145833,0.09635416666666667,7.355762999941029
blur_25px,motion_blur,25.0,000000000149.jpg,16,0,0,0.0,49.04639988671988,112.520900256973,138.89165449766355,0.0,6.791358920058579
blur_25px,motion_blur,25.0,000000000151.jpg,1,0,0,0.0,51.46929994225502,239.64714484621683,118.58973958333333,0.0,7.320563161425969
blur_25px,motion_blur,25.0,000000000154.jpg,0,0,0,0.0,101.3096000533551,68.67633670088652,86.55789666276347,0.0,6.3148477011167525
blur_25px,motion_blur,25.0,000000000164.jpg,0,0,0,0.0,53.60030010342598,175.4035573272599,127.07290690104166,1.4365234375,7.473376034859463
blur_25px,motion_blur,25.0,000000000165.jpg,2,2,0,0.9040462970733643,82.51129987183958,62.48188230089207,100.97081972947761,0.08745335820895522,7.703246696167607
blur_25px,motion_blur,25.0,000000000192.jpg,4,1,0,0.3555174469947815,60.86560001131147,64.95049225996864,125.41614908854167,0.0,6.845238627877869
blur_25px,motion_blur,25.0,000000000194.jpg,0,0,0,0.0,54.566700011491776,16.046600263118744,111.84105143229166,0.0,7.379036679733744
blur_25px,motion_blur,25.0,000000000196.jpg,0,0,0,0.0,57.411300018429756,113.40712955118816,88.88614583333333,0.0,7.309281865570972
blur_25px,motion_blur,25.0,000000000201.jpg,2,0,2,0.0,57.52320005558431,70.96126991844395,180.58988755841122,0.8312646028037383,7.273341452772302
blur_25px,motion_blur,25.0,000000000208.jpg,0,0,1,0.0,56.071499828249216,16.990013058969712,124.851826171875,0.0,7.050742676311041
blur_25px,motion_blur,25.0,000000000241.jpg,5,2,1,1.3595265746116638,66.79489999078214,44.96159071857665,88.3373046875,0.0,7.005652474752354
blur_25px,motion_blur,25.0,000000000247.jpg,6,0,0,0.0,49.976899987086654,242.5598754139157,115.85257591391509,0.043853183962264154,7.44412798483096
blur_25px,motion_blur,25.0,000000000250.jpg,0,0,0,0.0,70.42310002725571,30.92675606654485,109.34545247395833,0.012369791666666668,7.29643681633301
blur_25px,motion_blur,25.0,000000000257.jpg,27,1,4,0.2790045738220215,69.86440008040518,316.01876952701144,137.64419270833332,0.14811197916666666,7.518012111798257
blur_25px,motion_blur,25.0,000000000260.jpg,4,0,0,0.0,53.17940004169941,130.27508552646339,66.82742942942943,0.37417417417417415,7.064212639578674
blur_25px,motion_blur,25.0,000000000263.jpg,0,0,1,0.0,70.61409996822476,36.19573585716868,116.58850200930625,0.0,7.357792392741505
blur_25px,motion_blur,25.0,000000000283.jpg,0,0,0,0.0,53.62859996967018,33.66037140913474,104.96351124415888,0.0,7.5307552328969205
blur_25px,motion_blur,25.0,000000000294.jpg,1,1,0,0.7713234424591064,50.74369988869876,34.606016815702574,56.9577868852459,0.0,6.835167640702854
blur_25px,motion_blur,25.0,000000000307.jpg,1,0,0,0.0,50.86319998372346,75.67601652949651,122.06651041666667,0.041341145833333336,6.513830438339376
blur_25px,motion_blur,25.0,000000000308.jpg,7,3,0,1.880238652229309,49.98279991559684,112.27202514348436,127.90560079225352,3.2856514084507045,7.782440906148678
blur_25px,motion_blur,25.0,000000000309.jpg,0,0,1,0.0,91.23759996145964,165.073297544375,94.1866,1.5958333333333334,7.586073257764224
blur_25px,motion_blur,25.0,000000000312.jpg,0,0,0,0.0,69.52389993239194,206.16434843658303,102.24368779274005,0.0,7.602658238770051
blur_25px,motion_blur,25.0,000000000315.jpg,13,0,0,0.0,49.65699999593198,78.78657162670227,148.6978849531616,0.015002927400468383,7.175988351844492
blur_25px,motion_blur,25.0,000000000321.jpg,0,0,2,0.0,71.66070002131164,50.56305334264967,131.62524739583333,0.0,7.5748423721182645
blur_25px,motion_blur,25.0,000000000322.jpg,1,1,0,0.7982043623924255,55.55729998741299,10.958731279256225,25.078699974012473,0.0,5.714116274073666
blur_25px,motion_blur,25.0,000000000326.jpg,1,1,1,0.7052502632141113,49.76419999729842,10.324807805736384,31.974506001170962,0.0,5.911686877547117
blur_25px,motion_blur,25.0,000000000328.jpg,4,2,1,0.8974151015281677,57.43770021945238,407.8899485494097,135.3881141802444,15.8165733197556,7.5432005185806705
blur_25px,motion_blur,25.0,000000000332.jpg,0,0,0,0.0,51.77769996225834,16.673166145155168,113.89430013020834,0.0,7.11254642700545
blur_25px,motion_blur,25.0,000000000338.jpg,2,0,0,0.0,40.81809998024255,197.47279689693246,116.95773126911315,0.0028669724770642203,7.825804442339614
blur_25px,motion_blur,25.0,000000000349.jpg,0,0,0,0.0,61.71459995675832,28.783405624347264,119.70038411458333,4.5341796875,7.382195895811659
blur_25px,motion_blur,25.0,000000000357.jpg,13,0,0,0.0,36.00860002916306,86.2555051131546,140.5882884174312,0.0,6.174277791249295
blur_25px,motion_blur,25.0,000000000359.jpg,4,0,0,0.0,52.06210014875978,162.02613008822033,109.09964457831326,4.874698795180723,6.410777524027428
blur_25px,motion_blur,25.0,000000000360.jpg,2,0,0,0.0,79.18240001890808,122.12302092114486,183.97878933333334,18.956266666666664,7.1799679730501635
blur_25px,motion_blur,25.0,000000000368.jpg,12,0,0,0.0,56.84179998934269,285.7805600378672,95.13316080729167,0.021484375,7.175863529869222
blur_25px,motion_blur,25.0,000000000370.jpg,1,1,0,0.8486431837081909,51.907200017012656,8.868861796050602,89.18435546875,0.0,7.62318058503099
blur_25px,motion_blur,25.0,000000000382.jpg,1,1,0,0.25608593225479126,98.33349986001849,36.945016873582205,151.4198828125,0.0,7.411877880316203
blur_25px,motion_blur,25.0,000000000384.jpg,0,0,0,0.0,53.633199888281524,27.06066405498858,81.45609935538117,1.499089125560538,7.280516847474032
blur_25px,motion_blur,25.0,000000000387.jpg,0,0,0,0.0,53.90800000168383,97.41519724501504,113.28703450520834,5.033854166666667,7.4746122626498845
blur_25px,motion_blur,25.0,000000000389.jpg,12,2,1,1.1191515028476715,52.29349993169308,43.749242078611594,74.42786458333333,0.0,7.415906128389948
blur_25px,motion_blur,25.0,000000000394.jpg,0,0,0,0.0,78.36840022355318,20.14563446900396,125.34152004909984,0.5216857610474632,7.484214584657845
blur_25px,motion_blur,25.0,000000000395.jpg,11,4,4,2.2736464142799377,150.6603000452742,23.021237336475128,96.71094288793104,1.0202047413793103,7.694033196768159
blur_25px,motion_blur,25.0,000000000397.jpg,1,0,0,0.0,54.031499894335866,33.801417987569174,105.92100911458333,0.0,7.612235111050264
blur_25px,motion_blur,25.0,000000000400.jpg,0,0,0,0.0,69.10139985848218,224.790145223468,128.6155172413793,0.0,7.641308704538871
blur_25px,motion_blur,25.0,000000000404.jpg,0,0,0,0.0,51.028399961069226,141.03687597120282,102.72733641431925,0.0,7.302406191246402
blur_25px,motion_blur,25.0,000000000415.jpg,1,1,2,0.29260286688804626,46.551700099371374,30.852421192271574,97.71404509052925,0.0,6.420991613330008
blur_25px,motion_blur,25.0,000000000419.jpg,5,1,0,0.8358427286148071,56.025200290605426,307.7724268015119,96.34599283854166,0.036783854166666664,6.936924129237715
blur_25px,motion_blur,25.0,000000000428.jpg,1,1,0,0.8268367052078247,55.74690003413707,13.978493482632107,142.86948784722222,0.0,6.895218218688117
blur_25px,motion_blur,25.0,000000000431.jpg,1,1,0,0.3535672426223755,48.95090009085834,39.08690126240069,80.56915568766067,0.001205012853470437,6.734071025498478
blur_25px,motion_blur,25.0,000000000436.jpg,1,1,0,0.831923246383667,50.71120010688901,10.240376549297883,91.8758343091335,0.008416276346604216,7.486390428573461
blur_25px,motion_blur,25.0,000000000438.jpg,0,0,2,0.0,52.24180000368506,86.98003223859999,85.25319010416666,0.0,7.608729867644559
blur_25px,motion_blur,25.0,000000000443.jpg,3,2,0,0.583709716796875,51.22080002911389,12.386417686928644,95.67713541666667,0.0,7.462738056154237
blur_25px,motion_blur,25.0,000000000446.jpg,1,1,0,0.5826312303543091,53.39300015475601,22.408854133436417,41.96716145833334,0.0,6.529346351142486
blur_25px,motion_blur,25.0,000000000450.jpg,0,0,0,0.0,54.44040021393448,14.845555228922104,98.89291341145834,0.0,7.1400045140740325
blur_25px,motion_blur,25.0,000000000459.jpg,1,1,2,0.6144627928733826,75.32870001159608,19.083272770987733,83.26684229651163,0.0,7.276539980621084
blur_25px,motion_blur,25.0,000000000471.jpg,2,1,0,0.9276984333992004,55.75609998777509,224.6416136864322,174.5897943501171,0.8679742388758783,7.448392979732735
blur_25px,motion_blur,25.0,000000000472.jpg,0,0,0,0.0,33.99729996453971,17.916053622909978,114.70431415929204,0.0027654867256637168,5.5205975200058965
blur_25px,motion_blur,25.0,000000000474.jpg,1,1,0,0.9043685793876648,50.404599867761135,51.37678192827061,119.78963363363363,0.30810810810810807,6.888032697467894
blur_25px,motion_blur,25.0,000000000486.jpg,0,0,1,0.0,58.88000002596527,216.22948870145055,115.56190720140515,0.5551083138173302,7.73686048210705
blur_25px,motion_blur,25.0,000000000488.jpg,6,2,0,0.7538338005542755,48.59509994275868,143.17077019355602,154.5740994458128,0.0,7.11339927815951
blur_25px,motion_blur,25.0,000000000490.jpg,0,0,0,0.0,74.7280998621136,11.542266639224568,58.91706262626263,0.0,6.9882695790013125
blur_25px,motion_blur,25.0,000000000491.jpg,0,0,0,0.0,48.34050009958446,29.368271582194364,124.01811501597444,2.860702875399361,7.719670276266601
blur_25px,motion_blur,25.0,000000000502.jpg,0,0,1,0.0,71.33619987871498,227.56088086725913,138.84754830210773,0.0,7.103832711847206
blur_25px,motion_blur,25.0,000000000508.jpg,0,0,0,0.0,57.871899916790426,114.37104111582438,148.672685546875,1.0126953125,7.494714937105657
blur_25px,motion_blur,25.0,000000000510.jpg,2,1,0,0.4699339270591736,52.0906001329422,671.1752634419335,132.22072591145835,0.09342447916666667,7.860133437247429
blur_25px,motion_blur,25.0,000000000514.jpg,0,0,0,0.0,43.83599990978837,8.769031721986371,81.09751302083333,0.009114583333333334,7.30821911223803
blur_25px,motion_blur,25.0,000000000520.jpg,3,0,0,0.0,59.16499986778945,459.468532123555,121.00386393229167,0.2776692708333333,7.8203243875366715
blur_25px,motion_blur,25.0,000000000529.jpg,3,1,0,0.3877548575401306,171.26690002623945,98.45918322522189,125.07899224238876,0.001097775175644028,7.725726878337594
blur_25px,motion_blur,25.0,000000000531.jpg,11,0,1,0.0,131.6310002002865,291.19771067885296,106.232802734375,0.0,7.425089761359011
blur_25px,motion_blur,25.0,000000000532.jpg,6,2,1,1.318427860736847,97.69419999793172,345.24396154648457,114.80472981770833,8.81640625,7.287336582038709
blur_25px,motion_blur,25.0,000000000536.jpg,3,1,1,0.3166615962982178,80.19510004669428,27.843745251973825,84.21548814838435,0.2072704081632653,6.8144369359469925
blur_25px,motion_blur,25.0,000000000540.jpg,19,0,0,0.0,67.4715000204742,836.4641139889573,130.05079044117647,0.05698529411764706,7.437001474098775
blur_25px,motion_blur,25.0,000000000542.jpg,12,0,0,0.0,98.0163998901844,105.51444020526313,174.69129003099172,0.0,7.129831990530915
blur_25px,motion_blur,25.0,000000000544.jpg,13,2,0,0.7485238611698151,97.37680002581328,499.1518120398407,77.47205430327868,0.0,6.721626434431524
blur_25px,motion_blur,25.0,000000000560.jpg,0,0,0,0.0,109.23179995734245,190.67327885806765,126.06965579710145,0.0,7.540802856819756
blur_25px,motion_blur,25.0,000000000562.jpg,0,0,0,0.0,103.99029986001551,2.3499260940595676,113.99456634160757,0.0,6.419711337689094
blur_25px,motion_blur,25.0,000000000564.jpg,2,1,2,0.27885952591896057,140.88479988276958,457.746870804745,50.67205228365385,0.013521634615384616,5.79109032704046
blur_25px,motion_blur,25.0,000000000569.jpg,1,1,0,0.4047294855117798,97.92850015219301,56.91839181683858,125.59835286458333,0.0,6.8226862743228835
blur_25px,motion_blur,25.0,000000000572.jpg,2,1,0,0.25704899430274963,88.57719996012747,65.78907714766088,70.19076039227166,0.0,7.308222711024845
blur_25px,motion_blur,25.0,000000000575.jpg,0,0,0,0.0,103.3879000460729,586.6271247485334,101.56120248538012,0.08832846003898635,7.394233815005593
blur_25px,motion_blur,25.0,000000000581.jpg,0,0,1,0.0,110.74789997655898,23.738929835631502,125.49803382663848,0.027061310782241013,7.392982936543122
blur_25px,motion_blur,25.0,000000000584.jpg,0,0,0,0.0,95.8872998598963,25.74608585993239,123.93333333333334,0.2497799295774648,7.8151456762275995
blur_25px,motion_blur,25.0,000000000589.jpg,1,0,0,0.0,126.361999893561,11.972518363274467,32.81946614583333,0.0,6.206297307664258
blur_25px,motion_blur,25.0,000000000590.jpg,0,0,0,0.0,170.13899993617088,132.23697765077924,184.82999511002444,0.0645476772616137,6.934141558179023
blur_25px,motion_blur,25.0,000000000595.jpg,0,0,0,0.0,141.73719997052103,610.8702787333065,136.15369466145833,12.420247395833334,7.434227223990309
blur_25px,motion_blur,25.0,000000000597.jpg,0,0,0,0.0,94.32509983889759,101.2064994858058,118.98878528225806,0.0,7.511621858839479
blur_25px,motion_blur,25.0,000000000599.jpg,0,0,0,0.0,90.08700004778802,93.79681705071737,58.3262093058968,0.052595208845208845,7.130641371478332
blur_25px,motion_blur,25.0,000000000605.jpg,0,0,0,0.0,95.48109991010278,54.98880532158745,122.702958984375,0.00032552083333333337,7.755431725517679
blur_25px,motion_blur,25.0,000000000612.jpg,0,0,1,0.0,99.33509991969913,88.02637320174111,91.89571940104166,0.0,7.411299308225469
blur_25px,motion_blur,25.0,000000000620.jpg,0,0,0,0.0,123.92489984631538,111.036216663954,106.05559244791667,2.2005208333333335,7.693495670180537
blur_25px,motion_blur,25.0,000000000623.jpg,1,0,0,0.0,115.97280006390065,20.774351961059555,98.28508266666667,0.0,7.601981843964069
blur_25px,motion_blur,25.0,000000000625.jpg,3,2,0,0.8649719953536987,98.29209989402443,69.40525491601983,110.72374579596412,0.03433295964125561,7.327184068835003
blur_25px,motion_blur,25.0,000000000626.jpg,0,0,0,0.0,98.64860004745424,17.56748788366318,85.78925455729167,0.12076822916666666,7.1069526365571445
blur_25px,motion_blur,25.0,000000000629.jpg,1,1,0,0.527898371219635,96.20879986323416,492.94122600491414,140.45135758196722,0.07684426229508197,7.742132361116296
blur_25px,motion_blur,25.0,000000000634.jpg,5,1,1,0.4709068238735199,103.98889996577054,42.880779975635996,116.10708430913348,1.3791715456674474,7.721850304525971
blur_25px,motion_blur,25.0,000000000636.jpg,0,0,0,0.0,100.76520009897649,74.8070954583062,102.12813151041667,1.0270182291666667,7.567219100321077
blur_25px,motion_blur,25.0,000000000641.jpg,12,1,0,0.7739898562431335,88.68709998205304,149.2906456724672,136.01067464953272,4.793370327102804,7.602465332107456
blur_25px,motion_blur,25.0,000000000643.jpg,0,0,0,0.0,113.81019989494234,151.33423254345954,103.93978666666666,0.12746666666666664,7.532408308076111
blur_25px,motion_blur,25.0,000000000650.jpg,1,1,1,0.34259161353111267,92.64390007592738,73.7771649865572,117.85636709601873,0.15076112412177986,7.328849166420175
gain_x1.5,exposure_gain,1.5,000000000009.jpg,0,0,0,0.0,95.49039998091757,2587.9102387537528,153.443466796875,12.320963541666668,7.498541286185494
gain_x1.5,exposure_gain,1.5,000000000025.jpg,0,0,0,0.0,109.8539000377059,10444.095468285062,143.6859228286385,9.039025821596244,7.704742938745733
gain_x1.5,exposure_gain,1.5,000000000030.jpg,0,0,0,0.0,98.97309995722026,976.3934641551813,180.626117114486,39.32096962616822,5.965966099933073
gain_x1.5,exposure_gain,1.5,000000000034.jpg,0,0,0,0.0,91.45790012553334,16321.14381600692,154.00511397058824,7.19264705882353,7.701708517214851
gain_x1.5,exposure_gain,1.5,000000000036.jpg,1,1,0,0.8908177614212036,105.36319995298982,4225.150554553705,195.27023128898128,20.74454261954262,6.961620625923511
gain_x1.5,exposure_gain,1.5,000000000042.jpg,0,0,0,0.0,107.91419993620366,867.1599666390475,160.72816095711298,21.15847280334728,7.077619842207009
gain_x1.5,exposure_gain,1.5,000000000049.jpg,6,3,2,1.4197660088539124,149.45650019217283,7777.7535567448285,183.2144724409449,42.21837270341207,5.590808135310693
gain_x1.5,exposure_gain,1.5,000000000061.jpg,3,1,0,0.4302918314933777,130.6195999495685,25872.183369620903,184.27818263319674,37.69403176229508,6.217447920016459
gain_x1.5,exposure_gain,1.5,000000000064.jpg,2,2,1,1.0366613566875458,96.89030004665256,3775.6842147814327,161.75709635416666,27.093098958333332,6.592352431345731
gain_x1.5,exposure_gain,1.5,000000000071.jpg,15,2,0,1.1194568872451782,210.29850002378225,5769.96662909389,160.69019219483567,2.861282276995305,7.315791252399626
gain_x1.5,exposure_gain,1.5,000000000072.jpg,0,0,0,0.0,253.59360000584275,9235.274071592517,120.35508269906323,4.073843676814988,7.745025946501707
gain_x1.5,exposure_gain,1.5,000000000073.jpg,2,1,0,0.8521211743354797,109.5237999688834,17513.34206294514,163.9408628318584,18.331581858407077,7.182247700287579
gain_x1.5,exposure_gain,1.5,000000000074.jpg,7,4,2,1.8891996145248413,93.80579995922744,1309.7390306698076,201.38253374413145,49.85622065727699,5.354780940998241
gain_x1.5,exposure_gain,1.5,000000000077.jpg,5,4,1,2.7890528738498688,96.7403999529779,7986.102866194091,160.00008533333335,28.036266666666666,6.715989134522337
gain_x1.5,exposure_gain,1.5,000000000078.jpg,0,0,0,0.0,122.46150011196733,1592.6659881381215,207.92906040411808,44.07759835960528,6.014389468130336
gain_x1.5,exposure_gain,1.5,000000000081.jpg,0,0,0,0.0,93.68980012368411,811.8360147050172,221.89995588235294,60.796323529411765,4.557469799461593
gain_x1.5,exposure_gain,1.5,000000000086.jpg,2,2,1,1.3781160712242126,98.44029997475445,5016.679341041064,138.04564514160157,23.94561767578125,6.396419857065171
gain_x1.5,exposure_gain,1.5,000000000089.jpg,0,0,0,0.0,100.379400071688,1099.2205271021526,131.39238606770834,4.543619791666666,7.82829335250339
gain_x1.5,exposure_gain,1.5,000000000092.jpg,0,0,0,0.0,85.12159995734692,724.055855879631,176.08975409836066,34.82764929742388,6.28662015066963
gain_x1.5,exposure_gain,1.5,000000000094.jpg,2,2,0,1.240980625152588,90.76639986597002,6800.880598412962,167.3186987704918,23.973580210772834,7.142567682092849
gain_x1.5,exposure_gain,1.5,000000000109.jpg,5,3,1,1.641349881887436,83.84539990220219,6958.942339518563,171.27569110576923,28.62980769230769,6.707415486373231
gain_x1.5,exposure_gain,1.5,000000000110.jpg,10,8,1,5.3839002549648285,102.44729986879975,1260.5281838567098,145.92619791666667,15.928059895833332,7.408604407442931
gain_x1.5,exposure_gain,1.5,000000000113.jpg,3,3,0,2.5285104513168335,121.36510002892464,2568.1836209984363,189.6842022235577,51.6845703125,5.359181506159828
gain_x1.5,exposure_gain,1.5,000000000127.jpg,1,0,0,0.0,184.50440012384206,3157.168014197611,122.27152091995842,13.57133575883576,7.274990339384258
gain_x1.5,exposure_gain,1.5,000000000133.jpg,0,0,0,0.0,179.3939999770373,1134.0080439816686,189.85286783854167,27.1435546875,6.522466726191981
gain_x1.5,exposure_gain,1.5,000000000136.jpg,2,2,1,1.364054024219513,120.44239998795092,1636.3428269493265,167.56826737967916,21.267914438502675,7.229134393120339
gain_x1.5,exposure_gain,1.5,000000000138.jpg,0,0,0,0.0,126.75050005782396,5205.7229602966845,145.67860220331588,12.519906195462477,7.361047818767382
gain_x1.5,exposure_gain,1.5,000000000142.jpg,0,0,0,0.0,110.86919996887445,360.70592625829914,132.24575846354168,12.586588541666666,7.573976346431294
gain_x1.5,exposure_gain,1.5,000000000143.jpg,0,0,0,0.0,130.79940003808588,356.2503389596,226.91934666666666,68.44033333333334,3.101513809169373
gain_x1.5,exposure_gain,1.5,000000000144.jpg,0,0,0,0.0,96.83750011026859,23204.119321769875,166.04788411458333,24.825520833333332,6.908987197156739
gain_x1.5,exposure_gain,1.5,000000000149.jpg,16,2,1,0.5790802538394928,105.31720006838441,1896.0319724715296,196.5295706775701,39.23663843457944,5.832709564466183
gain_x1.5,exposure_gain,1.5,000000000151.jpg,1,0,0,0.0,90.39020002819598,13055.652556654602,167.84674153645832,14.4296875,7.485043160562531
gain_x1.5,exposure_gain,1.5,000000000154.jpg,0,0,0,0.0,88.57039990834892,4464.6256356863305,129.45709528688525,0.6370755269320844,7.40348378608871
gain_x1.5,exposure_gain,1.5,000000000164.jpg,0,0,0,0.0,95.8978000562638,1818.8896370073,181.190751953125,17.3466796875,7.061542679244344
gain_x1.5,exposure_gain,1.5,000000000165.jpg,2,2,0,1.6650399565696716,97.6469999877736,3356.8606849865514,139.45452425373134,15.562325093283583,7.364930029066514
gain_x1.5,exposure_gain,1.5,000000000192.jpg,4,4,0,3.49421089887619,103.06790005415678,1395.3664343833818,180.32698567708334,7.400716145833333,7.005509360699741
gain_x1.5,exposure_gain,1.5,000000000194.jpg,0,0,0,0.0,117.57120001129806,680.0350325317278,158.66830403645832,8.407552083333334,7.640497635441529
gain_x1.5,exposure_gain,1.5,000000000196.jpg,0,0,0,0.0,82.84920000005513,4204.179049112574,130.72383138020834,3.913411458333333,7.8823863153450855
gain_x1.5,exposure_gain,1.5,000000000201.jpg,2,0,0,0.0,101.00079979747534,5829.63038786649,209.87946115654205,66.8472546728972,3.58933595350533
gain_x1.5,exposure_gain,1.5,000000000208.jpg,0,0,1,0.0,92.69439987838268,616.7239841077063,184.820126953125,9.966145833333332,7.328525002158684
gain_x1.5,exposure_gain,1.5,000000000241.jpg,5,4,0,2.876768082380295,95.58469988405704,2671.983629571184,131.64212565104165,1.7408854166666667,7.70741480992705
gain_x1.5,exposure_gain,1.5,000000000247.jpg,6,1,0,0.7993329763412476,118.09490015730262,4129.516382640704,164.1637529481132,12.197449882075471,7.274925101305584
gain_x1.5,exposure_gain,1.5,000000000250.jpg,0,0,0,0.0,98.11880008783191,4728.202430554029,159.295537109375,11.615559895833332,7.504172887215776
gain_x1.5,exposure_gain,1.5,000000000257.jpg,27,15,9,7.044090300798416,99.3288999889046,5085.2669368048355,190.51097005208334,29.2978515625,6.72249896683795
gain_x1.5,exposure_gain,1.5,000000000260.jpg,4,3,0,2.2893550395965576,95.4351999098435,2138.4183296831607,96.28885285285286,6.357957957957957,7.332725968728495
gain_x1.5,exposure_gain,1.5,000000000263.jpg,0,0,0,0.0,149.45889986120164,383.6087171138878,167.51626744923857,14.500581641285956,7.167118216407627
gain_x1.5,exposure_gain,1.5,000000000283.jpg,0,0,0,0.0,114.65899995528162,1060.471300540124,151.48725540303738,21.6727511682243,7.05886631075352
gain_x1.5,exposure_gain,1.5,000000000294.jpg,1,1,0,0.9212926030158997,92.56210003513843,1786.7694771905578,84.44033957845433,1.5010245901639345,7.23684969265516
gain_x1.5,exposure_gain,1.5,000000000307.jpg,1,1,0,0.43098580837249756,92.12719998322427,10257.42998739445,178.11942057291665,3.9915364583333335,7.412837057085
gain_x1.5,exposure_gain,1.5,000000000308.jpg,7,5,2,3.419304758310318,85.39779984857887,3570.0354054392733,172.23914686032865,33.50205399061033,6.501218011247781
gain_x1.5,exposure_gain,1.5,000000000309.jpg,0,0,0,0.0,126.05329987127334,4952.817310219136,125.59364722222222,6.064166666666667,7.802988984002674
gain_x1.5,exposure_gain,1.5,000000000312.jpg,0,0,0,0.0,84.14679998531938,15738.306670894748,142.25621706674474,16.345506440281028,7.354306352695244
gain_x1.5,exposure_gain,1.5,000000000315.jpg,13,3,1,2.106487512588501,82.92039996013045,1751.7063496769656,207.40606703747073,44.93340163934426,6.005640457543427
gain_x1.5,exposure_gain,1.5,000000000321.jpg,0,0,0,0.0,88.87369988951832,1103.4890673134696,185.61865559895833,27.698567708333332,6.8719547208801774
gain_x1.5,exposure_gain,1.5,000000000322.jpg,1,1,0,0.9123440980911255,93.84879982098937,491.99868689447976,37.35560031185031,0.014617983367983369,6.422186125255272
gain_x1.5,exposure_gain,1.5,000000000326.jpg,1,1,0,0.7885194420814514,82.39280013367534,938.5690534949737,46.11703015222482,4.947306791569087,6.0383675037847775
gain_x1.5,exposure_gain,1.5,000000000328.jpg,4,3,0,2.635487377643585,99.30999984499067,6165.056437189703,162.01326374745418,48.803144093686356,4.5554343662663825
gain_x1.5,exposure_gain,1.5,000000000332.jpg,0,0,0,0.0,91.54210006818175,860.454311447133,168.10576822916667,9.9345703125,7.5855477336979735
gain_x1.5,exposure_gain,1.5,000000000338.jpg,2,2,0,1.7360178232192993,71.27980003133416,3381.226972178878,161.54742928134556,22.981173547400612,7.003767099662117
gain_x1.5,exposure_gain,1.5,000000000349.jpg,0,0,0,0.0,88.68260018061846,320.2384309183333,155.81842447916668,28.445963541666668,6.204550596038988
gain_x1.5,exposure_gain,1.5,000000000357.jpg,13,8,2,5.543667167425156,54.17659995146096,2597.10982176748,203.47191083715597,2.96875,6.551527922378764
gain_x1.5,exposure_gain,1.5,000000000359.jpg,4,3,1,1.6851918697357178,83.62799999304116,2141.059179178981,133.4233373493976,42.57168674698795,3.7030088495750024
gain_x1.5,exposure_gain,1.5,000000000360.jpg,2,0,2,0.0,92.00949990190566,9210.604754585913,216.79321066666665,60.81013333333334,4.0186089124615
gain_x1.5,exposure_gain,1.5,000000000368.jpg,12,7,2,3.3537182807922363,88.28110003378242,21104.42556044887,137.22219401041667,6.419270833333333,7.8614973406459185
gain_x1.5,exposure_gain,1.5,000000000370.jpg,1,1,0,0.8665944337844849,88.93699990585446,306.3770468999121,126.32489908854167,12.923177083333334,7.549959245605702
gain_x1.5,exposure_gain,1.5,000000000382.jpg,1,1,2,0.8293297290802002,88.65769999101758,1448.861480373637,197.19853515625,50.54752604166667,4.808992400509618
gain_x1.5,exposure_gain,1.5,000000000384.jpg,0,0,0,0.0,86.71869989484549,546.6669501872881,115.65646720852018,8.28650504484305,7.324946939986893
gain_x1.5,exposure_gain,1.5,000000000387.jpg,0,0,0,0.0,187.56560003384948,1399.8108389434392,150.43666341145834,19.222005208333336,7.060895978400431
gain_x1.5,exposure_gain,1.5,000000000389.jpg,12,6,2,4.668866395950317,83.7230000179261,1880.0629518923333,99.8679296875,17.668619791666668,6.8051450483571925
gain_x1.5,exposure_gain,1.5,000000000394.jpg,0,0,0,0.0,109.41959999036044,2186.789488271294,166.36913870703765,28.700388707037643,6.307163904451847
gain_x1.5,exposure_gain,1.5,000000000395.jpg,11,6,3,4.088723719120026,106.60600010305643,1082.4465319310318,135.14280711206897,13.02667025862069,7.516784697338167
gain_x1.5,exposure_gain,1.5,000000000397.jpg,1,0,0,0.0,93.58390013221651,514.5892181894515,145.29979166666666,1.5042317708333335,7.740833799979559
gain_x1.5,exposure_gain,1.5,000000000400.jpg,0,0,0,0.0,114.81500021182,1063.9763877813848,175.5224799177116,38.4203565830721,5.942417990796331
gain_x1.5,exposure_gain,1.5,000000000404.jpg,0,0,0,0.0,84.33199988212436,2863.4761639774665,151.51162338615023,5.390991784037559,7.723718674727577
gain_x1.5,exposure_gain,1.5,000000000415.jpg,1,1,0,0.9372671842575073,77.5302000110969,671.0696644965357,145.29737987465182,2.097405988857939,7.075133676370458
gain_x1.5,exposure_gain,1.5,000000000419.jpg,5,2,0,1.6887226104736328,90.6167000066489,5041.099005289035,138.054990234375,8.514973958333332,7.097240862803864
gain_x1.5,exposure_gain,1.5,000000000428.jpg,1,1,0,0.9417513608932495,87.34919992275536,489.4662194353268,208.2540234375,19.75954861111111,6.663414660666238
gain_x1.5,exposure_gain,1.5,000000000431.jpg,1,1,0,0.906848132610321,75.65590005833656,1208.7454898397739,118.51642834190231,3.6327120822622105,7.186659595739929
gain_x1.5,exposure_gain,1.5,000000000436.jpg,1,1,0,0.9082841277122498,85.96239995677024,496.5926966281056,133.75745023419205,11.036665690866512,7.586466029629523
gain_x1.5,exposure_gain,1.5,000000000438.jpg,0,0,0,0.0,94.7269001044333,2897.9696747556895,121.1565234375,13.281901041666666,7.496473821711462
gain_x1.5,exposure_gain,1.5,000000000443.jpg,3,1,1,0.42960578203201294,91.1921999650076,463.17053125661215,139.651611328125,12.527994791666666,7.544016040390135
gain_x1.5,exposure_gain,1.5,000000000446.jpg,1,1,0,0.8678749203681946,95.1395999873057,930.1605760494232,60.317164713541665,3.6959635416666665,6.874430130537596
gain_x1.5,exposure_gain,1.5,000000000450.jpg,0,0,0,0.0,96.1549001513049,746.3186876335038,147.502353515625,1.6315104166666667,7.770485216446502
gain_x1.5,exposure_gain,1.5,000000000459.jpg,1,1,0,0.9297773241996765,99.93080014828593,658.5322243860434,119.47251998546511,4.610586240310077,7.489818608524909
gain_x1.5,exposure_gain,1.5,000000000471.jpg,2,1,0,0.9169389009475708,82.34649989753962,1910.0007939838788,218.93758782201405,64.83789519906324,3.964459166394802
gain_x1.5,exposure_gain,1.5,000000000472.jpg,0,0,0,0.0,57.84919997677207,326.27084452690406,171.68035121681416,0.20395464601769914,5.976628599846168
gain_x1.5,exposure_gain,1.5,000000000474.jpg,1,1,0,0.883143961429596,95.55730002466589,4263.449443218895,171.93086486486487,10.629429429429429,7.082174653646928
gain_x1.5,exposure_gain,1.5,000000000486.jpg,0,0,0,0.0,80.04010014701635,3838.4820923924244,160.318643881733,15.166495901639344,7.578254525271555
gain_x1.5,exposure_gain,1.5,000000000488.jpg,6,5,0,3.7292784452438354,81.64560003206134,3523.7436867871793,207.32150169334975,34.99653633004926,5.952479216487034
gain_x1.5,exposure_gain,1.5,000000000490.jpg,0,0,0,0.0,113.10200009029359,1193.0133534047382,87.98380202020202,0.9034343434343435,7.443740353888189
gain_x1.5,exposure_gain,1.5,000000000491.jpg,0,0,0,0.0,83.63849995657802,1623.19676457557,170.04856869009583,21.44664536741214,7.104376383829431
gain_x1.5,exposure_gain,1.5,000000000502.jpg,0,0,0,0.0,83.7963999947533,8148.508284003384,196.65847848360656,33.969555035128806,6.345382797607391
gain_x1.5,exposure_gain,1.5,000000000508.jpg,0,0,0,0.0,93.38729991577566,1777.220772536214,193.85593424479165,51.52408854166667,5.107710491675976
gain_x1.5,exposure_gain,1.5,000000000510.jpg,2,1,0,0.928295373916626,100.86139990016818,6685.706400257704,175.78566731770835,32.0439453125,6.553675440810199
gain_x1.5,exposure_gain,1.5,000000000514.jpg,0,0,0,0.0,82.38120004534721,304.44559735212914,117.25916666666667,3.6888020833333335,7.665428172809659
gain_x1.5,exposure_gain,1.5,000000000520.jpg,3,1,0,0.32707905769348145,106.92159994505346,4654.7518306891125,166.47504231770833,30.319661458333336,6.484130538361529
gain_x1.5,exposure_gain,1.5,000000000529.jpg,3,2,0,1.6840715408325195,85.18999989610165,7864.017761049181,167.8738912470726,34.55247365339578,6.604841357319163
gain_x1.5,exposure_gain,1.5,000000000531.jpg,11,7,1,3.842274457216263,90.94509994611144,2442.78664823531,153.33542317708333,5.957682291666667,7.663483852776035
gain_x1.5,exposure_gain,1.5,000000000532.jpg,6,4,1,3.108893930912018,89.26409983541816,6110.608752476999,152.57775065104167,19.527018229166668,6.951154730752423
gain_x1.5,exposure_gain,1.5,000000000536.jpg,3,3,0,2.710404396057129,89.73910007625818,1527.657938071417,125.12136612457483,0.7825786564625851,7.426378593360413
gain_x1.5,exposure_gain,1.5,000000000540.jpg,19,0,0,0.0,82.8086999244988,6490.9601043701205,185.01471323529412,20.73639705882353,7.0005964341526425
gain_x1.5,exposure_gain,1.5,000000000542.jpg,12,7,1,5.075587332248688,93.52560003753752,2957.8433195621187,207.92837357954545,69.62067407024793,3.1597737358549813
gain_x1.5,exposure_gain,1.5,000000000544.jpg,13,9,0,4.9740729331970215,81.86720008961856,17725.4566007519,113.83589724824355,4.542593676814988,7.663711473336575
gain_x1.5,exposure_gain,1.5,000000000560.jpg,0,0,0,0.0,83.71540007647127,6586.508815556638,174.7779333890747,21.43952062430323,7.223643434640071
gain_x1.5,exposure_gain,1.5,000000000562.jpg,0,0,0,0.0,82.61910011060536,34.99264398671226,170.00734707446807,1.253693853427896,6.915737612028935
gain_x1.5,exposure_gain,1.5,000000000564.jpg,2,2,0,1.2163792550563812,96.83539986144751,2036.1994545348039,70.32380108173076,5.9326923076923075,5.79975043623916
gain_x1.5,exposure_gain,1.5,000000000569.jpg,1,1,0,0.8191690444946289,92.29599998798221,2975.977092164262,186.78485026041668,22.346354166666664,6.870362183053499
gain_x1.5,exposure_gain,1.5,000000000572.jpg,2,2,0,1.5964995622634888,83.40679993852973,899.7745238826517,101.56980386416862,2.230679156908665,7.6953744219255436
gain_x1.5,exposure_gain,1.5,000000000575.jpg,0,0,0,0.0,94.13399989716709,44847.94065414669,138.66599658869396,9.319870857699804,7.738188958976971
gain_x1.5,exposure_gain,1.5,000000000581.jpg,0,0,0,0.0,107.18209994956851,1171.7975008246583,168.06223255813953,46.18012684989429,5.554047796790605
gain_x1.5,exposure_gain,1.5,000000000584.jpg,0,0,0,0.0,83.91539985314012,924.391397917596,164.36503447769954,26.379841549295772,7.137744748378385
gain_x1.5,exposure_gain,1.5,000000000589.jpg,1,1,0,0.9113065600395203,87.27360004559159,1058.7161718260024,48.89023763020833,0.5338541666666666,6.624744198016454
gain_x1.5,exposure_gain,1.5,000000000590.jpg,0,0,0,0.0,98.28229993581772,5149.612018678416,235.897902200489,76.16674816625917,2.8596993413935916
gain_x1.5,exposure_gain,1.5,000000000595.jpg,0,0,0,0.0,88.6227999581024,14469.318378179667,176.03313802083332,34.669921875,6.143019659322802
gain_x1.5,exposure_gain,1.5,000000000597.jpg,0,0,0,0.0,58.19470004644245,4236.934520504661,169.61563130040324,30.144909274193548,6.79557338203635
gain_x1.5,exposure_gain,1.5,000000000599.jpg,0,0,0,0.0,91.64379991125315,6247.8267932568915,83.71009674447174,3.964603808353808,7.5181615797804415
gain_x1.5,exposure_gain,1.5,000000000605.jpg,0,0,0,0.0,167.70589991938323,6568.698776138263,161.299755859375,13.106119791666668,7.464043689204479
gain_x1.5,exposure_gain,1.5,000000000612.jpg,0,0,0,0.0,117.94880020897835,7469.542753871282,132.50799479166668,11.46875,7.597793622921332
gain_x1.5,exposure_gain,1.5,000000000620.jpg,0,0,0,0.0,89.90979986265302,1029.9109283268292,142.67274088541666,18.576497395833332,7.178834658703398
gain_x1.5,exposure_gain,1.5,000000000623.jpg,1,1,2,0.3926123082637787,92.47459983453155,1180.0633483813263,139.91411733333334,15.363733333333332,7.560105622806994
gain_x1.5,exposure_gain,1.5,000000000625.jpg,3,3,0,2.712477207183838,82.65380002558231,4807.403706513081,159.91038046524665,5.218609865470851,7.604256680270803
gain_x1.5,exposure_gain,1.5,000000000626.jpg,0,0,0,0.0,91.26830019522458,1428.2350433283382,112.98886067708334,26.0263671875,6.274418680584736
gain_x1.5,exposure_gain,1.5,000000000629.jpg,1,1,0,0.938103199005127,86.32320002652705,7887.3016013805545,190.06675204918034,39.08628512880562,6.084506769496752
gain_x1.5,exposure_gain,1.5,000000000634.jpg,5,5,0,3.0171753466129303,102.89239999838173,1564.5911734794572,152.77669789227167,38.44042740046839,5.319772739873463
gain_x1.5,exposure_gain,1.5,000000000636.jpg,0,0,0,0.0,132.830600021407,1710.2003836537574,148.14029947916666,10.143880208333334,7.638558728821935
gain_x1.5,exposure_gain,1.5,000000000641.jpg,12,2,2,1.2422973811626434,86.14740008488297,4485.931551704617,183.95338419976636,26.446772780373834,6.590962857939751
gain_x1.5,exposure_gain,1.5,000000000643.jpg,0,0,0,0.0,94.20919988770038,2235.47361092298,151.49825066666668,10.098133333333333,7.651818745282435
gain_x1.5,exposure_gain,1.5,000000000650.jpg,1,1,0,0.659705400466919,85.31170000787824,1262.319782635159,163.99471970140516,26.286226580796253,6.465373085396016
gain_x2.5,exposure_gain,2.5,000000000009.jpg,0,0,0,0.0,88.77259981818497,3020.1206807064054,183.36678059895834,24.1455078125,6.611671135327381
gain_x2.5,exposure_gain,2.5,000000000025.jpg,0,0,0,0.0,83.03360000718385,11850.834358711636,193.24644953051643,23.834727112676056,6.800662903719726
gain_x2.5,exposure_gain,2.5,000000000030.jpg,0,0,0,0.0,80.76620008796453,992.5437024737033,215.07489778037385,54.79738609813084,4.556556416222325
gain_x2.5,exposure_gain,2.5,000000000034.jpg,0,0,0,0.0,82.1409000782296,13569.113607322177,199.10047794117648,21.465441176470588,6.590287416818468
gain_x2.5,exposure_gain,2.5,000000000036.jpg,1,1,0,0.7434518337249756,95.32199997920543,3826.0512560047086,232.79732328482328,62.89468555093555,3.8061539928394765
gain_x2.5,exposure_gain,2.5,000000000042.jpg,0,0,0,0.0,85.65849997103214,1087.835295234352,201.52202863493724,51.03719926778243,5.045396964363739
gain_x2.5,exposure_gain,2.5,000000000049.jpg,6,3,2,1.4585461914539337,97.98909991513938,9330.470769898004,215.5710498687664,49.60682414698162,4.883450875262115
gain_x2.5,exposure_gain,2.5,000000000061.jpg,3,0,0,0.0,98.53039996232837,25156.30229892418,218.3853515625,63.559490266393446,4.085105255807168
gain_x2.5,exposure_gain,2.5,000000000064.jpg,2,1,1,0.5754379630088806,90.7405000180006,5015.215868380695,200.7922265625,52.66601562499999,4.688762949118672
gain_x2.5,exposure_gain,2.5,000000000071.jpg,15,1,0,0.37523484230041504,78.87549989391118,9774.945557173365,208.50703125,53.220730633802816,4.859310402927675
gain_x2.5,exposure_gain,2.5,000000000072.jpg,0,0,0,0.0,83.08749995194376,12010.737972699762,176.05181864754098,23.447014051522245,6.994724125733471
gain_x2.5,exposure_gain,2.5,000000000073.jpg,2,1,0,0.4883139133453369,103.43089990783483,14097.929121432278,212.76214325221238,57.94220132743363,4.435005493092327
gain_x2.5,exposure_gain,2.5,000000000074.jpg,7,5,1,2.9098866283893585,82.55500008817762,1444.5479325759106,227.48196889671362,73.85233274647888,3.1896849202463735
gain_x2.5,exposure_gain,2.5,000000000077.jpg,5,3,3,1.9566668272018433,90.53439984563738,11001.051005059384,198.12611733333333,47.659733333333335,5.281205311934317
gain_x2.5,exposure_gain,2.5,000000000078.jpg,0,0,0,0.0,110.58320000302047,1277.0538311754563,232.65420618138322,73.83618480071767,3.095402302052049
gain_x2.5,exposure_gain,2.5,000000000081.jpg,0,0,0,0.0,84.05990002211183,1176.9684889705748,237.67826470588236,83.77316176470589,1.900997532751255
gain_x2.5,exposure_gain,2.5,000000000086.jpg,2,0,1,0.0,92.69169997423887,7878.308692763894,176.4403839111328,42.84454345703125,4.839139157286152
gain_x2.5,exposure_gain,2.5,000000000089.jpg,0,0,0,0.0,81.083899945952,1429.3567712137433,176.60104817708333,39.10221354166667,6.00458576530923
gain_x2.5,exposure_gain,2.5,000000000092.jpg,0,0,0,0.0,77.29300006758422,1016.6014188684023,207.58998463114753,54.248024004683835,4.756663607688809
gain_x2.5,exposure_gain,2.5,000000000094.jpg,2,2,3,1.2108743488788605,79.76210000924766,8502.173675351236,211.27644906323184,59.29376463700235,4.529132768334372
gain_x2.5,exposure_gain,2.5,000000000109.jpg,5,3,2,1.441977620124817,78.28540005721152,12173.475528015031,212.3928936298077,54.55341045673077,4.658224492793558
gain_x2.5,exposure_gain,2.5,000000000110.jpg,10,5,2,3.2978752851486206,86.51679998729378,1690.4900494882795,183.48346028645832,46.421875,5.497136332930692
gain_x2.5,exposure_gain,2.5,000000000113.jpg,3,2,0,1.1195682287216187,77.4434000486508,3136.319565501016,211.54806189903846,64.9834735576923,3.7988157841703503
gain_x2.5,exposure_gain,2.5,000000000127.jpg,1,0,0,0.0,92.55669987760484,3947.000566613837,162.4027221933472,37.01468295218295,5.871710002639324
gain_x2.5,exposure_gain,2.5,000000000133.jpg,0,0,0,0.0,89.2529000993818,1168.4371305526627,229.66626627604165,57.9501953125,4.553899772249347
gain_x2.5,exposure_gain,2.5,000000000136.jpg,2,2,0,1.4377989172935486,93.08479994069785,2089.1165342760733,203.9514973262032,54.00909090909091,5.113422855204861
gain_x2.5,exposure_gain,2.5,000000000138.jpg,0,0,0,0.0,104.93130004033446,5535.539817844677,196.23884707678883,47.79532068062827,5.651369464833069
gain_x2.5,exposure_gain,2.5,000000000142.jpg,0,0,0,0.0,106.06009990442544,487.39211587587994,171.95159505208332,36.945963541666664,6.207399584152419
gain_x2.5,exposure_gain,2.5,000000000143.jpg,0,0,0,0.0,96.03389992844313,189.0337732906222,251.20413333333335,88.376,1.329980322267641
gain_x2.5,exposure_gain,2.5,000000000144.jpg,0,0,0,0.0,91.00080002099276,25498.750576597595,212.24350260416668,50.904296875,5.060708761856025
gain_x2.5,exposure_gain,2.5,000000000149.jpg,16,2,1,0.565887987613678,84.76680016610771,3198.308349037767,224.8091304030374,66.92610981308411,3.439776239307191
gain_x2.5,exposure_gain,2.5,000000000151.jpg,1,0,1,0.0,88.62910023890436,8184.347897520447,211.34694661458335,51.62923177083333,5.123409811163377
gain_x2.5,exposure_gain,2.5,000000000154.jpg,0,0,0,0.0,89.31429986841977,7063.856530861824,200.96881586651054,20.408738290398126,6.91417548995226
gain_x2.5,exposure_gain,2.5,000000000164.jpg,0,0,0,0.0,86.66019991505891,2349.8883234748732,229.411845703125,71.728515625,3.403636241201349
gain_x2.5,exposure_gain,2.5,000000000165.jpg,2,2,1,1.1785332560539246,93.39489985723048,3746.1366831706696,170.2118062033582,41.96740904850746,5.659948540488723
gain_x2.5,exposure_gain,2.5,000000000192.jpg,4,4,0,3.267404317855835,90.48230003099889,868.4605637571547,233.67994791666666,32.445963541666664,5.177873631568935
gain_x2.5,exposure_gain,2.5,000000000194.jpg,0,0,0,0.0,89.87540006637573,1172.9734829538559,203.06250651041665,17.357747395833336,6.6910020053945995
gain_x2.5,exposure_gain,2.5,000000000196.jpg,0,0,0,0.0,92.36069989856333,6363.586568430201,179.00498046875,27.552083333333332,6.895496741708041
gain_x2.5,exposure_gain,2.5,000000000201.jpg,2,0,0,0.0,85.24489996489137,8281.473637044019,225.20465464369158,77.13821553738318,2.667592437449526
gain_x2.5,exposure_gain,2.5,000000000208.jpg,0,0,1,0.0,92.85520005505532,593.3917626444074,230.72510416666665,67.099609375,3.933846812780831
gain_x2.5,exposure_gain,2.5,000000000241.jpg,5,4,1,2.9417983889579773,92.58849988691509,4635.301019893222,194.78578450520834,32.939778645833336,6.692238860797978
gain_x2.5,exposure_gain,2.5,000000000247.jpg,6,1,1,0.8003178238868713,84.1966001316905,4952.354117019005,202.8020378832547,62.448776533018865,4.089208259959761
gain_x2.5,exposure_gain,2.5,000000000250.jpg,0,0,0,0.0,90.06560000125319,5273.58706833496,198.545185546875,50.91992187499999,4.769296230548068
gain_x2.5,exposure_gain,2.5,000000000257.jpg,27,14,3,6.6132180988788605,93.19490008056164,6714.0556380174,221.19580078125,71.3056640625,3.302626091041127
gain_x2.5,exposure_gain,2.5,000000000260.jpg,4,3,0,2.289284646511078,85.54959995672107,4026.7880405044684,143.50751951951952,16.056456456456456,7.128930097544336
gain_x2.5,exposure_gain,2.5,000000000263.jpg,0,0,0,0.0,107.80769994016737,354.03647819063684,224.50189033417936,57.439720812182735,4.302697022966797
gain_x2.5,exposure_gain,2.5,000000000283.jpg,0,0,0,0.0,91.98959998320788,1303.6955885302946,196.09601343457945,45.42640186915888,5.388302852115201
gain_x2.5,exposure_gain,2.5,000000000294.jpg,1,1,0,0.9092925786972046,83.62299995496869,2945.868201603829,117.97122365339578,26.08496779859485,6.272545967033803
gain_x2.5,exposure_gain,2.5,000000000307.jpg,1,0,0,0.0,84.42450012080371,5549.142813677883,223.67955403645834,14.866536458333332,6.120446079627238
gain_x2.5,exposure_gain,2.5,000000000308.jpg,7,4,1,2.791473776102066,78.4553000703454,3747.716181384789,204.83931191314554,54.83311326291079,4.712170336877808
gain_x2.5,exposure_gain,2.5,000000000309.jpg,0,0,0,0.0,104.75719999521971,6021.418753546173,157.95776666666666,14.314166666666667,7.2885092262292215
gain_x2.5,exposure_gain,2.5,000000000312.jpg,0,0,0,0.0,77.25859992206097,15134.992275621738,187.0102056498829,37.473287470726,6.123155545212207
gain_x2.5,exposure_gain,2.5,000000000315.jpg,13,3,1,1.4213376343250275,85.44450008776039,1969.4340790546808,232.53983094262296,67.1219994145199,3.5654083491871704
gain_x2.5,exposure_gain,2.5,000000000321.jpg,0,0,0,0.0,100.01789999660105,1481.7131988459162,223.89882486979167,61.12695312500001,4.119338756792005
gain_x2.5,exposure_gain,2.5,000000000322.jpg,1,1,0,0.9382900595664978,95.67489998880774,1259.155305621165,62.09434771309771,0.20107848232848233,7.047924670539942
gain_x2.5,exposure_gain,2.5,000000000326.jpg,1,1,1,0.48934251070022583,83.10459984932095,1392.594496461196,60.22071867681499,12.384733606557377,5.946576746787998
gain_x2.5,exposure_gain,2.5,000000000328.jpg,4,3,0,2.584245979785919,91.80689987260848,7017.987082851391,177.4730397148676,59.205702647657844,3.4773232408341244
gain_x2.5,exposure_gain,2.5,000000000332.jpg,0,0,0,0.0,88.92619994003326,1265.399188877858,217.596748046875,42.296875,5.706238829084819
gain_x2.5,exposure_gain,2.5,000000000338.jpg,2,2,0,1.6258824467658997,69.4997999817133,4503.291180793648,199.26744074923548,58.86228975535168,4.564438823212536
gain_x2.5,exposure_gain,2.5,000000000349.jpg,0,0,0,0.0,88.9852000400424,313.7338806945377,200.5503515625,41.017252604166664,5.411139607865267
gain_x2.5,exposure_gain,2.5,000000000357.jpg,13,8,3,5.351904660463333,59.94570010807365,2831.9220575935456,228.07613245412844,9.549885321100918,4.537271772814446
gain_x2.5,exposure_gain,2.5,000000000359.jpg,4,3,0,1.7704098224639893,85.80649993382394,3208.2644514933586,140.52936746987953,51.44939759036144,2.811315995424291
gain_x2.5,exposure_gain,2.5,000000000360.jpg,2,1,0,0.26638326048851013,89.57559999544173,7967.3780881406865,242.12167466666668,85.18346666666666,1.850935923166717
gain_x2.5,exposure_gain,2.5,000000000368.jpg,12,5,3,2.1048460006713867,86.98200015351176,24052.996665159597,184.91259765625,20.46484375,7.028099435556395
gain_x2.5,exposure_gain,2.5,000000000370.jpg,1,1,0,0.8304113745689392,87.08119997754693,398.78714192495346,171.41440104166668,28.270833333333336,6.708438281967491
gain_x2.5,exposure_gain,2.5,000000000382.jpg,1,1,2,0.8408689498901367,89.3631000071764,1598.5546643964026,226.64507486979167,64.8828125,3.5562442130906886
gain_x2.5,exposure_gain,2.5,000000000384.jpg,0,0,0,0.0,82.13529991917312,898.1765274651403,171.90792811098655,23.794492713004484,6.806385013502687
gain_x2.5,exposure_gain,2.5,000000000387.jpg,0,0,0,0.0,109.20030018314719,2036.1923185064954,195.07478515625,32.23046875,6.24844568822264
gain_x2.5,exposure_gain,2.5,000000000389.jpg,12,6,3,4.372496485710144,85.808000061661,2386.517843390401,129.07960286458334,24.945963541666664,6.618579573600732
gain_x2.5,exposure_gain,2.5,000000000394.jpg,0,0,0,0.0,111.721400055103,2477.3166136679433,209.01081730769232,35.64392389525368,5.7274573721457624
gain_x2.5,exposure_gain,2.5,000000000395.jpg,11,7,2,4.24330860376358,107.76370007079095,1652.8010664841659,171.182734375,34.56681034482759,6.217426829289147
gain_x2.5,exposure_gain,2.5,000000000397.jpg,1,0,0,0.0,84.66140017844737,616.2722064510345,187.8102734375,16.483072916666668,7.126068447215371
gain_x2.5,exposure_gain,2.5,000000000400.jpg,0,0,0,0.0,108.92459994647652,1355.3501717400857,203.5056009992163,62.22962382445141,3.9686223508303535
gain_x2.5,exposure_gain,2.5,000000000404.jpg,0,0,0,0.0,83.23720004409552,4633.030338532572,202.14676496478873,31.28044307511737,6.197036656531639
gain_x2.5,exposure_gain,2.5,000000000415.jpg,1,1,0,0.9316598773002625,76.43390004523098,929.2594268464435,203.68473189415042,46.63387883008356,5.095435479534506
gain_x2.5,exposure_gain,2.5,000000000419.jpg,5,2,0,1.4795172214508057,85.49420011695474,4479.6513669025,204.60524088541666,27.946614583333336,6.3675393546673185
gain_x2.5,exposure_gain,2.5,000000000428.jpg,1,1,1,0.8926032781600952,74.38780006486923,583.5494611538359,245.93667100694444,76.13107638888889,2.6752739419401292
gain_x2.5,exposure_gain,2.5,000000000431.jpg,1,1,0,0.8918921947479248,79.69659985974431,1815.2961995267924,183.14074550128535,11.401429948586118,7.1731112788837414
gain_x2.5,exposure_gain,2.5,000000000436.jpg,1,1,0,0.8953195810317993,84.59499990567565,751.8303622415987,171.39347555620608,30.92286299765808,6.439778670477191
gain_x2.5,exposure_gain,2.5,000000000438.jpg,0,0,0,0.0,86.16199996322393,4220.982277370357,162.968017578125,24.6318359375,6.873295866658841
gain_x2.5,exposure_gain,2.5,000000000443.jpg,3,2,1,0.7056128978729248,86.49189991410822,783.631703501002,183.91872721354167,34.825846354166664,6.279523896208759
gain_x2.5,exposure_gain,2.5,000000000446.jpg,1,1,0,0.2756025791168213,87.58289995603263,1641.2983560757004,88.70587239583334,12.208984375,6.817577075659139
gain_x2.5,exposure_gain,2.5,000000000450.jpg,0,0,0,0.0,91.6605000384152,968.4224041088422,200.32751302083332,35.608072916666664,6.0865452780843885
gain_x2.5,exposure_gain,2.5,000000000459.jpg,1,1,0,0.8780954480171204,100.80699995160103,1025.6826808679805,155.0254754118217,28.844173934108525,6.525461198752872
gain_x2.5,exposure_gain,2.5,000000000471.jpg,2,1,0,0.9232403635978699,85.02810006029904,2105.818015341119,234.74547350702576,75.38824648711943,2.673740077631428
gain_x2.5,exposure_gain,2.5,000000000472.jpg,0,0,0,0.0,59.978999895974994,397.5288301147968,230.4147400442478,80.96584623893806,3.658784425398289
gain_x2.5,exposure_gain,2.5,000000000474.jpg,1,1,0,0.8802531957626343,90.41549998801202,2488.3603621008756,227.1226906906907,30.403603603603603,5.689014578290381
gain_x2.5,exposure_gain,2.5,000000000486.jpg,0,0,0,0.0,94.61609984282404,4597.848541292659,201.327268735363,37.86519320843092,6.044845227370027
gain_x2.5,exposure_gain,2.5,000000000488.jpg,6,4,1,3.30788916349411,99.73759995773435,2453.9820846223997,242.66953894704434,77.58081896551724,3.035090296991654
gain_x2.5,exposure_gain,2.5,000000000490.jpg,0,0,0,0.0,119.40079997293651,2071.9646744236547,125.22139393939393,18.525656565656565,6.900881658287741
gain_x2.5,exposure_gain,2.5,000000000491.jpg,0,0,0,0.0,80.97829995676875,1823.0445583599303,212.92705431309903,60.78466453674122,4.444352531723675
gain_x2.5,exposure_gain,2.5,000000000502.jpg,0,0,0,0.0,85.56709997355938,3788.3992608270432,226.82496706674473,77.4162031615925,2.712906296565886
gain_x2.5,exposure_gain,2.5,000000000508.jpg,0,0,0,0.0,86.53380000032485,2536.2129665851166,212.175986328125,73.55045572916666,2.9348374064281897
gain_x2.5,exposure_gain,2.5,000000000510.jpg,2,1,0,0.9302377700805664,90.76910000294447,8811.169321852622,211.49650390625,57.41145833333333,4.48097668300902
gain_x2.5,exposure_gain,2.5,000000000514.jpg,0,0,0,0.0,73.39770009275526,471.97203586966435,170.18164496527777,8.273871527777779,7.333867409610258
gain_x2.5,exposure_gain,2.5,000000000520.jpg,3,0,0,0.0,88.44139997381717,7559.000180891928,201.186806640625,66.474609375,3.581457078102849
gain_x2.5,exposure_gain,2.5,000000000529.jpg,3,2,0,1.506053864955902,88.3121001534164,10202.315966316586,198.74776785714286,54.52576112412177,4.747442562787285
gain_x2.5,exposure_gain,2.5,000000000531.jpg,11,3,1,2.044625222682953,115.79799989704043,2402.6475130589697,203.35252604166666,28.9140625,6.2513498698519685
gain_x2.5,exposure_gain,2.5,000000000532.jpg,6,4,1,2.7642017900943756,87.34030008781701,4944.4388910833995,203.71841796875,43.88020833333333,5.626273640902948
gain_x2.5,exposure_gain,2.5,000000000536.jpg,3,3,0,2.535608470439911,112.2336998814717,2713.6877465681277,187.14907525510205,41.204958545918366,5.77396566040413
gain_x2.5,exposure_gain,2.5,000000000540.jpg,19,0,0,0.0,89.4374999916181,5402.152532139044,229.62154779411765,66.11507352941176,3.820849048087262
gain_x2.5,exposure_gain,2.5,000000000542.jpg,12,7,0,4.908029615879059,100.81999993417412,3718.5360719538917,220.54801136363636,78.27188791322314,2.1953589605377584
gain_x2.5,exposure_gain,2.5,000000000544.jpg,13,8,0,4.713913947343826,86.35760005563498,26083.784472590964,167.75787104800938,18.473726580796253,7.13855550348164
gain_x2.5,exposure_gain,2.5,000000000560.jpg,0,0,0,0.0,85.53329983260483,5684.126651547328,213.07454013377927,49.719202898550726,5.1489424708303275
gain_x2.5,exposure_gain,2.5,000000000562.jpg,0,0,0,0.0,92.03609998803586,37.70776955153126,242.03514701536642,56.314273049645394,4.564664134810347
gain_x2.5,exposure_gain,2.5,000000000564.jpg,2,1,0,0.7335333228111267,125.65220007672906,2990.0872265577236,88.37028846153846,18.272836538461537,5.190604288681683
gain_x2.5,exposure_gain,2.5,000000000569.jpg,1,0,0,0.0,212.8716999432072,4485.476000992457,221.74783203125,66.77180989583333,3.4984200596559516
gain_x2.5,exposure_gain,2.5,000000000572.jpg,2,2,0,1.0412636697292328,114.71889994572848,1626.7121046775335,144.7993962236534,12.218969555035128,7.506232183348359
gain_x2.5,exposure_gain,2.5,000000000575.jpg,0,0,0,0.0,104.21919997315854,44361.4108377096,175.22381822612087,25.536366959064328,6.874482230975483
gain_x2.5,exposure_gain,2.5,000000000581.jpg,0,0,0,0.0,109.1520000481978,1531.6920877220389,193.03198308668075,56.05623678646935,4.462287363131586
gain_x2.5,exposure_gain,2.5,000000000584.jpg,0,0,0,0.0,84.49589996598661,1577.8769698174945,189.6147373826291,39.582966549295776,5.840394800467578
gain_x2.5,exposure_gain,2.5,000000000589.jpg,1,1,0,0.8873478770256042,90.32520011533052,1852.3514990114738,78.52162760416667,1.9078776041666665,6.932453101219016
gain_x2.5,exposure_gain,2.5,000000000590.jpg,0,0,0,0.0,118.69999999180436,3236.894675161052,246.64533496332518,92.93105134474328,1.0073252419018697
gain_x2.5,exposure_gain,2.5,000000000595.jpg,0,0,0,0.0,103.23560005053878,14254.522031030008,215.53878255208335,55.805013020833336,4.56227126819483
gain_x2.5,exposure_gain,2.5,000000000597.jpg,0,0,0,0.0,63.72199999168515,6627.996629078495,204.68084677419355,47.151587701612904,5.298702522861511
gain_x2.5,exposure_gain,2.5,000000000599.jpg,0,0,0,0.0,77.35260017216206,9921.46190761342,121.73281633906633,14.757371007371006,7.307285503592588
gain_x2.5,exposure_gain,2.5,000000000605.jpg,0,0,0,0.0,89.44670006167144,6675.103091552565,194.991943359375,41.701171875,5.9514492799942555
gain_x2.5,exposure_gain,2.5,000000000612.jpg,0,0,0,0.0,90.14419990126044,8367.317429537869,167.45761067708332,34.87858072916667,6.086254318204579
gain_x2.5,exposure_gain,2.5,000000000620.jpg,0,0,0,0.0,87.73170004133135,1111.2973836140527,186.089052734375,37.15462239583333,5.999706940680758
gain_x2.5,exposure_gain,2.5,000000000623.jpg,1,1,0,0.7871562838554382,90.27120005339384,1981.2484165762562,176.92925333333332,38.6368,5.915535979103806
gain_x2.5,exposure_gain,2.5,000000000625.jpg,3,3,0,2.671584129333496,83.05529993958771,7386.374810162376,199.91433926569508,26.224075112107627,6.547873306642718
gain_x2.5,exposure_gain,2.5,000000000626.jpg,0,0,0,0.0,82.82200002577156,2749.8833165683327,141.945458984375,30.120442708333332,6.011274624558029
gain_x2.5,exposure_gain,2.5,000000000629.jpg,1,1,0,0.9219185709953308,79.04470013454556,7627.751874216397,218.00020491803278,68.21940866510539,3.582219216846143
gain_x2.5,exposure_gain,2.5,000000000634.jpg,5,4,0,2.7457960844039917,78.02260003518313,2328.08664363633,178.59491730093677,52.63392857142857,3.9866371127318216
gain_x2.5,exposure_gain,2.5,000000000636.jpg,0,0,0,0.0,93.6617999104783,2017.676861083603,200.70297200520832,48.3935546875,5.224738902531195
gain_x2.5,exposure_gain,2.5,000000000641.jpg,12,3,1,1.5894348621368408,91.93380002398044,3945.004797465624,219.29668151285045,68.2447429906542,3.494307228411915
gain_x2.5,exposure_gain,2.5,000000000643.jpg,0,0,0,0.0,127.16800009366125,2816.938895697323,196.88989866666665,43.4528,5.607750845409457
gain_x2.5,exposure_gain,2.5,000000000650.jpg,1,1,0,0.48660504817962646,98.95769995637238,1678.2779042957718,215.48580576697893,42.8399443793911,5.409336653057375
gain_x4,exposure_gain,4.0,000000000009.jpg,0,0,0,0.0,121.03300006128848,3173.9745833922916,204.11998372395834,36.492513020833336,5.653649642914479
gain_x4,exposure_gain,4.0,000000000025.jpg,0,0,0,0.0,118.24219999834895,9279.479682485564,219.73687279929578,44.92480927230047,5.295175425722244
gain_x4,exposure_gain,4.0,000000000030.jpg,0,0,0,0.0,114.45939994882792,846.8854190970553,237.74491457359812,69.79519567757009,3.2162711964998643
gain_x4,exposure_gain,4.0,000000000034.jpg,0,0,0,0.0,152.01319998595864,11709.545175034806,216.3306801470588,40.87941176470588,5.2251919744474336
gain_x4,exposure_gain,4.0,000000000036.jpg,1,0,0,0.0,256.04510004632175,2584.1666958913356,247.03220504158003,82.89338617463618,1.9866017727050544
gain_x4,exposure_gain,4.0,000000000042.jpg,0,0,0,0.0,143.45570013392717,1137.266438793136,225.1668279288703,69.58387813807532,3.3891797097134893
gain_x4,exposure_gain,4.0,000000000049.jpg,6,3,2,1.3678851127624512,120.75499992351979,8316.380109353311,235.02712860892387,63.09343832020997,3.761335126420968
gain_x4,exposure_gain,4.0,000000000061.jpg,3,0,0,0.0,99.48190010618418,19624.919505635247,236.0213306864754,79.80788934426229,2.487794461273333
gain_x4,exposure_gain,4.0,000000000064.jpg,2,0,0,0.0,88.57110003009439,4419.219514061387,229.77461263020834,68.03483072916666,3.4643734735662868
gain_x4,exposure_gain,4.0,000000000071.jpg,15,1,0,0.5511224269866943,87.90549996774644,9376.022584081311,234.54361062206573,74.87932805164318,2.9765423784664504
gain_x4,exposure_gain,4.0,000000000072.jpg,0,0,0,0.0,88.53240008465946,9949.711361264128,216.5584418911007,48.51434426229508,5.275789650924522
gain_x4,exposure_gain,4.0,000000000073.jpg,2,0,0,0.0,171.69749992899597,11307.775722060316,235.94696349557523,77.42699115044248,2.564015143577252
gain_x4,exposure_gain,4.0,000000000074.jpg,7,2,0,1.0276969075202942,100.60799994971603,1808.1666950746583,239.16730853873239,85.66424589201877,1.9529923907195093
gain_x4,exposure_gain,4.0,000000000077.jpg,5,3,0,2.015050321817398,105.747300083749,10277.693296622934,222.586224,65.8192,3.7759806443918436
gain_x4,exposure_gain,4.0,000000000078.jpg,0,0,0,0.0,119.08230010885745,916.8238734716184,243.82659180229825,85.17557349737281,1.8308981712611763
gain_x4,exposure_gain,4.0,000000000081.jpg,0,0,0,0.0,85.914799827151,1298.025830882353,247.8976838235294,89.75514705882352,1.297801998047981
gain_x4,exposure_gain,4.0,000000000086.jpg,2,0,1,0.0,112.62859986163676,9319.207621716112,204.91822204589843,61.33911132812499,3.3155830622335087
gain_x4,exposure_gain,4.0,000000000089.jpg,0,0,0,0.0,95.48520005773753,1398.2177871279293,201.29310872395834,57.02897135416667,4.604268458424574
gain_x4,exposure_gain,4.0,000000000092.jpg,0,0,0,0.0,87.06849988084286,1183.107737784431,225.05460333723653,62.66100702576113,3.8045778024505585
gain_x4,exposure_gain,4.0,000000000094.jpg,2,1,6,0.8692825436592102,71.7569999396801,8166.479212452951,230.9942037470726,77.70089285714286,2.7162391233165186
gain_x4,exposure_gain,4.0,000000000109.jpg,5,0,2,0.0,76.40600006561726,10311.571474299784,234.58740234375,65.53485576923077,3.6071689135101894
gain_x4,exposure_gain,4.0,000000000110.jpg,10,3,0,1.730070412158966,89.49960011523217,2078.5220474649645,204.57239583333333,60.88118489583333,4.1703068178994815
gain_x4,exposure_gain,4.0,000000000113.jpg,3,1,0,0.29794609546661377,92.22939994651824,3276.758019996832,227.96361553485576,70.625,3.244243477952838
gain_x4,exposure_gain,4.0,000000000127.jpg,1,0,0,0.0,103.42029994353652,4096.325009122215,187.01698284823286,54.11674896049896,4.506913830777418
gain_x4,exposure_gain,4.0,000000000133.jpg,0,0,0,0.0,109.64280006010085,1030.5674172311997,244.10403645833333,75.490234375,2.7535046257133
gain_x4,exposure_gain,4.0,000000000136.jpg,2,1,0,0.776006817817688,113.4087999816984,1984.848293912866,224.1089090909091,67.30855614973262,3.643836323537549
gain_x4,exposure_gain,4.0,000000000138.jpg,0,0,0,0.0,114.711600006558,5254.291143106458,224.70975403577663,64.85847513089004,3.8603340091804474
gain_x4,exposure_gain,4.0,000000000142.jpg,0,0,0,0.0,102.2711000405252,557.4524596981048,195.31878255208332,54.77994791666667,4.693693328602378
gain_x4,exposure_gain,4.0,000000000143.jpg,0,0,0,0.0,109.54970016609877,0.24198666648888878,254.99873,99.99266666666666,0.004083522383686775
gain_x4,exposure_gain,4.0,000000000144.jpg,0,0,0,0.0,89.88549991045147,17877.85390069299,238.28364908854167,74.64290364583334,3.009002383691878
gain_x4,exposure_gain,4.0,000000000149.jpg,16,1,2,0.2757776975631714,86.49740007240325,3133.0344441991083,241.33687573014018,73.59557535046729,2.8358215206003776
gain_x4,exposure_gain,4.0,000000000151.jpg,1,0,1,0.0,106.43259983044118,4555.273062616942,227.30723958333334,74.52083333333334,3.0030150005771272
gain_x4,exposure_gain,4.0,000000000154.jpg,0,0,0,0.0,149.24609987065196,5667.154728050825,235.79164959016393,68.52605386416862,3.845987816971594
gain_x4,exposure_gain,4.0,000000000164.jpg,0,0,1,0.0,106.8883000407368,2358.1282200986125,239.44798828125,88.01953125,1.5685488983092442
gain_x4,exposure_gain,4.0,000000000165.jpg,2,1,1,0.45971837639808655,143.67349992971867,3627.3030308762754,191.04776993936568,50.12680736940298,4.971538897921032
gain_x4,exposure_gain,4.0,000000000192.jpg,4,3,0,2.031824052333832,92.57269999943674,589.9120605353355,245.73517578125,61.714192708333336,3.6147593433807255
gain_x4,exposure_gain,4.0,000000000194.jpg,0,0,0,0.0,95.8288999972865,1169.2058936921756,231.767431640625,36.853515625,5.240852730013877
gain_x4,exposure_gain,4.0,000000000196.jpg,0,0,0,0.0,105.42659985367209,7390.2516376132535,207.981806640625,42.315755208333336,5.561964172678896
gain_x4,exposure_gain,4.0,000000000201.jpg,2,0,0,0.0,95.20630002953112,9260.43178557995,234.43348422897196,82.68180490654206,2.0909502674562814
gain_x4,exposure_gain,4.0,000000000208.jpg,0,0,1,0.0,93.32400001585484,354.77730432090755,246.66606770833334,78.20930989583333,2.2767723993121414
gain_x4,exposure_gain,4.0,000000000241.jpg,5,3,2,2.2170629501342773,93.69420015718788,4935.604713509358,226.21491536458333,67.404296875,3.8708619806944653
gain_x4,exposure_gain,4.0,000000000247.jpg,6,1,1,0.6904899477958679,121.08450010418892,5385.883840049765,220.18009286556602,70.4484817216981,3.2437921008553157
gain_x4,exposure_gain,4.0,000000000250.jpg,0,0,0,0.0,120.31849985942245,5187.585670201778,214.42701822916666,74.208984375,2.8544873282122993
gain_x4,exposure_gain,4.0,000000000257.jpg,27,7,4,3.4659445881843567,88.22850009892136,6814.640405734211,235.03624348958334,81.62272135416667,2.2469421764726034
gain_x4,exposure_gain,4.0,000000000260.jpg,4,3,0,2.0111518502235413,84.4665999757126,5106.863005165022,193.05277477477478,34.958558558558565,6.199249454261471
gain_x4,exposure_gain,4.0,000000000263.jpg,0,0,0,0.0,105.34999996889383,171.12392610683514,247.34338250846022,83.68284686971236,1.900814659425865
gain_x4,exposure_gain,4.0,000000000283.jpg,0,0,0,0.0,87.1455998858437,1320.3441203391803,225.9941114193925,70.6987441588785,3.223289302057011
gain_x4,exposure_gain,4.0,000000000294.jpg,1,1,0,0.8819588422775269,101.85600002296269,3779.8085010734667,141.39688597775177,33.34052985948478,5.6595272442155045
gain_x4,exposure_gain,4.0,000000000307.jpg,1,0,0,0.0,130.67460001911968,3035.0003542397394,240.24108723958332,43.139322916666664,4.835797098360864
gain_x4,exposure_gain,4.0,000000000308.jpg,7,3,0,2.1587835550308228,86.37639996595681,3704.192183011402,224.5299259096244,70.73283450704226,3.289188275084154
gain_x4,exposure_gain,4.0,000000000309.jpg,0,0,0,0.0,189.23270015511662,7230.009676821727,178.983725,23.074444444444445,6.527645768823566
gain_x4,exposure_gain,4.0,000000000312.jpg,0,0,0,0.0,86.66429982986301,10680.64806544536,217.05327868852459,62.90764051522248,4.271905375505625
gain_x4,exposure_gain,4.0,000000000315.jpg,13,0,1,0.0,81.76560001447797,1787.9766990410233,244.33255635245902,83.06535421545668,2.1527164889356367
gain_x4,exposure_gain,4.0,000000000321.jpg,0,0,0,0.0,88.87920004781336,1352.4087187947166,240.55771158854168,78.5341796875,2.62345917566809
gain_x4,exposure_gain,4.0,000000000322.jpg,1,1,0,0.9420811533927917,94.79579993057996,2595.394867600703,98.04551065488566,1.5131237006237006,7.352079333828203
gain_x4,exposure_gain,4.0,000000000326.jpg,1,1,1,0.5661256909370422,80.40159998927265,1868.9656761986575,74.93269174473068,14.524297423887589,5.998214138162167
gain_x4,exposure_gain,4.0,000000000328.jpg,4,3,1,2.2551934719085693,94.98599986545742,8331.00327637531,190.74269984725052,63.491280549898164,3.0192264928468115
gain_x4,exposure_gain,4.0,000000000332.jpg,0,0,0,0.0,92.29630010668188,1417.2267285151058,238.4915234375,60.97037760416667,3.9685414826347505
gain_x4,exposure_gain,4.0,000000000338.jpg,2,1,1,0.3443874418735504,73.5819999827072,5221.579623540997,215.91286314984708,72.15118501529052,3.101148114375297
gain_x4,exposure_gain,4.0,000000000349.jpg,0,0,0,0.0,89.9745001224801,188.02407526295983,237.92163411458333,70.06640625,3.278792572883187
gain_x4,exposure_gain,4.0,000000000357.jpg,13,8,1,5.058642506599426,58.35420009680092,2728.6690953549046,233.1457998853211,18.51204128440367,4.4266758066968865
gain_x4,exposure_gain,4.0,000000000359.jpg,4,3,0,1.870185226202011,85.74549993500113,4477.755878863369,144.9914578313253,53.142168674698794,2.7147653359759243
gain_x4,exposure_gain,4.0,000000000360.jpg,2,0,0,0.0,93.85219996329397,6710.103930341006,249.052128,93.6048,0.9906550731471346
gain_x4,exposure_gain,4.0,000000000368.jpg,12,1,1,0.6239235997200012,144.1762001486495,23032.643066351313,209.48039388020834,40.27506510416667,5.724932395597362
gain_x4,exposure_gain,4.0,000000000370.jpg,1,1,1,0.7549327611923218,105.08690006099641,409.18142532280814,203.24192708333334,47.319661458333336,5.396058408588109
gain_x4,exposure_gain,4.0,000000000382.jpg,1,1,0,0.8435103297233582,109.5000000204891,1295.837047504584,246.000595703125,80.43098958333333,2.1718255617768856
gain_x4,exposure_gain,4.0,000000000384.jpg,0,0,0,0.0,94.58209993317723,964.4828037309753,209.72592138452916,62.457258968609864,4.288038323655766
gain_x4,exposure_gain,4.0,000000000387.jpg,0,0,0,0.0,100.5148000549525,2453.050287429799,223.41905598958334,49.478515625,4.858023446569498
gain_x4,exposure_gain,4.0,000000000389.jpg,12,4,1,2.274359256029129,144.06540000345558,2736.085907933034,155.5912890625,29.744791666666664,6.491442015275059
gain_x4,exposure_gain,4.0,000000000394.jpg,0,0,0,0.0,199.16919991374016,1825.2058661956428,235.10649549918168,47.229439443535185,4.650726440303175
gain_x4,exposure_gain,4.0,000000000395.jpg,11,4,1,2.706092059612274,129.4320998713374,2026.9990289877003,196.771796875,53.253771551724135,4.866753339609892
gain_x4,exposure_gain,4.0,000000000397.jpg,1,0,0,0.0,97.41940011736006,595.2824291890356,215.39255859375,34.72493489583333,5.789362465747688
gain_x4,exposure_gain,4.0,000000000400.jpg,0,0,2,0.0,130.24310010951012,1670.7324266838646,224.3073961598746,71.64772727272727,3.110299804651694
gain_x4,exposure_gain,4.0,000000000404.jpg,0,0,0,0.0,93.36830012034625,5445.177820846436,231.72853946596243,57.85578051643192,4.174523679452416
gain_x4,exposure_gain,4.0,000000000415.jpg,1,1,0,0.924889087677002,93.82429998368025,888.6942600937801,238.58676444986074,54.93602019498607,3.9757326351245617
gain_x4,exposure_gain,4.0,000000000419.jpg,5,1,0,0.9139401912689209,105.10629997588694,1541.126690657287,241.02436197916666,83.26041666666667,2.1901892428101752
gain_x4,exposure_gain,4.0,000000000428.jpg,1,1,0,0.42246589064598083,95.77709995210171,525.4318972269695,251.8552126736111,94.09505208333333,1.0663768416807544
gain_x4,exposure_gain,4.0,000000000431.jpg,1,1,0,0.714413046836853,95.15680011827499,1256.0586302785496,229.18212162596402,27.088688946015427,5.713569059380565
gain_x4,exposure_gain,4.0,000000000436.jpg,1,1,0,0.8184125423431396,108.15730015747249,1039.3288747255992,192.27438524590164,47.517198477751755,5.290241361526224
gain_x4,exposure_gain,4.0,000000000438.jpg,0,0,0,0.0,92.39889995660633,4096.484318389374,197.454833984375,43.5947265625,5.768625749743069
gain_x4,exposure_gain,4.0,000000000443.jpg,3,1,1,0.5580036044120789,91.14860009867698,954.179509118133,214.004521484375,48.2578125,5.07753959081412
gain_x4,exposure_gain,4.0,000000000446.jpg,1,0,0,0.0,89.84379994217306,2322.18149274186,118.39435546875,17.4775390625,6.735226063206527
gain_x4,exposure_gain,4.0,000000000450.jpg,0,0,0,0.0,91.12379990983754,1170.4555208312565,224.90346354166667,50.401692708333336,4.873272240708502
gain_x4,exposure_gain,4.0,000000000459.jpg,1,1,0,0.8935971260070801,115.0933001190424,1301.3171650069623,186.266917999031,38.44597868217055,5.803963048756177
gain_x4,exposure_gain,4.0,000000000471.jpg,2,0,1,0.0,85.84940002765507,1730.2990583432666,243.3536299765808,81.38283079625293,2.1549944168557507
gain_x4,exposure_gain,4.0,000000000472.jpg,0,0,0,0.0,62.45689990464598,387.05996832519645,241.39124032079647,84.69303097345133,1.7336526847196565
gain_x4,exposure_gain,4.0,000000000474.jpg,1,1,0,0.4145428240299225,105.96640012226999,1403.4262186916285,242.08145945945947,76.81681681681681,3.077399711834688
gain_x4,exposure_gain,4.0,000000000486.jpg,0,0,0,0.0,101.01350012701005,4218.785871342924,223.452868852459,56.15266393442623,4.569058064270185
gain_x4,exposure_gain,4.0,000000000488.jpg,6,3,0,2.221347212791443,86.25980000942945,1755.8516198533928,249.13629926108374,93.40401785714286,1.0350191248517073
gain_x4,exposure_gain,4.0,000000000490.jpg,0,0,0,0.0,122.56159994285554,2823.044656539357,163.4661696969697,29.49858585858586,6.558962646113866
gain_x4,exposure_gain,4.0,000000000491.jpg,0,0,0,0.0,85.75369999743998,1644.9367076999458,230.4427539936102,74.19041533546326,3.013951049523416
gain_x4,exposure_gain,4.0,000000000502.jpg,0,0,0,0.0,87.25820004474372,2351.873191204102,237.61545667447308,84.91290983606558,1.8219432591017157
gain_x4,exposure_gain,4.0,000000000508.jpg,0,0,0,0.0,95.76140018180013,3174.641720467027,221.25022786458334,78.74967447916667,2.3729700483184044
gain_x4,exposure_gain,4.0,000000000510.jpg,2,1,0,0.850240170955658,93.05679984390736,8898.064139361815,229.40705729166666,76.66731770833334,2.714693738981886
gain_x4,exposure_gain,4.0,000000000514.jpg,0,0,0,0.0,77.32539996504784,502.560447847324,204.62898003472222,30.46527777777778,6.138967146254842
gain_x4,exposure_gain,4.0,000000000520.jpg,3,0,0,0.0,93.24730013031512,8408.83051787032,212.50105794270834,76.39388020833333,2.516155517612926
gain_x4,exposure_gain,4.0,000000000529.jpg,3,2,0,0.8930179476737976,83.30409997142851,10240.951790915864,222.11361607142857,67.90654274004683,3.572878507286406
gain_x4,exposure_gain,4.0,000000000531.jpg,11,1,0,0.7001050710678101,85.55650000926107,1416.9657747208912,230.19178059895833,61.071614583333336,4.118730178884798
gain_x4,exposure_gain,4.0,000000000532.jpg,6,3,2,2.084794342517853,85.7533001108095,3022.0440003038934,227.86054036458333,74.8759765625,2.894550030829063
gain_x4,exposure_gain,4.0,000000000536.jpg,3,3,0,2.29791122674942,89.53670016489923,2893.451104798185,214.02320498511904,65.34465348639455,3.5844211197686926
gain_x4,exposure_gain,4.0,000000000540.jpg,19,1,0,0.26632392406463623,82.65789994038641,3461.5948727508653,243.81036397058824,85.52132352941176,1.9043865613276463
gain_x4,exposure_gain,4.0,000000000542.jpg,12,6,0,3.276055693626404,97.15219994541258,4185.904151600197,230.25623385847106,83.2421875,1.6632378176061855
gain_x4,exposure_gain,4.0,000000000544.jpg,13,6,2,3.654413551092148,82.29990000836551,28243.57368186744,201.49110070257612,54.4207406323185,4.920512495275416
gain_x4,exposure_gain,4.0,000000000560.jpg,0,0,0,0.0,85.99469985347241,4003.534948667565,231.95436176142698,66.33291527313267,3.663645749390034
gain_x4,exposure_gain,4.0,000000000562.jpg,0,0,0,0.0,97.2914001904428,21.002777772319952,253.84031841016548,93.41903073286052,1.4614136969820526
gain_x4,exposure_gain,4.0,000000000564.jpg,2,1,0,0.7271568775177002,91.27539990004152,4036.296136537731,107.69951923076923,21.32421875,5.137183120155088
gain_x4,exposure_gain,4.0,000000000569.jpg,1,0,0,0.0,91.92649985197932,4397.89570473565,239.24708658854166,73.1923828125,2.9146061614497345
gain_x4,exposure_gain,4.0,000000000572.jpg,2,0,0,0.0,116.44150002393872,1990.6371325704145,179.93993340163934,23.208796838407494,6.725288290835394
gain_x4,exposure_gain,4.0,000000000575.jpg,0,0,1,0.0,115.83310004789382,37752.73689640791,199.43507858187135,38.70644493177388,5.849167396406285
gain_x4,exposure_gain,4.0,000000000581.jpg,0,0,2,0.0,115.19839998800308,1865.4215086475333,216.4024735729387,67.02367864693446,3.557708363478307
gain_x4,exposure_gain,4.0,000000000584.jpg,0,0,0,0.0,80.99659997969866,2276.9765400374913,206.0846904342723,44.44175469483568,5.182964569289404
gain_x4,exposure_gain,4.0,000000000589.jpg,1,1,0,0.4961479604244232,110.10149994399399,1465.410495375527,107.116533203125,11.003255208333334,6.529288144028511
gain_x4,exposure_gain,4.0,000000000590.jpg,0,0,0,0.0,111.43119994085282,2165.5434275455314,249.60417114914426,96.10904645476772,0.5802334880880975
gain_x4,exposure_gain,4.0,000000000595.jpg,0,0,0,0.0,91.48960001766682,10537.19114209738,236.12535481770834,74.005859375,3.0563633937756567
gain_x4,exposure_gain,4.0,000000000597.jpg,0,0,0,0.0,58.647500118240714,7448.272508187983,226.89217489919355,65.59979838709677,3.871995020378826
gain_x4,exposure_gain,4.0,000000000599.jpg,0,0,0,0.0,80.25630016345531,11566.49249745267,157.6762592137592,29.0390816953317,6.484726474467611
gain_x4,exposure_gain,4.0,000000000605.jpg,0,0,0,0.0,90.63670015893877,5429.731279097992,214.12555338541668,61.799153645833336,4.2532709553269425
gain_x4,exposure_gain,4.0,000000000612.jpg,0,0,0,0.0,103.46569993998855,8354.287937042225,189.334638671875,44.280924479166664,5.398686999222592
gain_x4,exposure_gain,4.0,000000000620.jpg,0,0,0,0.0,94.65599991381168,1049.44093408965,218.41866536458335,59.37011718750001,4.291712580637423
gain_x4,exposure_gain,4.0,000000000623.jpg,1,0,1,0.0,93.78180012572557,2907.2061984920456,202.23780266666665,57.6176,4.288782799378917
gain_x4,exposure_gain,4.0,000000000625.jpg,3,0,0,0.0,86.24610002152622,7113.375914630687,224.20952564461882,54.310538116591935,4.63018469050524
gain_x4,exposure_gain,4.0,000000000626.jpg,0,0,0,0.0,91.76919993478805,2651.23660934177,173.21069986979165,39.4765625,5.355831639217335
gain_x4,exposure_gain,4.0,000000000629.jpg,1,1,0,0.9151578545570374,90.28159989975393,6643.949593264428,230.7083138173302,79.61724238875878,2.4549434968586663
gain_x4,exposure_gain,4.0,000000000634.jpg,5,3,0,2.3232643604278564,88.52470014244318,3024.8851658006874,198.9769394028103,61.7172862997658,3.1173097211854697
gain_x4,exposure_gain,4.0,000000000636.jpg,0,0,0,0.0,92.15619997121394,1976.3514415231919,226.86874674479168,76.103515625,2.803735748906422
gain_x4,exposure_gain,4.0,000000000641.jpg,12,1,2,0.5733490586280823,81.98400004766881,3172.8269226433526,234.6667859228972,79.59331191588785,2.3653148639924457
gain_x4,exposure_gain,4.0,000000000643.jpg,0,0,0,0.0,96.48360009305179,2804.663535197156,221.373024,64.06186666666667,3.8629271580217117
gain_x4,exposure_gain,4.0,000000000650.jpg,1,0,1,0.0,84.08899989444762,1551.5218611337862,244.3638612412178,80.55327868852459,2.581889270081861
